refseqid,ID,uniprotkb,refseqid_v,locus_tag,type,gene,product,ENTREZID,keggid
NP_414543,EBHIBJHK_00619,P00561,NP_414543.1,b0002,CDS,thrA,fused aspartate kinase/homoserine dehydrogenase 1,945803,b0002
NP_414544,EBHIBJHK_00620,P00547,NP_414544.1,b0003,CDS,thrB,homoserine kinase,947498,b0003
NP_414545,EBHIBJHK_00621,P00934,NP_414545.1,b0004,CDS,thrC,threonine synthase,945198,b0004
NP_414546,EBHIBJHK_00622,P75616,NP_414546.1,b0005,CDS,yaaX,DUF2502 domain-containing protein YaaX,944747,b0005
NP_414547,EBHIBJHK_00623,P0A8I3,NP_414547.1,b0006,CDS,yaaA,DNA binding and peroxide stress response protein YaaA,944749,b0006
NP_414548,EBHIBJHK_00624,P30143,NP_414548.1,b0007,CDS,yaaJ,putative transporter YaaJ,944745,b0007
NP_414549,EBHIBJHK_00625,P0A870,NP_414549.1,b0008,CDS,talB,transaldolase B,944748,b0008
NP_414550,EBHIBJHK_00626,P0AF03,NP_414550.1,b0009,CDS,mog,molybdopterin adenylyltransferase,944760,b0009
NP_414551,EBHIBJHK_00627,P0AC98,NP_414551.1,b0010,CDS,satP,acetate/succinate:H(+) symporter,944792,b0010
NP_414552,EBHIBJHK_00628,P75617,NP_414552.1,b0011,CDS,yaaW,putative enzyme-specific chaperone YaaW,944771,b0011
NP_414554,EBHIBJHK_00629,P28696,NP_414554.1,b0013,CDS,yaaI,DUF2541 domain-containing protein YaaI,944751,b0013
NP_414555,EBHIBJHK_00630,P0A6Y8,NP_414555.1,b0014,CDS,dnaK,chaperone protein DnaK,944750,b0014
NP_414556,EBHIBJHK_00631,P08622,NP_414556.1,b0015,CDS,dnaJ,chaperone protein DnaJ,944753,b0015
NP_414559,EBHIBJHK_00632,P33236,NP_414559.1,b0018,CDS,mokC,regulatory protein MokC,944756,b0018
NP_414560,EBHIBJHK_00633,P13738,NP_414560.1,b0019,CDS,nhaA,Na(+):H(+) antiporter NhaA,944758,b0019
NP_414561,EBHIBJHK_00634,P0A9G2,NP_414561.1,b0020,CDS,nhaR,DNA-binding transcriptional activator NhaR,944757,b0020
NP_414563,EBHIBJHK_04639,P0CF07,NP_414563.1,b0022,CDS,insA1,IS1 family protein InsA,948449,b0022
NP_414564,EBHIBJHK_00640,P0A7U7,NP_414564.1,b0023,CDS,rpsT,30S ribosomal subunit protein S20,944759,b0023
NP_414566,EBHIBJHK_00641,P0AG40,NP_414566.1,b0025,CDS,ribF,bifunctional riboflavin kinase/FMN adenylyltransferase,949129,b0025
NP_414567,EBHIBJHK_00642,P00956,NP_414567.1,b0026,CDS,ileS,isoleucine--tRNA ligase,944761,b0026
NP_414568,EBHIBJHK_00643,P00804,NP_414568.1,b0027,CDS,lspA,lipoprotein signal peptidase,944800,b0027
NP_414569,EBHIBJHK_00644,P0AEM0,NP_414569.1,b0028,CDS,fkpB,peptidyl-prolyl cis-trans isomerase FkpB,944807,b0028
NP_414570,EBHIBJHK_00645,P62623,NP_414570.1,b0029,CDS,ispH,4-hydroxy-3-methylbut-2-enyl diphosphate reductase,944777,b0029
NP_414571,EBHIBJHK_00646,P22564,NP_414571.1,b0030,CDS,rihC,ribonucleoside hydrolase RihC,944796,b0030
NP_414572,EBHIBJHK_00648,P04036,NP_414572.1,b0031,CDS,dapB,4-hydroxy-tetrahydrodipicolinate reductase,944762,b0031
NP_414573,EBHIBJHK_00649,P0A6F1,NP_414573.1,b0032,CDS,carA,carbamoyl-phosphate synthetase small subunit,949025,b0032
NP_414574,EBHIBJHK_00650,P00968,NP_414574.1,b0033,CDS,carB,carbamoyl-phosphate synthetase large subunit,944775,b0033
NP_414576,EBHIBJHK_00652,P0AE58,NP_414576.4,b0034,CDS,caiF,DNA-binding transcriptional activator CaiF,944795,b0034
NP_414577,EBHIBJHK_00653,P39206,NP_414577.2,b0035,CDS,caiE,putative transferase CaiE,948999,b0035
NP_414578,EBHIBJHK_00654,P31551,NP_414578.2,b0036,CDS,caiD,crotonobetainyl-CoA hydratase,948995,b0036
NP_414579,EBHIBJHK_00655,P31552,NP_414579.4,b0037,CDS,caiC,carnitine--CoA ligase,944886,b0037
NP_414580,EBHIBJHK_00656,P31572,NP_414580.1,b0038,CDS,caiB,gamma-butyrobetainyl-CoA:carnitine CoA transferase,948997,b0038
NP_414581,EBHIBJHK_00657,P60584,NP_414581.1,b0039,CDS,caiA,crotonobetainyl-CoA reductase,949064,b0039
NP_414582,EBHIBJHK_00658,P31553,NP_414582.1,b0040,CDS,caiT,L-carnitine:gamma-butyrobetaine antiporter,944765,b0040
NP_414583,EBHIBJHK_00659,P60566,NP_414583.2,b0041,CDS,fixA,putative electron transfer flavoprotein FixA,947316,b0041
NP_414584,EBHIBJHK_00660,P31574,NP_414584.1,b0042,CDS,fixB,putative electron transfer flavoprotein FixB,948939,b0042
NP_414585,EBHIBJHK_00661,P68644,NP_414585.1,b0043,CDS,fixC,putative oxidoreductase FixC,948958,b0043
NP_414586,EBHIBJHK_00662,P68646,NP_414586.1,b0044,CDS,fixX,putative ferredoxin FixX,948590,b0044
NP_414587,EBHIBJHK_00663,P31679,NP_414587.1,b0045,CDS,yaaU,putative transporter YaaU,944766,b0045
NP_414588,EBHIBJHK_00664,P0A754,NP_414588.1,b0046,CDS,kefF,regulator of KefC-mediated potassium transport and quinone oxidoreductase,944767,b0046
NP_414589,EBHIBJHK_00665,P03819,NP_414589.1,b0047,CDS,kefC,K(+) : H(+) antiporter KefC,944773,b0047
NP_414590,EBHIBJHK_00666,P0ABQ4,NP_414590.1,b0048,CDS,folA,dihydrofolate reductase,944790,b0048
NP_414591,EBHIBJHK_00669,P05637,NP_414591.1,b0049,CDS,apaH,diadenosine tetraphosphatase,944770,b0049
NP_414592,EBHIBJHK_00670,P62672,NP_414592.1,b0050,CDS,apaG,DUF525 domain-containing protein ApaG,944772,b0050
NP_414593,EBHIBJHK_00671,P06992,NP_414593.1,b0051,CDS,rsmA,"16S rRNA m(6)2A1518,m(6)2A1519 dimethyltransferase",944939,b0051
NP_414594,EBHIBJHK_00672,P19624,NP_414594.1,b0052,CDS,pdxA,4-hydroxythreonine-4-phosphate dehydrogenase,944919,b0052
NP_414595,EBHIBJHK_00673,P0ABZ6,NP_414595.1,b0053,CDS,surA,chaperone SurA,944812,b0053
NP_414596,EBHIBJHK_00674,P31554,NP_414596.1,b0054,CDS,lptD,lipopolysaccharide assembly protein LptD,945011,b0054
NP_414597,EBHIBJHK_00675,P31680,NP_414597.1,b0055,CDS,djlA,co-chaperone protein DjlA,948992,b0055
NP_414600,EBHIBJHK_00677,P0AA37,NP_414600.1,b0058,CDS,rluA,23S rRNA pseudouridine(746) and tRNA pseudouridine(32) synthase,946262,b0058
NP_414601,EBHIBJHK_00678,P60240,NP_414601.1,b0059,CDS,rapA,RNA polymerase-binding ATPase and RNAP recycling factor,948523,b0059
NP_414602,EBHIBJHK_00679,P21189,NP_414602.1,b0060,CDS,polB,DNA polymerase II,944779,b0060
NP_414603,EBHIBJHK_00680,P08203,NP_414603.1,b0061,CDS,araD,L-ribulose-5-phosphate 4-epimerase AraD,945294,b0061
NP_414604,EBHIBJHK_00681,P08202,NP_414604.1,b0062,CDS,araA,L-arabinose isomerase,947511,b0062
NP_414605,EBHIBJHK_00682,P08204,NP_414605.1,b0063,CDS,araB,ribulokinase,946017,b0063
NP_414606,EBHIBJHK_00683,P0A9E0,NP_414606.1,b0064,CDS,araC,DNA-binding transcriptional dual regulator AraC,944780,b0064
NP_414607,EBHIBJHK_00684,P30149,NP_414607.1,b0065,CDS,yabI,DedA family protein YabI,944783,b0065
NP_414608,EBHIBJHK_00685,P31548,NP_414608.1,b0066,CDS,thiQ,thiamine ABC transporter ATP binding subunit,944785,b0066
NP_414609,EBHIBJHK_00686,P31549,NP_414609.1,b0067,CDS,thiP,thiamine ABC transporter membrane subunit,944784,b0067
NP_414610,EBHIBJHK_00687,P31550,NP_414610.1,b0068,CDS,thiB,thiamine ABC transporter periplasmic binding protein,946306,b0068
NP_414611,EBHIBJHK_00688,P33595,NP_414611.1,b0069,CDS,sgrR,DNA-binding transcriptional dual regulator SgrR,944788,b0069
NP_414613,EBHIBJHK_00691,P30126,NP_414613.1,b0071,CDS,leuD,3-isopropylmalate dehydratase subunit LeuD,945642,b0071
NP_414614,EBHIBJHK_00692,P0A6A6,NP_414614.1,b0072,CDS,leuC,3-isopropylmalate dehydratase subunit LeuC,945076,b0072
NP_414615,EBHIBJHK_00693,P30125,NP_414615.4,b0073,CDS,leuB,3-isopropylmalate dehydrogenase,944798,b0073
NP_414616,EBHIBJHK_00694,P09151,NP_414616.1,b0074,CDS,leuA,2-isopropylmalate synthase,947465,b0074
NP_414618,EBHIBJHK_00695,P10151,NP_414618.4,b0076,CDS,leuO,DNA-binding transcriptional dual regulator LeuO,949034,b0076
NP_414620,EBHIBJHK_00697,P00894,NP_414620.1,b0078,CDS,ilvH,"acetolactate synthase/acetohydroxybutanoate synthase, regulatory subunit",947267,b0078
NP_414622,EBHIBJHK_00698,P0ACP1,NP_414622.1,b0080,CDS,cra,DNA-binding transcriptional dual regulator Cra,944804,b0080
NP_414623,EBHIBJHK_00699,P22186,NP_414623.1,b0081,CDS,mraZ,DNA-binding transcriptional repressor MraZ,944810,b0081
NP_414624,EBHIBJHK_00700,P60390,NP_414624.1,b0082,CDS,rsmH,16S rRNA m(4)C1402 methyltransferase,944806,b0082
NP_414625,EBHIBJHK_00701,P0AEN4,NP_414625.1,b0083,CDS,ftsL,cell division protein FtsL,944803,b0083
NP_414626,EBHIBJHK_00702,P0AD68,NP_414626.1,b0084,CDS,ftsI,peptidoglycan DD-transpeptidase FtsI,944799,b0084
NP_414627,EBHIBJHK_00703,P22188,NP_414627.1,b0085,CDS,murE,"UDP-N-acetylmuramoyl-L-alanyl-D-glutamate--2,6-diaminopimelate ligase",944791,b0085
NP_414628,EBHIBJHK_00704,P11880,NP_414628.1,b0086,CDS,murF,D-alanyl-D-alanine-adding enzyme,944813,b0086
NP_414629,EBHIBJHK_00705,P0A6W3,NP_414629.1,b0087,CDS,mraY,phospho-N-acetylmuramoyl-pentapeptide-transferase,944814,b0087
NP_414630,EBHIBJHK_00706,P14900,NP_414630.1,b0088,CDS,murD,UDP-N-acetylmuramoyl-L-alanine--D-glutamate ligase,944818,b0088
NP_414631,EBHIBJHK_00707,P0ABG4,NP_414631.1,b0089,CDS,ftsW,peptidoglycan glycosyltransferase FtsW,946322,b0089
NP_414632,EBHIBJHK_00708,P17443,NP_414632.1,b0090,CDS,murG,N-acetylglucosaminyl transferase,946321,b0090
NP_414633,EBHIBJHK_00709,P17952,NP_414633.1,b0091,CDS,murC,UDP-N-acetylmuramate--L-alanine ligase,946153,b0091
NP_414634,EBHIBJHK_00710,P07862,NP_414634.1,b0092,CDS,ddlB,D-alanine--D-alanine ligase B,946324,b0092
NP_414635,EBHIBJHK_00711,P06136,NP_414635.1,b0093,CDS,ftsQ,cell division protein FtsQ,944823,b0093
NP_414636,EBHIBJHK_00712,P0ABH0,NP_414636.1,b0094,CDS,ftsA,cell division protein FtsA,944778,b0094
NP_414637,EBHIBJHK_00713,P0A9A6,NP_414637.1,b0095,CDS,ftsZ,cell division protein FtsZ,944786,b0095
NP_414638,EBHIBJHK_00714,P0A725,NP_414638.1,b0096,CDS,lpxC,UDP-3-O-acyl-N-acetylglucosamine deacetylase,944816,b0096
NP_414639,EBHIBJHK_00715,P62395,NP_414639.2,b0097,CDS,secM,SecA translation regulator,944831,b0097
NP_414640,EBHIBJHK_00716,P10408,NP_414640.1,b0098,CDS,secA,protein translocation ATPase,944821,b0098
NP_414641,EBHIBJHK_00717,P08337,NP_414641.1,b0099,CDS,mutT,8-oxo-dGTP diphosphatase,944824,b0099
NP_414643,EBHIBJHK_00718,P0A8H8,NP_414643.1,b0101,CDS,yacG,DNA gyrase inhibitor YacG,945630,b0101
NP_414644,EBHIBJHK_00719,P36680,NP_414644.1,b0102,CDS,zapD,cell division factor ZapD,944873,b0102
NP_414645,EBHIBJHK_00720,P0A6I9,NP_414645.1,b0103,CDS,coaE,dephospho-CoA kinase,949060,b0103
NP_414646,EBHIBJHK_00721,P60560,NP_414646.1,b0104,CDS,guaC,GMP reductase,948986,b0104
NP_414648,EBHIBJHK_00722,P36646,NP_414648.1,b0106,CDS,hofC,inner membrane protein HofC,945806,b0106
NP_414649,EBHIBJHK_00723,P36645,NP_414649.1,b0107,CDS,hofB,T2SSE family protein,947481,b0107
NP_414650,EBHIBJHK_00724,P36647,NP_414650.1,b0108,CDS,ppdD,prepilin-type N-terminal cleavage/methylation domain-containing protein PpdD,945817,b0108
NP_414651,EBHIBJHK_00725,P30011,NP_414651.1,b0109,CDS,nadC,quinolinate phosphoribosyltransferase (decarboxylating),948869,b0109
NP_414652,EBHIBJHK_00726,P13016,NP_414652.1,b0110,CDS,ampD,"1,6-anhydro-N-acetylmuramoyl-L-alanine amidase",948877,b0110
NP_414653,EBHIBJHK_00727,P0AE14,NP_414653.1,b0111,CDS,ampE,protein AmpE,946678,b0111
NP_414654,EBHIBJHK_00728,P15993,NP_414654.1,b0112,CDS,aroP,aromatic amino acid:H(+) symporter AroP,946018,b0112
NP_414655,EBHIBJHK_00729,P0ACL9,NP_414655.1,b0113,CDS,pdhR,DNA-binding transcriptional dual regulator PdhR,944827,b0113
NP_414656,EBHIBJHK_00730,P0AFG8,NP_414656.1,b0114,CDS,aceE,pyruvate dehydrogenase E1 component,944834,b0114
NP_414657,EBHIBJHK_00731,P06959,NP_414657.1,b0115,CDS,aceF,"pyruvate dehydrogenase, E2 subunit",944794,b0115
NP_414658,EBHIBJHK_00732,P0A9P0,NP_414658.1,b0116,CDS,lpd,lipoamide dehydrogenase,944854,b0116
NP_414659,EBHIBJHK_00733,P36682,NP_414659.1,b0117,CDS,yacH,DUF3300 domain-containing protein YacH,944868,b0117
NP_414660,EBHIBJHK_00734,P36683,NP_414660.1,b0118,CDS,acnB,AcnB,944864,b0118
NP_414661,EBHIBJHK_00735,P0A8E5,NP_414661.2,b0119,CDS,yacL,PF06062 family protein YacL,944809,b0119
NP_414662,EBHIBJHK_00736,P0A7F6,NP_414662.1,b0120,CDS,speD,S-adenosylmethionine decarboxylase proenzyme,947719,b0120
NP_414663,EBHIBJHK_00737,P09158,NP_414663.1,b0121,CDS,speE,spermidine synthase,947726,b0121
NP_414664,EBHIBJHK_00738,P0AA95,NP_414664.4,b0122,CDS,yacC,putative lipoprotein YacC,948472,b0122
NP_414665,EBHIBJHK_00739,P36649,NP_414665.1,b0123,CDS,cueO,multicopper oxidase CueO,947736,b0123
NP_414666,EBHIBJHK_00740,P15877,NP_414666.1,b0124,CDS,gcd,quinoprotein glucose dehydrogenase,944830,b0124
NP_414667,EBHIBJHK_00741,P0A9M2,NP_414667.4,b0125,CDS,hpt,hypoxanthine phosphoribosyltransferase,946624,b0125
NP_414668,EBHIBJHK_00742,P61517,NP_414668.1,b0126,CDS,can,carbonic anhydrase 2,944832,b0126
NP_414669,EBHIBJHK_00743,P36879,NP_414669.1,b0127,CDS,yadG,putative ABC transporter ATP-binding protein YadG,944833,b0127
NP_414670,EBHIBJHK_00744,P0AFN6,NP_414670.1,b0128,CDS,yadH,putative ABC transporter membrane subunit YadH,944836,b0128
NP_414671,EBHIBJHK_00745,P36881,NP_414671.1,b0129,CDS,yadI,putative PTS enzyme IIA component YadI,947397,b0129
NP_414672,EBHIBJHK_00746,P31666,NP_414672.1,b0130,CDS,yadE,putative polysaccharide deacetylase lipoprotein YadE,946536,b0130
NP_414673,EBHIBJHK_00747,P0A790,NP_414673.1,b0131,CDS,panD,aspartate 1-decarboxylase proenzyme,945686,b0131
NP_414674,EBHIBJHK_00748,P31665,NP_414674.1,b0132,CDS,rpnC,recombination-promoting nuclease RpnC,944781,b0132
NP_414674,EBHIBJHK_00748,P31665,NP_414674.1,b0132,CDS,rpnC,recombination-promoting nuclease RpnC,944781,b0132
NP_414675,EBHIBJHK_00749,P31663,NP_414675.1,b0133,CDS,panC,pantothenate synthetase,944958,b0133
NP_414676,EBHIBJHK_00750,P31057,NP_414676.1,b0134,CDS,panB,3-methyl-2-oxobutanoate hydroxymethyltransferase,944839,b0134
NP_414681,EBHIBJHK_00754,P33129,NP_414681.1,b0139,CDS,htrE,putative fimbrial usher protein HtrE,944819,b0139
NP_414682,EBHIBJHK_00755,P33128,NP_414682.1,b0140,CDS,yadV,putative fimbrial chaperone YadV,944859,b0140
NP_414683,EBHIBJHK_00756,P37050,NP_414683.1,b0141,CDS,yadN,putative fimbrial protein YadN,944841,b0141
NP_414684,EBHIBJHK_00757,P26281,NP_414684.1,b0142,CDS,folK,2-amino-4-hydroxy-6-hydroxymethyldihydropteridine diphosphokinase,948792,b0142
NP_414685,EBHIBJHK_00758,P0ABF1,NP_414685.4,b0143,CDS,pcnB,poly(A) polymerase I,947318,b0143
NP_414686,EBHIBJHK_00759,P27305,NP_414686.3,b0144,CDS,gluQ,glutamyl-Q tRNA(Asp) synthetase,944846,b0144
NP_414687,EBHIBJHK_00760,P0ABS1,NP_414687.1,b0145,CDS,dksA,RNA polymerase-binding transcription factor DksA,944850,b0145
NP_414688,EBHIBJHK_00761,P0A823,NP_414688.1,b0146,CDS,sfsA,sugar fermentation stimulation protein A,944855,b0146
NP_414689,EBHIBJHK_00762,P37025,NP_414689.4,b0147,CDS,thpR,"RNA 2',3'-cyclic phosphodiesterase",944848,b0147
NP_414690,EBHIBJHK_00763,P37024,NP_414690.4,b0148,CDS,hrpB,RNA-dependent NTPase HrpB,944845,b0148
NP_414691,EBHIBJHK_00764,P02919,NP_414691.1,b0149,CDS,mrcB,peptidoglycan glycosyltransferase/peptidoglycan DD-transpeptidase MrcB,944843,b0149
NP_414692,EBHIBJHK_00765,P06971,NP_414692.1,b0150,CDS,fhuA,ferrichrome outer membrane transporter/phage receptor,944856,b0150
NP_414693,EBHIBJHK_00766,P07821,NP_414693.1,b0151,CDS,fhuC,iron(III) hydroxamate ABC transporter ATP binding subunit,945250,b0151
NP_414694,EBHIBJHK_00767,P07822,NP_414694.1,b0152,CDS,fhuD,iron(III) hydroxamate ABC transporter periplasmic binding protein,947510,b0152
NP_414695,EBHIBJHK_00768,P06972,NP_414695.1,b0153,CDS,fhuB,iron(III) hydroxamate ABC transporter membrane subunit,946890,b0153
NP_414696,EBHIBJHK_00769,P23893,NP_414696.1,b0154,CDS,hemL,"glutamate-1-semialdehyde 2,1-aminomutase",946892,b0154
NP_414697,EBHIBJHK_00770,P37019,NP_414697.1,b0155,CDS,clcA,chloride:H(+) antiporter ClcA,946715,b0155
NP_414698,EBHIBJHK_00771,P0ACC3,NP_414698.1,b0156,CDS,erpA,iron-sulfur cluster insertion protein ErpA,944857,b0156
NP_414699,EBHIBJHK_00772,P0AFP0,NP_414699.1,b0157,CDS,yadS,PF03458 family protein YadS,949062,b0157
NP_414700,EBHIBJHK_00773,P37028,NP_414700.1,b0158,CDS,btuF,vitamin B12 ABC transporter periplasmic binding protein,947574,b0158
NP_414701,EBHIBJHK_00774,P0AF12,NP_414701.1,b0159,CDS,mtn,5'-methylthioadenosine/S-adenosylhomocysteine nucleosidase,948542,b0159
NP_414702,EBHIBJHK_00775,P15723,NP_414702.1,b0160,CDS,dgt,dGTP triphosphohydrolase,947177,b0160
NP_414703,EBHIBJHK_00776,P0C0V0,NP_414703.1,b0161,CDS,degP,periplasmic serine endoprotease DegP,947139,b0161
NP_414704,EBHIBJHK_00777,P37047,NP_414704.4,b0162,CDS,cdaR,DNA-binding transcriptional activator CdaR,944860,b0162
NP_414705,EBHIBJHK_00778,P62768,NP_414705.1,b0163,CDS,yaeH,DUF3461 domain-containing protein YaeH,947044,b0163
NP_414708,EBHIBJHK_00779,P0A9D8,NP_414708.1,b0166,CDS,dapD,tetrahydrodipicolinate succinylase,944862,b0166
NP_414709,EBHIBJHK_00780,P27249,NP_414709.1,b0167,CDS,glnD,protein-PII uridylyltransferase/uridylyl-removing enzyme,944863,b0167
NP_414710,EBHIBJHK_00781,P0AE18,NP_414710.1,b0168,CDS,map,methionine aminopeptidase,947882,b0168
NP_414711,EBHIBJHK_00782,P0A7V0,NP_414711.1,b0169,CDS,rpsB,30S ribosomal subunit protein S2,947874,b0169
NP_414712,EBHIBJHK_00783,P0A6P1,NP_414712.1,b0170,CDS,tsf,protein chain elongation factor EF-Ts,944866,b0170
NP_414713,EBHIBJHK_00784,P0A7E9,NP_414713.1,b0171,CDS,pyrH,UMP kinase,944989,b0171
NP_414714,EBHIBJHK_00785,P0A805,NP_414714.1,b0172,CDS,frr,ribosome-recycling factor,946122,b0172
NP_414715,EBHIBJHK_00786,P45568,NP_414715.1,b0173,CDS,dxr,1-deoxy-D-xylulose 5-phosphate reductoisomerase,945019,b0173
NP_414716,EBHIBJHK_00787,P60472,NP_414716.1,b0174,CDS,ispU,"ditrans,polycis-undecaprenyl-diphosphate synthase [(2E,6E)-farnesyl-diphosphate specific",944874,b0174
NP_414717,EBHIBJHK_00789,P0ABG1,NP_414717.2,b0175,CDS,cdsA,CDP-diglyceride synthetase,944876,b0175
NP_414718,EBHIBJHK_00790,P0AEH1,NP_414718.1,b0176,CDS,rseP,intramembrane zinc metalloprotease RseP,944871,b0176
NP_414719,EBHIBJHK_00791,P0A940,NP_414719.1,b0177,CDS,bamA,outer membrane protein assembly factor BamA,944870,b0177
NP_414720,EBHIBJHK_00792,P0AEU7,NP_414720.1,b0178,CDS,skp,periplasmic chaperone Skp,944861,b0178
NP_414721,EBHIBJHK_00793,P21645,NP_414721.1,b0179,CDS,lpxD,UDP-3-O-(3-hydroxymyristoyl)glucosamine N-acyltransferase,944882,b0179
NP_414722,EBHIBJHK_00794,P0A6Q6,NP_414722.1,b0180,CDS,fabZ,3-hydroxy-acyl-[acyl-carrier-protein,944888,b0180
NP_414723,EBHIBJHK_00795,P0A722,NP_414723.1,b0181,CDS,lpxA,acyl-[acyl-carrier-protein,944849,b0181
NP_414724,EBHIBJHK_00796,P10441,NP_414724.1,b0182,CDS,lpxB,lipid A disaccharide synthase,944838,b0182
NP_414725,EBHIBJHK_00797,P10442,NP_414725.1,b0183,CDS,rnhB,RNase HII,944852,b0183
NP_414726,EBHIBJHK_00798,P10443,NP_414726.1,b0184,CDS,dnaE,DNA polymerase III subunit alpha,944877,b0184
NP_414727,EBHIBJHK_00799,P0ABD5,NP_414727.1,b0185,CDS,accA,acetyl-CoA carboxyltransferase subunit alpha,944895,b0185
NP_414728,EBHIBJHK_00800,P52095,NP_414728.1,b0186,CDS,ldcC,lysine decarboxylase 2,944887,b0186
NP_414729,EBHIBJHK_00801,P52096,NP_414729.4,b0187,CDS,yaeR,VOC domain-containing protein YaeR,944875,b0187
NP_414730,EBHIBJHK_00802,P52097,NP_414730.1,b0188,CDS,tilS,tRNA(Ile)-lysidine synthetase,944889,b0188
NP_414731,EBHIBJHK_00803,P0AFW8,NP_414731.2,b0189,CDS,rof,modulator of Rho-dependent transcription termination,944891,b0189
NP_414732,EBHIBJHK_00805,P0AA97,NP_414732.1,b0190,CDS,yaeQ,uncharacterized protein YaeQ,946809,b0190
NP_414733,EBHIBJHK_00806,P40711,NP_414733.1,b0191,CDS,arfB,"peptidyl-tRNA hydrolase, ribosome rescue factor",946046,b0191
NP_414734,EBHIBJHK_00807,P40710,NP_414734.1,b0192,CDS,nlpE,sensor lipoprotein NlpE,946782,b0192
NP_414735,EBHIBJHK_00808,P37056,NP_414735.4,b0193,CDS,yaeF,peptidase C92 family protein YaeF,944892,b0193
NP_414736,EBHIBJHK_00809,P16659,NP_414736.1,b0194,CDS,proS,proline--tRNA ligase,949116,b0194
NP_414737,EBHIBJHK_00810,P28634,NP_414737.1,b0195,CDS,trmO,tRNA m(6)t(6)A37 methyltransferase,949112,b0195
NP_414738,EBHIBJHK_00811,P69411,NP_414738.1,b0196,CDS,rcsF,sensor lipoprotein RcsF,949113,b0196
NP_414739,EBHIBJHK_00812,P28635,NP_414739.1,b0197,CDS,metQ,L-methionine/D-methionine ABC transporter membrane anchored binding protein,944893,b0197
NP_414740,EBHIBJHK_00813,P31547,NP_414740.1,b0198,CDS,metI,L-methionine/D-methionine ABC transporter membrane subunit,944894,b0198
NP_414741,EBHIBJHK_00814,P30750,NP_414741.1,b0199,CDS,metN,L-methionine/D-methionine ABC transporter ATP binding subunit,944896,b0199
NP_414742,EBHIBJHK_00815,P63228,NP_414742.1,b0200,CDS,gmhB,"D-glycero-beta-D-manno-heptose-1,7-bisphosphate 7-phosphatase",944879,b0200
NP_414743,EBHIBJHK_04552,P30863,NP_414743.1,b0207,CDS,dkgB,methylglyoxal reductase DkgB,944901,b0207
NP_414744,EBHIBJHK_04553,P30864,NP_414744.1,b0208,CDS,yafC,DNA-binding transcriptional regulator YafC,947507,b0208
NP_414745,EBHIBJHK_04554,P0A8U2,NP_414745.1,b0209,CDS,yafD,endonuclease/exonuclease/phosphatase domain-containing protein YafD,946286,b0209
NP_414746,EBHIBJHK_04555,P30866,NP_414746.1,b0210,CDS,yafE,putative S-adenosylmethionine-dependent methyltransferase,946197,b0210
NP_414747,EBHIBJHK_04556,P0AEZ7,NP_414747.1,b0211,CDS,mltD,membrane-bound lytic murein transglycosylase D,945694,b0211
NP_414748,EBHIBJHK_04557,P0AC84,NP_414748.1,b0212,CDS,gloB,hydroxyacylglutathione hydrolase GloB,944902,b0212
NP_414749,EBHIBJHK_04558,P75672,NP_414749.2,b0213,CDS,yafS,putative S-adenosyl-L-methionine-dependent methyltransferase,944903,b0213
NP_414750,EBHIBJHK_04559,P0A7Y4,NP_414750.1,b0214,CDS,rnhA,ribonuclease HI,946955,b0214
NP_414751,EBHIBJHK_04560,P03007,NP_414751.1,b0215,CDS,dnaQ,DNA polymerase III subunit epsilon,946441,b0215
NP_414752,EBHIBJHK_04562,P77339,NP_414752.1,b0217,CDS,yafT,lipoprotein YafT,949009,b0217
NP_414754,EBHIBJHK_00999,Q47679,NP_414754.1,b0219,CDS,yafV,2-oxoglutaramate amidase,946585,b0219
NP_414755,EBHIBJHK_01000,P0AD59,NP_414755.1,b0220,CDS,ivy,"periplasmic chaperone, inhibitor of vertebrate C-type lysozyme",946530,b0220
NP_414756,EBHIBJHK_01001,Q47146,NP_414756.2,b0221,CDS,fadE,acyl-CoA dehydrogenase,949007,b0221
NP_414757,EBHIBJHK_01002,P63224,NP_414757.1,b0222,CDS,gmhA,D-sedoheptulose 7-phosphate isomerase,949134,b0222
NP_414758,EBHIBJHK_01003,Q47147,NP_414758.1,b0223,CDS,yafJ,putative glutamine amidotransferase YafJ,944906,b0223
NP_414759,EBHIBJHK_01004,P0AA99,NP_414759.1,b0224,CDS,dpaA,peptidoglycan meso-diaminopimelic acid protein amidase A,944910,b0224
NP_414762,EBHIBJHK_01005,Q47151,NP_414762.1,b0227,CDS,yafL,NlpC/P60 family protein YafL,944899,b0227
NP_414766,EBHIBJHK_01009,Q47155,NP_414766.1,b0231,CDS,dinB,DNA polymerase IV,944922,b0231
NP_414767,EBHIBJHK_01010,Q47156,NP_414767.1,b0232,CDS,yafN,antitoxin YafN,944920,b0232
NP_414768,EBHIBJHK_01011,Q47157,NP_414768.1,b0233,CDS,yafO,ribosome-dependent mRNA interferase toxin YafO,944916,b0233
NP_414769,EBHIBJHK_01012,Q47158,NP_414769.1,b0234,CDS,yafP,putative N-acetyltransferase YafP,944912,b0234
NP_414772,EBHIBJHK_01015,P15288,NP_414772.1,b0237,CDS,pepD,peptidase D,945013,b0237
NP_414773,EBHIBJHK_01016,P0A9M5,NP_414773.1,b0238,CDS,gpt,xanthine-guanine phsophoribosyltransferase,944817,b0238
NP_414774,EBHIBJHK_01017,P04335,NP_414774.1,b0239,CDS,frsA,fermentation-respiration switch protein,946039,b0239
NP_414776,EBHIBJHK_01019,P02932,NP_414776.1,b0241,CDS,phoE,outer membrane porin PhoE,944926,b0241
NP_414777,EBHIBJHK_01020,P0A7B5,NP_414777.1,b0242,CDS,proB,glutamate 5-kinase,946425,b0242
NP_414778,EBHIBJHK_01021,P07004,NP_414778.1,b0243,CDS,proA,glutamate-5-semialdehyde dehydrogenase,946680,b0243
NP_414782,EBHIBJHK_04590,P75676,NP_414782.1,b0248,CDS,yafX,protein YafX,944931,b0248
NP_414786,EBHIBJHK_03236,P77206,NP_414786.4,b0252,CDS,yafZ,DUF932 domain-containing protein YafZ,945373,b0252
NP_414786,EBHIBJHK_04476,P77206,NP_414786.4,b0252,CDS,yafZ,DUF932 domain-containing protein YafZ,945373,b0252
NP_414786,EBHIBJHK_04962,P77206,NP_414786.4,b0252,CDS,yafZ,DUF932 domain-containing protein YafZ,945373,b0252
NP_414786,EBHIBJHK_04589,P77206,NP_414786.4,b0252,CDS,yafZ,DUF932 domain-containing protein YafZ,945373,b0252
NP_414786,EBHIBJHK_04986,P77206,NP_414786.4,b0252,CDS,yafZ,DUF932 domain-containing protein YafZ,945373,b0252
NP_414786,EBHIBJHK_04801,P77206,NP_414786.4,b0252,CDS,yafZ,DUF932 domain-containing protein YafZ,945373,b0252
NP_414798,EBHIBJHK_02609,P0CF26,NP_414798.1,b0264,CDS,insB2,IS1 family protein InsB,947698,b0264
NP_414799,EBHIBJHK_04639,P0CF08,NP_414799.1,b0265,CDS,insA2,IS1 family protein InsA,944946,b0265
NP_414807,EBHIBJHK_04863,P06960,NP_414807.1,b0273,CDS,argF,ornithine carbamoyltransferase ArgF,944844,b0273
NP_414808,EBHIBJHK_02609,P0CF27,NP_414808.1,b0274,CDS,insB3,IS1 family protein InsB,944950,b0274
NP_414809,EBHIBJHK_04639,P0CF09,NP_414809.1,b0275,CDS,insA3,IS1 family protein InsA,944951,b0275
NP_414817,EBHIBJHK_01032,P77183,NP_414817.1,b0283,CDS,paoD,molybdenum cofactor insertion chaperone PaoD,945010,b0283
NP_414818,EBHIBJHK_01033,P77489,NP_414818.1,b0284,CDS,paoC,aldehyde dehydrogenase: molybdenum cofactor-binding subunit,944961,b0284
NP_414819,EBHIBJHK_01034,P77324,NP_414819.1,b0285,CDS,paoB,"aldehyde dehydrogenase, FAD-binding subunit",945710,b0285
NP_414820,EBHIBJHK_01035,P77165,NP_414820.1,b0286,CDS,paoA,"aldehyde dehydrogenase, Fe-S subunit",945330,b0286
NP_414821,EBHIBJHK_01036,P0AAA1,NP_414821.1,b0287,CDS,yagU,DUF1440 domain-containing inner membrane protein YagU,945677,b0287
NP_414823,EBHIBJHK_01037,P77263,NP_414823.2,b0289,CDS,ecpE,putative fimbrial chaperone EcpE,946631,b0289
NP_414824,EBHIBJHK_01038,P77694,NP_414824.1,b0290,CDS,ecpD,fimbrial adhesin EcpD,947349,b0290
NP_414825,EBHIBJHK_01039,P77802,NP_414825.1,b0291,CDS,ecpC,putative fimbrial usher protein EcpC,947606,b0291
NP_414826,EBHIBJHK_01040,P77188,NP_414826.1,b0292,CDS,ecpB,putative fimbrial chaperone EcpB,948806,b0292
NP_414827,EBHIBJHK_01041,P0AAA3,NP_414827.1,b0293,CDS,ecpA,common pilus major subunit,948759,b0293
NP_414828,EBHIBJHK_01042,P71301,NP_414828.1,b0294,CDS,matA,DNA-binding transcriptional dual regulator MatA,944966,b0294
NP_414830,EBHIBJHK_01044,P0A7N1,NP_414830.1,b0296,CDS,ykgM,50S ribosomal subunit protein L31B,944960,b0296
NP_414832,EBHIBJHK_02603,P0CF66,NP_414832.2,b0298,CDS,insE1,IS3 element protein InsE,944952,b0298
NP_414833,EBHIBJHK_02604,P0CF79,NP_414833.1,b0299,CDS,insF1,IS3 element protein InsF,944948,b0299
NP_414833,EBHIBJHK_02604,P0CF79,NP_414833.1,b0299,CDS,insF1,IS3 element protein InsF,944948,b0299
NP_414835,EBHIBJHK_01055,P75685,NP_414835.2,b0301,CDS,rclC,DUF417 domain-containing inner membrane protein RclC,944974,b0301
NP_414838,EBHIBJHK_01056,P77212,NP_414838.2,b0304,CDS,rclA,cupric reductase RclA,946092,b0304
NP_414839,EBHIBJHK_01057,P77379,NP_414839.1,b0305,CDS,rclR,DNA-binding transcriptional activator RclR,945616,b0305
NP_414840,EBHIBJHK_01058,P77252,NP_414840.1,b0306,CDS,ykgE,putative lactate utilization oxidoreductase YkgE,948438,b0306
NP_414840,EBHIBJHK_04734,P77252,NP_414840.1,b0306,CDS,ykgE,putative lactate utilization oxidoreductase YkgE,948438,b0306
NP_414841,EBHIBJHK_01059,P77536,NP_414841.1,b0307,CDS,ykgF,putative amino acid dehydrogenase with NAD(P)-binding domain and ferridoxin-like domain,944980,b0307
NP_414841,EBHIBJHK_04735,P77536,NP_414841.1,b0307,CDS,ykgF,putative amino acid dehydrogenase with NAD(P)-binding domain and ferridoxin-like domain,944980,b0307
NP_414842,EBHIBJHK_01060,P77433,NP_414842.4,b0308,CDS,ykgG,DUF162 domain-containing lactate utilization protein YkgG,945906,b0308
NP_414842,EBHIBJHK_04736,P77433,NP_414842.4,b0308,CDS,ykgG,DUF162 domain-containing lactate utilization protein YkgG,945906,b0308
NP_414844,EBHIBJHK_01061,P77180,NP_414844.1,b0310,CDS,ykgH,uncharacterized protein YkgH,947513,b0310
NP_414845,EBHIBJHK_01062,P17444,NP_414845.1,b0311,CDS,betA,choline dehydrogenase,945716,b0311
NP_414846,EBHIBJHK_01063,P17445,NP_414846.1,b0312,CDS,betB,betaine aldehyde dehydrogenase,947376,b0312
NP_414847,EBHIBJHK_01064,P17446,NP_414847.3,b0313,CDS,betI,DNA-binding transcriptional repressor BetI,944981,b0313
NP_414848,EBHIBJHK_01065,P0ABC9,NP_414848.1,b0314,CDS,betT,choline:H(+) symporter,945079,b0314
NP_414849,EBHIBJHK_01066,P21514,NP_414849.1,b0315,CDS,pdeL,DNA-binding transcriptional regulator/c-di-GMP phosphodiesterase PdeL,947459,b0315
NP_414850,EBHIBJHK_01067,P77700,NP_414850.1,b0316,CDS,yahB,putative LysR-type DNA-binding transcriptional regulator YahB,945278,b0316
NP_414851,EBHIBJHK_01068,P77219,NP_414851.1,b0317,CDS,yahC,uncharacterized protein YahC,947337,b0317
NP_414852,EBHIBJHK_01069,P77736,NP_414852.1,b0318,CDS,yahD,ankyrin repeat-containing protein YahD,947681,b0318
NP_414853,EBHIBJHK_01070,P77297,NP_414853.1,b0319,CDS,yahE,DUF2877 domain-containing protein YahE,947134,b0319
NP_414854,EBHIBJHK_01071,P77187,NP_414854.1,b0320,CDS,yahF,putative acyl-CoA synthetase YahF,947298,b0320
NP_414855,EBHIBJHK_01072,P77221,NP_414855.1,b0321,CDS,yahG,DUF1116 domain-containing protein YahG,945379,b0321
NP_414857,EBHIBJHK_01073,P77624,NP_414857.1,b0323,CDS,yahI,carbamate kinase-like protein YahI,944984,b0323
NP_414858,EBHIBJHK_01074,P77554,NP_414858.1,b0324,CDS,yahJ,amidohydrolase family protein YahJ,944976,b0324
NP_414859,EBHIBJHK_01080,P75691,NP_414859.1,b0325,CDS,yahK,"aldehyde reductase, NADPH-dependent",944975,b0325
NP_414860,EBHIBJHK_01081,P77393,NP_414860.1,b0326,CDS,yahL,uncharacterized protein YahL,944970,b0326
NP_414862,EBHIBJHK_01083,P75693,NP_414862.1,b0328,CDS,yahN,putative amino acid exporter YahN,944968,b0328
NP_414863,EBHIBJHK_01084,P75694,NP_414863.1,b0329,CDS,yahO,DUF1471 domain-containing protein YahO,944985,b0329
NP_414864,EBHIBJHK_01085,P77743,NP_414864.1,b0330,CDS,prpR,DNA-binding transcriptional dual regulator PrpR,944987,b0330
NP_414865,EBHIBJHK_01086,P77541,NP_414865.1,b0331,CDS,prpB,2-methylisocitrate lyase,944990,b0331
NP_414867,EBHIBJHK_01087,P31660,NP_414867.1,b0333,CDS,prpC,2-methylcitrate synthase,947528,b0333
NP_414868,EBHIBJHK_01088,P77243,NP_414868.1,b0334,CDS,prpD,2-methylcitrate dehydratase,945931,b0334
NP_414869,EBHIBJHK_01089,P77495,NP_414869.1,b0335,CDS,prpE,propionyl-CoA synthetase,946891,b0335
NP_414870,EBHIBJHK_01090,P0AA82,NP_414870.1,b0336,CDS,codB,cytosine transporter,944994,b0336
NP_414871,EBHIBJHK_01092,P25524,NP_414871.1,b0337,CDS,codA,cytosine/isoguanine deaminase,944996,b0337
NP_414872,EBHIBJHK_01093,P27111,NP_414872.3,b0338,CDS,cynR,DNA-binding transcriptional dual regulator CynR,945001,b0338
NP_414873,EBHIBJHK_01094,P0ABE9,NP_414873.1,b0339,CDS,cynT,carbonic anhydrase 1,946548,b0339
NP_414874,EBHIBJHK_01095,P00816,NP_414874.1,b0340,CDS,cynS,cyanase,948998,b0340
NP_414875,EBHIBJHK_01096,P17583,NP_414875.1,b0341,CDS,cynX,cyanate transporter,946770,b0341
NP_414876,EBHIBJHK_01097,P07464,NP_414876.1,b0342,CDS,lacA,galactoside O-acetyltransferase,945674,b0342
NP_414877,EBHIBJHK_01098,P02920,NP_414877.1,b0343,CDS,lacY,lactose permease,949083,b0343
NP_414878,EBHIBJHK_01099,P00722,NP_414878.1,b0344,CDS,lacZ,beta-galactosidase,945006,b0344
NP_414879,EBHIBJHK_01100,P03023,NP_414879.3,b0345,CDS,lacI,DNA-binding transcriptional repressor LacI,945007,b0345
NP_414880,EBHIBJHK_01101,P77569,NP_414880.2,b0346,CDS,mhpR,DNA-binding transcriptional activator MhpR,945938,b0346
NP_414881,EBHIBJHK_01102,P77397,NP_414881.1,b0347,CDS,mhpA,3-(3-hydroxyphenyl)propanoate hydroxylase,945197,b0347
NP_414882,EBHIBJHK_01103,P0ABR9,NP_414882.1,b0348,CDS,mhpB,"3-carboxyethylcatechol 2,3-dioxygenase",945047,b0348
NP_414883,EBHIBJHK_01104,P77044,NP_414883.5,b0349,CDS,mhpC,"2-hydroxy-6-ketonona-2,4-dienedioate hydrolase",944954,b0349
NP_414884,EBHIBJHK_01105,P77608,NP_414884.2,b0350,CDS,mhpD,2-hydroxypentadienoate hydratase,944768,b0350
NP_414885,EBHIBJHK_01106,P77580,NP_414885.1,b0351,CDS,mhpF,acetaldehyde dehydrogenase (acetylating) MhpF,945008,b0351
NP_414886,EBHIBJHK_01107,P51020,NP_414886.1,b0352,CDS,mhpE,4-hydroxy-2-oxovalerate aldolase,945012,b0352
NP_414887,EBHIBJHK_01108,P77589,NP_414887.2,b0353,CDS,mhpT,3-hydroxyphenylpropionate/3-hydroxycinnamate:H(+) symporter,944997,b0353
NP_414888,EBHIBJHK_01109,P51024,NP_414888.4,b0354,CDS,yaiL,DUF2058 domain-containing protein YaiL,944993,b0354
NP_414889,EBHIBJHK_01110,P51025,NP_414889.1,b0355,CDS,frmB,S-formylglutathione hydrolase FrmB,944991,b0355
NP_414890,EBHIBJHK_01111,P25437,NP_414890.1,b0356,CDS,frmA,S-(hydroxymethyl)glutathione dehydrogenase,944988,b0356
NP_414891,EBHIBJHK_01112,P0AAP3,NP_414891.4,b0357,CDS,frmR,DNA-binding transcriptional repressor FrmR,944986,b0357
NP_414892,EBHIBJHK_01113,Q47534,NP_414892.1,b0358,CDS,yaiO,outer membrane protein YaiO,945014,b0358
NP_414894,EBHIBJHK_04813,P0CF40,NP_414894.2,b0360,CDS,insC1,IS2 element protein InsA,945025,b0360
NP_414895,EBHIBJHK_03351,P0CF53,NP_414895.1,b0361,CDS,insD1,IS2 element protein,945203,b0361
NP_414895,EBHIBJHK_04814,P0CF53,NP_414895.1,b0361,CDS,insD1,IS2 element protein,945203,b0361
NP_414897,EBHIBJHK_01114,Q47536,NP_414897.1,b0363,CDS,yaiP,putative glucosyltransferase,945308,b0363
NP_414898,EBHIBJHK_01115,P71311,NP_414898.4,b0364,CDS,yaiS,putative deacetylase YaiS,946967,b0364
NP_414899,EBHIBJHK_01116,Q47537,NP_414899.2,b0365,CDS,tauA,taurine ABC transporter periplasmic binding protein,945030,b0365
NP_414900,EBHIBJHK_01117,Q47538,NP_414900.1,b0366,CDS,tauB,taurine ABC transporter ATP binding subunit,945027,b0366
NP_414901,EBHIBJHK_01118,Q47539,NP_414901.1,b0367,CDS,tauC,taurine ABC transporter membrane subunit,945026,b0367
NP_414902,EBHIBJHK_01119,P37610,NP_414902.1,b0368,CDS,tauD,taurine dioxygenase,945021,b0368
NP_414903,EBHIBJHK_01120,P0ACB2,NP_414903.4,b0369,CDS,hemB,porphobilinogen synthase,945017,b0369
NP_414906,EBHIBJHK_02604,P0CF80,NP_414906.1,b0372,CDS,insF2,IS3 element protein InsF,945036,b0372
NP_414906,EBHIBJHK_02604,P0CF80,NP_414906.1,b0372,CDS,insF2,IS3 element protein InsF,945036,b0372
NP_414907,EBHIBJHK_02603,P0CF67,NP_414907.2,b0373,CDS,insE2,IS3 element protein InsE,946900,b0373
NP_414909,EBHIBJHK_01122,P0AAP5,NP_414909.2,b0375,CDS,iprA,putative DNA-binding transcriptional regulator IprA,946902,b0375
NP_414910,EBHIBJHK_01123,P0AD70,NP_414910.1,b0376,CDS,ampH,peptidoglycan DD-carboxypeptidase/peptidoglycan DD-endopeptidase,946904,b0376
NP_414911,EBHIBJHK_01124,P0AFY6,NP_414911.1,b0377,CDS,sbmA,peptide antibiotic/peptide nucleic acid transporter,946884,b0377
NP_414912,EBHIBJHK_01125,P77562,NP_414912.1,b0378,CDS,yaiW,surface-exposed outer membrane lipoprotein,945038,b0378
NP_414913,EBHIBJHK_01126,P0AAP7,NP_414913.1,b0379,CDS,yaiY,DUF2755 domain-containing inner membrane protein YaiY,945223,b0379
NP_414914,EBHIBJHK_01127,P0AAQ0,NP_414914.2,b0380,CDS,yaiZ,DUF2754 domain-containing protein YaiZ,947355,b0380
NP_414915,EBHIBJHK_01128,P0A6J8,NP_414915.1,b0381,CDS,ddlA,D-alanine--D-alanine ligase A,945313,b0381
NP_414916,EBHIBJHK_01129,P0AAN9,NP_414916.1,b0382,CDS,iraP,anti-adaptor protein IraP,947709,b0382
NP_414917,EBHIBJHK_01130,P00634,NP_414917.2,b0383,CDS,phoA,alkaline phosphatase,945041,b0383
NP_414918,EBHIBJHK_01131,P0AFM4,NP_414918.4,b0384,CDS,psiF,phosphate starvation-inducible protein PsiF,945040,b0384
NP_414919,EBHIBJHK_01132,P0AAP1,NP_414919.1,b0385,CDS,dgcC,diguanylate cyclase DgcC,945037,b0385
NP_414920,EBHIBJHK_01133,P0A9L8,NP_414920.1,b0386,CDS,proC,pyrroline-5-carboxylate reductase,945034,b0386
NP_414921,EBHIBJHK_01134,P0A8D3,NP_414921.2,b0387,CDS,yaiI,DUF188 domain-containing protein YaiI,945033,b0387
NP_414922,EBHIBJHK_01135,P0A6E1,NP_414922.1,b0388,CDS,aroL,shikimate kinase 2,945031,b0388
NP_414923,EBHIBJHK_01136,P0AAN5,NP_414923.1,b0389,CDS,yaiA,protein YaiA,945043,b0389
NP_414924,EBHIBJHK_01137,P0AE28,NP_414924.1,b0390,CDS,aroM,protein AroM,945045,b0390
NP_414925,EBHIBJHK_01138,P0C037,NP_414925.1,b0391,CDS,ppnP,nucleoside phosphorylase PpnP,945048,b0391
NP_414927,EBHIBJHK_01140,P36767,NP_414927.1,b0393,CDS,rdgC,nucleoid-associated protein RdgC,948585,b0393
NP_414928,EBHIBJHK_01141,P23917,NP_414928.2,b0394,CDS,mak,fructokinase,949086,b0394
NP_414930,EBHIBJHK_04517,P23910,NP_414930.3,b0396,CDS,araJ,putative transport protein AraJ,949077,b0396
NP_414931,EBHIBJHK_04518,P13458,NP_414931.1,b0397,CDS,sbcC,ATP-dependent structure-specific DNA nuclease - SbcC subunit,949076,b0397
NP_414932,EBHIBJHK_04519,P0AG76,NP_414932.1,b0398,CDS,sbcD,ATP-dependent structure-specific DNA nuclease - SbcD subunit,945049,b0398
NP_414933,EBHIBJHK_04520,P0AFJ5,NP_414933.1,b0399,CDS,phoB,DNA-binding transcriptional dual regulator PhoB,945046,b0399
NP_414934,EBHIBJHK_04521,P08400,NP_414934.1,b0400,CDS,phoR,sensor histidine kinase PhoR,945044,b0400
NP_414935,EBHIBJHK_04522,P0AD99,NP_414935.1,b0401,CDS,brnQ,branched chain amino acid transporter BrnQ,945042,b0401
NP_414936,EBHIBJHK_04523,P0AAE2,NP_414936.1,b0402,CDS,proY,putative transporter ProY,945050,b0402
NP_414937,EBHIBJHK_04524,P21517,NP_414937.2,b0403,CDS,malZ,maltodextrin glucosidase,949131,b0403
NP_414938,EBHIBJHK_04526,P21515,NP_414938.1,b0404,CDS,acpH,acyl carrier protein phosphodiesterase,949132,b0404
NP_414939,EBHIBJHK_04527,P0A7F9,NP_414939.1,b0405,CDS,queA,tRNA preQ1(34) S-adenosylmethionine ribosyltransferase-isomerase,944905,b0405
NP_414940,EBHIBJHK_04528,P0A847,NP_414940.1,b0406,CDS,tgt,tRNA-guanine transglycosylase,949130,b0406
NP_414941,EBHIBJHK_04529,P0ADZ7,NP_414941.1,b0407,CDS,yajC,Sec translocon accessory complex subunit YajC,945374,b0407
NP_414942,EBHIBJHK_04530,P0AG90,NP_414942.1,b0408,CDS,secD,Sec translocon accessory complex subunit SecD,949133,b0408
NP_414943,EBHIBJHK_04531,P0AG93,NP_414943.1,b0409,CDS,secF,Sec translocon accessory complex subunit SecF,949120,b0409
NP_414944,EBHIBJHK_04980,P0AAQ2,NP_414944.1,b0410,CDS,yajD,HNH nuclease family protein YajD,945051,b0410
NP_414945,EBHIBJHK_04979,P0A927,NP_414945.1,b0411,CDS,tsx,nucleoside-specific channel-forming protein Tsx,946242,b0411
NP_414946,EBHIBJHK_04978,P46122,NP_414946.4,b0412,CDS,yajI,putative lipoprotein YajI,947233,b0412
NP_414947,EBHIBJHK_03049,P0A8D0,NP_414947.1,b0413,CDS,nrdR,NrdR transcriptional repressor,947437,b0413
NP_414948,EBHIBJHK_03050,P25539,NP_414948.1,b0414,CDS,ribD,fused diaminohydroxyphosphoribosylaminopyrimidine deaminase/5-amino-6-(5-phosphoribosylamino)uracil reductase,945620,b0414
NP_414949,EBHIBJHK_03051,P61714,NP_414949.1,b0415,CDS,ribE,"6,7-dimethyl-8-ribityllumazine synthase",946453,b0415
NP_414950,EBHIBJHK_03052,P0A780,NP_414950.1,b0416,CDS,nusB,transcription antitermination protein NusB,945054,b0416
NP_414951,EBHIBJHK_03053,P0AGG0,NP_414951.1,b0417,CDS,thiL,thiamine monophosphate kinase,947387,b0417
NP_414952,EBHIBJHK_03054,P18200,NP_414952.1,b0418,CDS,pgpA,phosphatidylglycerophosphatase A,947542,b0418
NP_414953,EBHIBJHK_03056,P77735,NP_414953.2,b0419,CDS,yajO,1-deoxyxylulose-5-phosphate synthase YajO,946903,b0419
NP_414954,EBHIBJHK_03057,P77488,NP_414954.1,b0420,CDS,dxs,1-deoxy-D-xylulose-5-phosphate synthase,945060,b0420
NP_414955,EBHIBJHK_03058,P22939,NP_414955.1,b0421,CDS,ispA,geranyl diphosphate/farnesyl diphosphate synthase,945064,b0421
NP_414956,EBHIBJHK_03059,P0A8G9,NP_414956.1,b0422,CDS,xseB,exodeoxyribonuclease VII subunit XseB,945069,b0422
NP_414957,EBHIBJHK_03060,P77718,NP_414957.1,b0423,CDS,thiI,tRNA uridine 4-sulfurtransferase,945067,b0423
NP_414958,EBHIBJHK_03061,Q46948,NP_414958.4,b0424,CDS,yajL,protein/nucleic acid deglycase 3,945066,b0424
NP_414959,EBHIBJHK_03062,P0A9J4,NP_414959.1,b0425,CDS,panE,2-dehydropantoate 2-reductase,945065,b0425
NP_414960,EBHIBJHK_03063,P0A8E7,NP_414960.2,b0426,CDS,yajQ,nucleotide binding protein YajQ,945063,b0426
NP_414961,EBHIBJHK_03064,P77726,NP_414961.4,b0427,CDS,yajR,putative transport protein YajR,945058,b0427
NP_414962,EBHIBJHK_03065,P0AEA5,NP_414962.1,b0428,CDS,cyoE,heme O synthase,945073,b0428
NP_414963,EBHIBJHK_03066,P0ABJ6,NP_414963.1,b0429,CDS,cyoD,cytochrome bo3 subunit 4,944918,b0429
NP_414964,EBHIBJHK_03067,P0ABJ3,NP_414964.1,b0430,CDS,cyoC,cytochrome bo3 subunit 3,946897,b0430
NP_414965,EBHIBJHK_03068,P0ABI8,NP_414965.1,b0431,CDS,cyoB,cytochrome bo3 subunit 1,945615,b0431
NP_414966,EBHIBJHK_03069,P0ABJ1,NP_414966.1,b0432,CDS,cyoA,cytochrome bo3 subunit 2,945080,b0432
NP_414967,EBHIBJHK_03070,P0AE16,NP_414967.1,b0433,CDS,ampG,muropeptide:H(+) symporter,946438,b0433
NP_414968,EBHIBJHK_03071,P0ADA5,NP_414968.4,b0434,CDS,yajG,putative lipoprotein YajG,945521,b0434
NP_414969,EBHIBJHK_03072,P0ABE2,NP_414969.4,b0435,CDS,bolA,DNA-binding transcriptional dual regulator BolA,947043,b0435
NP_414970,EBHIBJHK_03073,P0A850,NP_414970.1,b0436,CDS,tig,trigger factor,945081,b0436
NP_414971,EBHIBJHK_03074,P0A6G7,NP_414971.1,b0437,CDS,clpP,ATP-dependent Clp protease proteolytic subunit,945082,b0437
NP_414972,EBHIBJHK_03075,P0A6H1,NP_414972.1,b0438,CDS,clpX,ATP-dependent Clp protease ATP-binding subunit ClpX,945083,b0438
NP_414973,EBHIBJHK_03076,P0A9M0,NP_414973.1,b0439,CDS,lon,Lon protease,945085,b0439
NP_414974,EBHIBJHK_03077,P0ACF4,NP_414974.1,b0440,CDS,hupB,DNA-binding protein HU-beta,949095,b0440
NP_414975,EBHIBJHK_03078,P0ADY1,NP_414975.1,b0441,CDS,ppiD,periplasmic folding chaperone,946056,b0441
NP_414976,EBHIBJHK_03079,P0AAR8,NP_414976.1,b0442,CDS,ybaV,helix-hairpin-helix 3 family protein,945884,b0442
NP_414977,EBHIBJHK_03080,P77712,NP_414977.1,b0443,CDS,fadM,long-chain acyl-CoA thioesterase FadM,945812,b0443
NP_414978,EBHIBJHK_03081,P77756,NP_414978.1,b0444,CDS,queC,7-cyano-7-deazaguanine synthase,947034,b0444
NP_414984,EBHIBJHK_03083,P0AC55,NP_414984.1,b0450,CDS,glnK,nitrogen regulatory protein PII-2,945087,b0450
NP_414985,EBHIBJHK_03084,P69681,NP_414985.1,b0451,CDS,amtB,ammonium transporter,945084,b0451
NP_414986,EBHIBJHK_03085,P0AGG2,NP_414986.1,b0452,CDS,tesB,acyl-CoA thioesterase II,945074,b0452
NP_414987,EBHIBJHK_03086,P77717,NP_414987.3,b0453,CDS,ybaY,PF09619 family lipoprotein YbaY,945070,b0453
NP_414988,EBHIBJHK_03087,P0AFP2,NP_414988.1,b0454,CDS,ybaZ,DNA base-flipping protein,945094,b0454
NP_414989,EBHIBJHK_03088,P0AAQ6,NP_414989.1,b0456,CDS,ybaA,DUF1428 domain-containing protein YbaA,948863,b0456
NP_414990,EBHIBJHK_03089,P77473,NP_414990.2,b0457,CDS,pdeB,c-di-GMP phosphodiesterase PdeB,948951,b0457
NP_414991,EBHIBJHK_03090,P0AAS0,NP_414991.4,b0458,CDS,ylaC,putative inner membrane protein,948876,b0458
NP_414992,EBHIBJHK_03091,P77791,NP_414992.1,b0459,CDS,maa,maltose O-acetyltransferase,945096,b0459
NP_414993,EBHIBJHK_03092,P0ACE3,NP_414993.1,b0460,CDS,hha,hemolysin expression-modulating protein Hha,945098,b0460
NP_414994,EBHIBJHK_03093,P0AAR0,NP_414994.1,b0461,CDS,tomB,Hha toxicity modulator TomB,945106,b0461
NP_414995,EBHIBJHK_03094,P31224,NP_414995.1,b0462,CDS,acrB,multidrug efflux pump RND permease AcrB,945108,b0462
NP_414996,EBHIBJHK_03095,P0AE06,NP_414996.1,b0463,CDS,acrA,multidrug efflux pump membrane fusion lipoprotein AcrA,945112,b0463
NP_414997,EBHIBJHK_03096,P0ACS9,NP_414997.1,b0464,CDS,acrR,DNA-binding transcriptional repressor AcrR,945516,b0464
NP_414998,EBHIBJHK_03097,P77338,NP_414998.1,b0465,CDS,mscK,"potassium dependent, small conductance mechanosensitive channel",945132,b0465
NP_414999,EBHIBJHK_03098,P45807,NP_414999.1,b0466,CDS,ybaM,DUF2496 domain-containing protein YbaM,945144,b0466
NP_415000,EBHIBJHK_03099,P23862,NP_415000.1,b0467,CDS,priC,primosomal replication protein N'',945071,b0467
NP_415001,EBHIBJHK_03100,P0AAR5,NP_415001.1,b0468,CDS,ybaN,DUF454 domain-containing inner membrane protein YbaN,945558,b0468
NP_415002,EBHIBJHK_03101,P69503,NP_415002.1,b0469,CDS,apt,adenine phosphoribosyltransferase,945113,b0469
NP_415003,EBHIBJHK_03102,P06710,NP_415003.1,b0470,CDS,dnaX,DNA polymerase III subunit tau,945105,b0470
NP_415004,EBHIBJHK_03103,P0A8B5,NP_415004.1,b0471,CDS,ybaB,putative nucleoid-associated protein YbaB,945104,b0471
NP_415005,EBHIBJHK_03104,P0A7H6,NP_415005.1,b0472,CDS,recR,recombination mediator protein RecR,945100,b0472
NP_415006,EBHIBJHK_03105,P0A6Z3,NP_415006.1,b0473,CDS,htpG,chaperone protein HtpG,945099,b0473
NP_415007,EBHIBJHK_03106,P69441,NP_415007.1,b0474,CDS,adk,adenylate kinase,945097,b0474
NP_415008,EBHIBJHK_03107,P23871,NP_415008.1,b0475,CDS,hemH,ferrochelatase,947532,b0475
NP_415009,EBHIBJHK_03108,P23872,NP_415009.1,b0476,CDS,aes,acetylesterase,947514,b0476
NP_415010,EBHIBJHK_03109,P0AEW6,NP_415010.1,b0477,CDS,gsk,inosine/guanosine kinase,946584,b0477
NP_415011,EBHIBJHK_04888,P39830,NP_415011.1,b0478,CDS,ybaL,putative transporter YbaL,946576,b0478
NP_415012,EBHIBJHK_04889,P52067,NP_415012.1,b0479,CDS,fsr,fosmidomycin efflux pump,945119,b0479
NP_415013,EBHIBJHK_04890,P07024,NP_415013.1,b0480,CDS,ushA,5'-nucleotidase/UDP-sugar hydrolase,947331,b0480
NP_415014,EBHIBJHK_04891,P0AAR3,NP_415014.1,b0481,CDS,ybaK,Cys-tRNA(Pro)/Cys-tRNA(Cys) deacylase YbaK,947083,b0481
NP_415015,EBHIBJHK_04892,P77301,NP_415015.1,b0482,CDS,ybaP,TraB family protein YbaP,945124,b0482
NP_415017,EBHIBJHK_03724,Q59385-1,NP_415017.1,b0484,CDS,copA,Cu(+) exporting P-type ATPase,946106,b0484
NP_415018,EBHIBJHK_03725,P77454,NP_415018.1,b0485,CDS,glsA,glutaminase 1,946187,b0485
NP_415019,EBHIBJHK_03726,P77400,NP_415019.1,b0486,CDS,ybaT,putative transporter YbaT,945363,b0486
NP_415020,EBHIBJHK_03731,P0A9G4,NP_415020.1,b0487,CDS,cueR,DNA-binding transcriptional dual regulator CueR,945332,b0487
NP_415021,EBHIBJHK_03736,P0AAS3,NP_415021.2,b0488,CDS,ybbJ,NfeD-like family protein YbbJ,945126,b0488
NP_415022,EBHIBJHK_03737,P0AA53,NP_415022.1,b0489,CDS,qmcA,PHB domain-containing protein QmcA,947257,b0489
NP_415023,EBHIBJHK_03738,P77279,NP_415023.1,b0490,CDS,fetA,putative iron ABC exporter ATP-binding subunit FetA,946990,b0490
NP_415024,EBHIBJHK_03739,P77307,NP_415024.4,b0491,CDS,fetB,putative iron ABC exporter membrane subunit FetB,945137,b0491
NP_415025,EBHIBJHK_03740,P77395,NP_415025.4,b0492,CDS,cnoX,chaperedoxin,947119,b0492
NP_415026,EBHIBJHK_03741,P0AFP4,NP_415026.1,b0493,CDS,ybbO,NADP(+)-dependent aldehyde reductase YbbO,945337,b0493
NP_415027,EBHIBJHK_03742,P0ADA1,NP_415027.1,b0494,CDS,tesA,multifunctional acyl-CoA thioesterase I and protease I and lysophospholipase L1,945127,b0494
NP_415028,EBHIBJHK_03743,P0A9T8,NP_415028.1,b0495,CDS,ybbA,putative ABC transporter ATP-binding protein YbbA,945122,b0495
NP_415029,EBHIBJHK_03744,P77504,NP_415029.1,b0496,CDS,ybbP,putative ABC transporter membrane subunit YbbP,945118,b0496
NP_415030,EBHIBJHK_04345,P16919,NP_415030.1,b0497,CDS,rhsD,protein RhsD,945116,b0497
NP_415030,EBHIBJHK_00994,P16919,NP_415030.1,b0497,CDS,rhsD,protein RhsD,945116,b0497
NP_415036,EBHIBJHK_01450,P33667,NP_415036.1,b0503,CDS,selU,tRNA 2-selenouridine synthase,947063,b0503
NP_415037,EBHIBJHK_01449,P0ACR0,NP_415037.1,b0504,CDS,allS,DNA-binding transcriptional activator AllS,945139,b0504
NP_415038,EBHIBJHK_01448,P77731,NP_415038.1,b0505,CDS,allA,ureidoglycolate lyase,945141,b0505
NP_415039,EBHIBJHK_01447,P0ACN4,NP_415039.1,b0506,CDS,allR,DNA-binding transcriptional repressor AllR,945333,b0506
NP_415040,EBHIBJHK_01446,P0AEP7,NP_415040.1,b0507,CDS,gcl,glyoxylate carboligase,945394,b0507
NP_415041,EBHIBJHK_01445,P30147,NP_415041.1,b0508,CDS,hyi,hydroxypyruvate isomerase,946186,b0508
NP_415042,EBHIBJHK_01444,P77161,NP_415042.1,b0509,CDS,glxR,tartronate semialdehyde reductase 2,945146,b0509
NP_415044,EBHIBJHK_01443,P75712,NP_415044.4,b0511,CDS,ybbW,putative allantoin transporter,945138,b0511
NP_415045,EBHIBJHK_01442,P77671,NP_415045.1,b0512,CDS,allB,allantoinase,945134,b0512
NP_415046,EBHIBJHK_01441,P77328,NP_415046.4,b0513,CDS,ybbY,putative purine transporter,945131,b0513
NP_415047,EBHIBJHK_01440,P77364,NP_415047.1,b0514,CDS,glxK,glycerate 2-kinase 2,945129,b0514
NP_415048,EBHIBJHK_01439,P75713,NP_415048.1,b0515,CDS,allE,(S)-ureidoglycine aminohydrolase,945149,b0515
NP_415049,EBHIBJHK_01438,P77425,NP_415049.1,b0516,CDS,allC,allantoate amidohydrolase,945150,b0516
NP_415050,EBHIBJHK_01436,P77555,NP_415050.1,b0517,CDS,allD,ureidoglycolate dehydrogenase,948342,b0517
NP_415051,EBHIBJHK_01435,Q47208,NP_415051.1,b0518,CDS,fdrA,putative oxamate carbamoyltransferase FdrA,946298,b0518
NP_415053,EBHIBJHK_01433,P0AAS5,NP_415053.1,b0520,CDS,ylbF,DUF2877 domain-containing protein YlbF,945195,b0520
NP_415054,EBHIBJHK_01432,P37306,NP_415054.1,b0521,CDS,ybcF,putative carbamate kinase,944972,b0521
NP_415055,EBHIBJHK_01431,P09029,NP_415055.1,b0522,CDS,purK,5-(carboxyamino)imidazole ribonucleotide synthase,945153,b0522
NP_415056,EBHIBJHK_01430,P0AG18,NP_415056.1,b0523,CDS,purE,N(5)-carboxyaminoimidazole ribonucleotide mutase,949031,b0523
NP_415057,EBHIBJHK_01429,P43341,NP_415057.1,b0524,CDS,lpxH,"UDP-2,3-diacylglucosamine diphosphatase",949053,b0524
NP_415058,EBHIBJHK_01428,P23869,NP_415058.1,b0525,CDS,ppiB,peptidyl-prolyl cis-trans isomerase B,949038,b0525
NP_415059,EBHIBJHK_01427,P21888,NP_415059.1,b0526,CDS,cysS,cysteine--tRNA ligase,946969,b0526
NP_415060,EBHIBJHK_01426,P45570,NP_415060.1,b0527,CDS,ybcI,PF04307 family inner membrane protein YbcI,945155,b0527
NP_415061,EBHIBJHK_01425,P0AAS7,NP_415061.2,b0528,CDS,ybcJ,putative RNA-binding protein YbcJ,945158,b0528
NP_415062,EBHIBJHK_01424,P24186,NP_415062.1,b0529,CDS,folD,bifunctional methylenetetrahydrofolate dehydrogenase/methenyltetrahydrofolate cyclohydrolase,945221,b0529
NP_415063,EBHIBJHK_01423,P0ABW5,NP_415063.4,b0530,CDS,sfmA,putative fimbrial protein SfmA,945522,b0530
NP_415064,EBHIBJHK_01422,P77249,NP_415064.1,b0531,CDS,sfmC,putative fimbrial chaperone SfmC,945367,b0531
NP_415065,EBHIBJHK_01421,P77468,NP_415065.1,b0532,CDS,sfmD,putative fimbrial usher protein SfmD,945160,b0532
NP_415066,EBHIBJHK_01420,P75715,NP_415066.2,b0533,CDS,sfmH,putative fimbrial adhesin protein SfmH,945407,b0533
NP_415067,EBHIBJHK_01419,P38052,NP_415067.1,b0534,CDS,sfmF,putative fimbrial protein SfmF,944977,b0534
NP_415068,EBHIBJHK_01418,P0AEL8,NP_415068.1,b0535,CDS,fimZ,putative LuxR family transcriptional regulator FimZ,947079,b0535
NP_415072,EBHIBJHK_02603,P0CF68,NP_415072.2,b0540,CDS,insE3,IS3 element protein InsE,945759,b0540
NP_415073,EBHIBJHK_02604,P0CF81,NP_415073.1,b0541,CDS,insF3,IS3 element protein InsF,947988,b0541
NP_415073,EBHIBJHK_02604,P0CF81,NP_415073.1,b0541,CDS,insF3,IS3 element protein InsF,947988,b0541
NP_415075,EBHIBJHK_00026,P23895,NP_415075.1,b0543,CDS,emrE,multidrug/betaine/choline efflux transporter EmrE,948442,b0543
NP_415077,EBHIBJHK_00027,P77368,NP_415077.1,b0545,CDS,ybcL,periplasmic protein YbcL,945165,b0545
NP_415078,EBHIBJHK_00028,P77634,NP_415078.1,b0546,CDS,ybcM,putative DNA-binding transcriptional regulator,945163,b0546
NP_415081,EBHIBJHK_03936,P68661,NP_415081.1,b0549,CDS,ybcO,putative nuclease YbcO,945147,b0549
NP_415081,EBHIBJHK_00854,P68661,NP_415081.1,b0549,CDS,ybcO,putative nuclease YbcO,945147,b0549
NP_415088,EBHIBJHK_03942,P75719,NP_415088.1,b0556,CDS,rzpD,putative prophage endopeptidase RzpD,945929,b0556
NP_415092,EBHIBJHK_04606,P31062,NP_415092.1,b0560,CDS,nohD,putative DNA-packaging protein NohD,945172,b0560
NP_415098,EBHIBJHK_01416,P10805,NP_415098.1,b0566,CDS,envY,DNA-binding transcriptional activator EnvY,949114,b0566
NP_415099,EBHIBJHK_01415,P37325,NP_415099.1,b0567,CDS,ybcH,putative exopolysaccharide secretion system auxiliary component,945186,b0567
NP_415100,EBHIBJHK_01414,P31600,NP_415100.1,b0568,CDS,nfrA,exopolysaccharide secretion system outer membrane protein NfrA,944741,b0568
NP_415101,EBHIBJHK_01412,P0AFA5,NP_415101.1,b0569,CDS,nfrB,"cyclic di-3',5'-guanylate-activated glycosyltransferase",945849,b0569
NP_415102,EBHIBJHK_01399,P77485,NP_415102.1,b0570,CDS,cusS,sensor histidine kinase CusS,945978,b0570
NP_415103,EBHIBJHK_01398,P0ACZ8,NP_415103.1,b0571,CDS,cusR,DNA-binding transcriptional activator CusR,945003,b0571
NP_415104,EBHIBJHK_01397,P77211,NP_415104.1,b0572,CDS,cusC,copper/silver export system outer membrane channel,946288,b0572
NP_415105,EBHIBJHK_01396,P77214,NP_415105.1,b0573,CDS,cusF,copper/silver export system periplasmic binding protein,945188,b0573
NP_415106,EBHIBJHK_01395,P77239,NP_415106.1,b0574,CDS,cusB,copper/silver export system membrane fusion protein,945189,b0574
NP_415107,EBHIBJHK_01394,P38054,NP_415107.1,b0575,CDS,cusA,copper/silver export system RND permease,945191,b0575
NP_415108,EBHIBJHK_01393,P24207,NP_415108.1,b0576,CDS,pheP,phenylalanine:H(+) symporter PheP,945199,b0576
NP_415109,EBHIBJHK_01392,P0AAT4,NP_415109.1,b0577,CDS,ybdG,miniconductance mechanosensitive channel YbdG,946243,b0577
NP_415110,EBHIBJHK_01391,P38489,NP_415110.1,b0578,CDS,nfsB,NAD(P)H-dependent nitroreductase NfsB,945778,b0578
NP_415111,EBHIBJHK_01390,P0AAT2,NP_415111.1,b0579,CDS,ybdF,PF04237 family protein YbdF,948302,b0579
NP_415112,EBHIBJHK_01389,P77506,NP_415112.1,b0580,CDS,ybdJ,DUF1158 domain-containing protein YbdJ,947183,b0580
NP_415113,EBHIBJHK_01388,P77213,NP_415113.1,b0581,CDS,ybdK,putative glutamate--cysteine ligase 2,947246,b0581
NP_415115,EBHIBJHK_01385,P19925,NP_415115.2,b0583,CDS,entD,phosphopantetheinyl transferase EntD,945194,b0583
NP_415116,EBHIBJHK_01384,P05825,NP_415116.1,b0584,CDS,fepA,ferric enterobactin outer membrane transporter,945193,b0584
NP_415117,EBHIBJHK_01383,P13039,NP_415117.2,b0585,CDS,fes,ferric enterobactin esterase,945181,b0585
NP_415118,EBHIBJHK_01381,P11454,NP_415118.1,b0586,CDS,entF,apo-serine activating enzyme,945184,b0586
NP_415119,EBHIBJHK_01380,P26266,NP_415119.1,b0587,CDS,fepE,polysaccharide co-polymerase family protein FepE,945180,b0587
NP_415120,EBHIBJHK_01379,P23878,NP_415120.1,b0588,CDS,fepC,ferric enterobactin ABC transporter ATP binding subunit,945201,b0588
NP_415121,EBHIBJHK_01378,P23877,NP_415121.1,b0589,CDS,fepG,ferric enterobactin ABC transporter membrane subunit FepG,945209,b0589
NP_415122,EBHIBJHK_01377,P23876,NP_415122.1,b0590,CDS,fepD,ferric enterobactin ABC transporter membrane subunit FebD,945214,b0590
NP_415123,EBHIBJHK_01376,P24077,NP_415123.1,b0591,CDS,entS,enterobactin exporter EntS,946268,b0591
NP_415124,EBHIBJHK_01375,P0AEL6,NP_415124.1,b0592,CDS,fepB,ferric enterobactin ABC transporter periplasmic binding protein,947538,b0592
NP_415125,EBHIBJHK_01374,P0AEJ2,NP_415125.1,b0593,CDS,entC,isochorismate synthase EntC,945511,b0593
NP_415126,EBHIBJHK_01373,P10378,NP_415126.1,b0594,CDS,entE,"2,3-dihydroxybenzoate-AMP ligase",947426,b0594
NP_415127,EBHIBJHK_01372,P0ADI4,NP_415127.1,b0595,CDS,entB,enterobactin synthase component B,946178,b0595
NP_415128,EBHIBJHK_01371,P15047,NP_415128.1,b0596,CDS,entA,"2,3-dihydro-2,3-dihydroxybenzoate dehydrogenase",945284,b0596
NP_415129,EBHIBJHK_01370,P0A8Y8,NP_415129.1,b0597,CDS,entH,proofreading thioesterase in enterobactin biosynthesis,945215,b0597
NP_415130,EBHIBJHK_01369,P15078,NP_415130.1,b0598,CDS,cstA,pyruvate transporter CstA,945213,b0598
NP_415132,EBHIBJHK_01367,P45579,NP_415132.1,b0599,CDS,hcxA,hydroxycarboxylate dehydrogenase A,945212,b0599
NP_415133,EBHIBJHK_01366,P77806,NP_415133.1,b0600,CDS,ybdL,methionine transaminase,945211,b0600
NP_415134,EBHIBJHK_01365,P77174,NP_415134.1,b0601,CDS,ybdM,ParB-like nuclease domain-containing protein YbdM,945206,b0601
NP_415135,EBHIBJHK_01364,P77216,NP_415135.1,b0602,CDS,ybdN,putative PAPS reductase/DUF3440 domain-containing protein YbdN,945205,b0602
NP_415136,EBHIBJHK_01363,P77746,NP_415136.1,b0603,CDS,ybdO,putative LysR family DNA-binding transcriptional regulator YbdO,945216,b0603
NP_415137,EBHIBJHK_01362,P77202,NP_415137.2,b0604,CDS,dsbG,protein sulfenic acid reductase and chaperone DsbG,945224,b0604
NP_415138,EBHIBJHK_01361,P0AE08,NP_415138.1,b0605,CDS,ahpC,"alkyl hydroperoxide reductase, AhpC component",945225,b0605
NP_415139,EBHIBJHK_01360,P35340,NP_415139.2,b0606,CDS,ahpF,"alkyl hydroperoxide reductase, AhpF component",947540,b0606
NP_415140,EBHIBJHK_01359,P39177,NP_415140.1,b0607,CDS,uspG,universal stress protein G,945229,b0607
NP_415143,EBHIBJHK_01358,P0AFW4,NP_415143.1,b0610,CDS,rnk,nucleoside diphosphate kinase regulator,947546,b0610
NP_415144,EBHIBJHK_01357,P21338,NP_415144.1,b0611,CDS,rna,RNase I,949065,b0611
NP_415145,EBHIBJHK_01356,P0AE74,NP_415145.1,b0612,CDS,citT,citrate:succinate antiporter,949070,b0612
NP_415146,EBHIBJHK_01355,P77231,NP_415146.1,b0613,CDS,citG,triphosphoribosyl-dephospho-CoA synthase,946395,b0613
NP_415147,EBHIBJHK_01354,P0A6G5,NP_415147.1,b0614,CDS,citX,apo-citrate lyase phosphoribosyl-dephospho-CoA transferase,949084,b0614
NP_415148,EBHIBJHK_01353,P75726,NP_415148.1,b0615,CDS,citF,citrate lyase alpha subunit,945230,b0615
NP_415149,EBHIBJHK_01352,P0A9I1,NP_415149.4,b0616,CDS,citE,citrate lyase beta subunit,945406,b0616
NP_415150,EBHIBJHK_01351,P69330,NP_415150.1,b0617,CDS,citD,citrate lyase acyl carrier protein,945415,b0617
NP_415151,EBHIBJHK_01350,P77390,NP_415151.4,b0618,CDS,citC,citrate lyase synthetase,945231,b0618
NP_415152,EBHIBJHK_01349,P77510,NP_415152.1,b0619,CDS,dpiB,sensor histidine kinase DpiB,945233,b0619
NP_415153,EBHIBJHK_01348,P0AEF4,NP_415153.1,b0620,CDS,dpiA,DNA-binding transcriptional dual regulator DpiA,947008,b0620
NP_415154,EBHIBJHK_01347,P0ABP3,NP_415154.1,b0621,CDS,dcuC,anaerobic C4-dicarboxylate transporter DcuC,945000,b0621
NP_415155,EBHIBJHK_01346,P37001,NP_415155.1,b0622,CDS,pagP,Lipid A palmitoyltransferase,946360,b0622
NP_415156,EBHIBJHK_01345,P0A972,NP_415156.1,b0623,CDS,cspE,transcription antiterminator and regulator of RNA stability CspE,947024,b0623
NP_415157,EBHIBJHK_01344,P37002,NP_415157.1,b0624,CDS,crcB,F(-) channel protein,945798,b0624
NP_415160,EBHIBJHK_01342,P0A843,NP_415160.1,b0627,CDS,tatE,twin arginine protein translocation system - TatE protein,945228,b0627
NP_415161,EBHIBJHK_01341,P60716,NP_415161.1,b0628,CDS,lipA,lipoyl synthase,945227,b0628
NP_415162,EBHIBJHK_01340,P30979,NP_415162.4,b0629,CDS,ybeF,putative DNA-binding transcriptional regulator YbeF,945219,b0629
NP_415163,EBHIBJHK_01339,P60720,NP_415163.2,b0630,CDS,lipB,lipoyl(octanoyl) transferase,945217,b0630
NP_415164,EBHIBJHK_01338,P0A8J4,NP_415164.1,b0631,CDS,ybeD,DUF493 domain-containing protein YbeD,945220,b0631
NP_415165,EBHIBJHK_01337,P0AEB2,NP_415165.1,b0632,CDS,dacA,D-alanyl-D-alanine carboxypeptidase DacA,945222,b0632
NP_415166,EBHIBJHK_01336,P10100,NP_415166.1,b0633,CDS,rlpA,rare lipoprotein RlpA,945241,b0633
NP_415167,EBHIBJHK_01335,P0ABG7,NP_415167.1,b0634,CDS,mrdB,peptidoglycan glycosyltransferase MrdB,945238,b0634
NP_415168,EBHIBJHK_01334,P0AD65,NP_415168.1,b0635,CDS,mrdA,peptidoglycan DD-transpeptidase MrdA,945240,b0635
NP_415169,EBHIBJHK_01333,P0A8I8,NP_415169.1,b0636,CDS,rlmH,23S rRNA m(3)psi1915 methyltransferase,945239,b0636
NP_415170,EBHIBJHK_01332,P0AAT6,NP_415170.4,b0637,CDS,rsfS,ribosomal silencing factor RsfS,945237,b0637
NP_415171,EBHIBJHK_01331,P52086,NP_415171.1,b0638,CDS,cobC,putative adenosylcobalamin phosphatase/alpha-ribazole phosphatase,945246,b0638
NP_415172,EBHIBJHK_01330,P0A752,NP_415172.1,b0639,CDS,nadD,nicotinate-nucleotide adenylyltransferase,945248,b0639
NP_415173,EBHIBJHK_01329,P28630,NP_415173.1,b0640,CDS,holA,DNA polymerase III subunit delta,947573,b0640
NP_415174,EBHIBJHK_01328,P0ADC1,NP_415174.1,b0641,CDS,lptE,lipopolysaccharide assembly protein LptE,946257,b0641
NP_415175,EBHIBJHK_01327,P07813,NP_415175.1,b0642,CDS,leuS,leucine--tRNA ligase,947497,b0642
NP_415176,EBHIBJHK_01326,P0AAT9,NP_415176.1,b0643,CDS,ybeL,DUF1451 domain-containing protein YbeL,945252,b0643
NP_415184,EBHIBJHK_01325,P41409,NP_415184.1,b0651,CDS,rihA,pyrimidine-specific ribonucleoside hydrolase RihA,945503,b0651
NP_415185,EBHIBJHK_01324,P0AAG3,NP_415185.1,b0652,CDS,gltL,glutamate/aspartate ABC transporter ATP binding subunit,945254,b0652
NP_415186,EBHIBJHK_01323,P0AER5,NP_415186.1,b0653,CDS,gltK,glutamate/aspartate ABC transporter membrane subunit GltK,947354,b0653
NP_415187,EBHIBJHK_01322,P0AER3,NP_415187.1,b0654,CDS,gltJ,glutamate/aspartate ABC transporter membrane subunit GltJ,945443,b0654
NP_415188,EBHIBJHK_01321,P37902,NP_415188.1,b0655,CDS,gltI,glutamate/aspartate ABC transporter periplasmic binding protein,946938,b0655
NP_415190,EBHIBJHK_01320,P23930,NP_415190.1,b0657,CDS,lnt,apolipoprotein N-acyltransferase,946201,b0657
NP_415191,EBHIBJHK_01319,P0AE78,NP_415191.1,b0658,CDS,ybeX,CorC-HlyC family protein YbeX,946417,b0658
NP_415192,EBHIBJHK_01318,P0A898,NP_415192.1,b0659,CDS,ybeY,endoribonuclease YbeY,946430,b0659
NP_415193,EBHIBJHK_01317,P0A9K3,NP_415193.2,b0660,CDS,ybeZ,PhoH-like protein,948044,b0660
NP_415194,EBHIBJHK_01316,P0AEI1,NP_415194.1,b0661,CDS,miaB,isopentenyl-adenosine A37 tRNA methylthiolase,945260,b0661
NP_415195,EBHIBJHK_01315,P75728,NP_415195.1,b0662,CDS,ubiF,3-demethoxyubiquinol 3-hydroxylase,945261,b0662
NP_415200,EBHIBJHK_01307,P22106,NP_415200.1,b0674,CDS,asnB,asparagine synthetase B,945281,b0674
NP_415201,EBHIBJHK_01306,P0AF24,NP_415201.1,b0675,CDS,umpH,UMP phosphatase,945283,b0675
NP_415202,EBHIBJHK_01305,P0AF20,NP_415202.1,b0676,CDS,nagC,DNA-binding transcriptional dual regulator NagC,945285,b0676
NP_415203,EBHIBJHK_01304,P0AF18,NP_415203.1,b0677,CDS,nagA,N-acetylglucosamine-6-phosphate deacetylase,945289,b0677
NP_415204,EBHIBJHK_01303,P0A759,NP_415204.1,b0678,CDS,nagB,glucosamine-6-phosphate deaminase,945290,b0678
NP_415205,EBHIBJHK_01302,P09323,NP_415205.1,b0679,CDS,nagE,N-acetylglucosamine-specific PTS enzyme IIABC component,945292,b0679
NP_415206,EBHIBJHK_04516,P00962,NP_415206.1,b0680,CDS,glnS,glutamine--tRNA ligase,945310,b0680
NP_415207,EBHIBJHK_04515,P75733,NP_415207.1,b0681,CDS,chiP,chitooligosaccharide outer membrane channel,945296,b0681
NP_415208,EBHIBJHK_04514,P75734,NP_415208.1,b0682,CDS,chiQ,lipoprotein ChiQ,945713,b0682
NP_415209,EBHIBJHK_04513,P0A9A9,NP_415209.1,b0683,CDS,fur,DNA-binding transcriptional dual regulator Fur,945295,b0683
NP_415210,EBHIBJHK_04512,P61949,NP_415210.1,b0684,CDS,fldA,flavodoxin 1,945293,b0684
NP_415211,EBHIBJHK_04511,P0AAU7,NP_415211.2,b0685,CDS,ybfE,ribbon-helix-helix domain-containing protein YbfE,945291,b0685
NP_415212,EBHIBJHK_04510,P75736,NP_415212.1,b0686,CDS,ybfF,esterase,945288,b0686
NP_415213,EBHIBJHK_04509,P0AFY8,NP_415213.1,b0687,CDS,seqA,negative modulator of initiation of replication,945272,b0687
NP_415214,EBHIBJHK_04508,P36938,NP_415214.1,b0688,CDS,pgm,phosphoglucomutase,945271,b0688
NP_415219,EBHIBJHK_04507,P0AAF1,NP_415219.1,b0692,CDS,potE,putrescine transporter PotE,945422,b0692
NP_415220,EBHIBJHK_04506,P24169,NP_415220.1,b0693,CDS,speF,inducible ornithine decarboxylase,945297,b0693
NP_415222,EBHIBJHK_04504,P21866,NP_415222.1,b0694,CDS,kdpE,DNA-binding transcriptional activator KdpE,945302,b0694
NP_415223,EBHIBJHK_04503,P21865,NP_415223.1,b0695,CDS,kdpD,sensor histidine kinase KdpD,946744,b0695
NP_415224,EBHIBJHK_04502,P03961,NP_415224.1,b0696,CDS,kdpC,K(+) transporting P-type ATPase subunit KdpC,947508,b0696
NP_415225,EBHIBJHK_04501,P03960,NP_415225.1,b0697,CDS,kdpB,K(+) transporting P-type ATPase subunit KdpB,947450,b0697
NP_415226,EBHIBJHK_04500,P03959,NP_415226.1,b0698,CDS,kdpA,K(+) transporting P-type ATPase subunit KdpA,946045,b0698
NP_415228,EBHIBJHK_04499,P0AAU2,NP_415228.1,b0699,CDS,ybfA,DUF2517 domain-containing protein YbfA,947452,b0699
NP_415232,EBHIBJHK_04898,P28915,NP_415232.1,b0704,CDS,ybfC,uncharacterized protein YbfC,947288,b0704
NP_415235,EBHIBJHK_03282,P24252,NP_415235.1,b0707,CDS,ybgA,DUF1722 domain-containing protein YbgA,944853,b0707
NP_415236,EBHIBJHK_03283,P00914,NP_415236.1,b0708,CDS,phr,deoxyribodipyrimidine photolyase,947005,b0708
NP_415237,EBHIBJHK_03284,P75742,NP_415237.1,b0709,CDS,dtpD,dipeptide:H(+) symporter DtpD,947368,b0709
NP_415238,EBHIBJHK_03285,P0AFP6,NP_415238.1,b0710,CDS,ybgI,radiation resistance protein YbgI,945824,b0710
NP_415239,EBHIBJHK_03286,P0AAV4,NP_415239.1,b0711,CDS,pxpB,5-oxoprolinase component B,945311,b0711
NP_415240,EBHIBJHK_03287,P75745,NP_415240.1,b0712,CDS,pxpC,5-oxoprolinase component C,945317,b0712
NP_415241,EBHIBJHK_03288,P75746,NP_415241.1,b0713,CDS,pxpA,5-oxoprolinase component A,945318,b0713
NP_415242,EBHIBJHK_03289,P50465,NP_415242.1,b0714,CDS,nei,endonuclease VIII,945320,b0714
NP_415243,EBHIBJHK_03290,P75747,NP_415243.4,b0715,CDS,abrB,putative regulator,945321,b0715
NP_415244,EBHIBJHK_03291,P75748,NP_415244.4,b0716,CDS,ybgO,putative fimbrial protein YbgO,947550,b0716
NP_415245,EBHIBJHK_03292,P75749,NP_415245.1,b0717,CDS,ybgP,putative fimbrial chaperone YbgP,945110,b0717
NP_415246,EBHIBJHK_03293,P75750,NP_415246.2,b0718,CDS,ybgQ,putative fimbrial usher protein YbgQ,946537,b0718
NP_415247,EBHIBJHK_03294,P37909,NP_415247.1,b0719,CDS,ybgD,putative fimbrial protein YbgD,945325,b0719
NP_415248,EBHIBJHK_03295,P0ABH7,NP_415248.1,b0720,CDS,gltA,citrate synthase,945323,b0720
NP_415249,EBHIBJHK_03297,P69054,NP_415249.1,b0721,CDS,sdhC,"succinate:quinone oxidoreductase, membrane protein SdhC",945316,b0721
NP_415250,EBHIBJHK_03298,P0AC44,NP_415250.1,b0722,CDS,sdhD,"succinate:quinone oxidoreductase, membrane protein SdhD",945322,b0722
NP_415251,EBHIBJHK_03299,P0AC41,NP_415251.1,b0723,CDS,sdhA,"succinate:quinone oxidoreductase, FAD binding protein",945402,b0723
NP_415252,EBHIBJHK_03300,P07014,NP_415252.1,b0724,CDS,sdhB,"succinate:quinone oxidoreductase, iron-sulfur cluster binding protein",945300,b0724
NP_415254,EBHIBJHK_03301,P0AFG3,NP_415254.1,b0726,CDS,sucA,subunit of E1(0) component of 2-oxoglutarate dehydrogenase,945303,b0726
NP_415255,EBHIBJHK_03302,P0AFG6,NP_415255.1,b0727,CDS,sucB,dihydrolipoyltranssuccinylase,945307,b0727
NP_415256,EBHIBJHK_03303,P0A836,NP_415256.1,b0728,CDS,sucC,succinyl-CoA synthetase subunit beta,945312,b0728
NP_415257,EBHIBJHK_03304,P0AGE9,NP_415257.1,b0729,CDS,sucD,succinyl-CoA synthetase subunit alpha,945314,b0729
NP_415258,EBHIBJHK_03305,P13669,NP_415258.1,b0730,CDS,mngR,DNA-binding transcriptional repressor MngR,945371,b0730
NP_415259,EBHIBJHK_03306,P54745,NP_415259.1,b0731,CDS,mngA,2-O-alpha-mannosyl-D-glycerate specific PTS enzyme II,945355,b0731
NP_415260,EBHIBJHK_03307,P54746,NP_415260.1,b0732,CDS,mngB,alpha-mannosidase,945359,b0732
NP_415261,EBHIBJHK_03321,P0ABJ9,NP_415261.2,b0733,CDS,cydA,cytochrome bd-I subunit 1,945341,b0733
NP_415262,EBHIBJHK_03322,P0ABK2,NP_415262.1,b0734,CDS,cydB,cytochrome bd-I subunit 2,945347,b0734
NP_415263,EBHIBJHK_03324,P0AAV0,NP_415263.1,b0735,CDS,ybgE,PF09600 family protein YbgE,945326,b0735
NP_415264,EBHIBJHK_03325,P0A8Z3,NP_415264.1,b0736,CDS,ybgC,esterase/thioesterase,948907,b0736
NP_415265,EBHIBJHK_03326,P0ABU9,NP_415265.1,b0737,CDS,tolQ,Tol-Pal system protein TolQ,948900,b0737
NP_415266,EBHIBJHK_03327,P0ABV6,NP_415266.1,b0738,CDS,tolR,Tol-Pal system protein TolR,945328,b0738
NP_415267,EBHIBJHK_03328,P19934,NP_415267.1,b0739,CDS,tolA,Tol-Pal system protein TolA,946625,b0739
NP_415268,EBHIBJHK_03329,P0A855,NP_415268.1,b0740,CDS,tolB,Tol-Pal system periplasmic protein TolB,945429,b0740
NP_415269,EBHIBJHK_03330,P0A912,NP_415269.1,b0741,CDS,pal,peptidoglycan-associated outer membrane lipoprotein Pal,945004,b0741
NP_415270,EBHIBJHK_03331,P45955,NP_415270.1,b0742,CDS,cpoB,cell division coordinator CpoB,947227,b0742
NP_415271,EBHIBJHK_04043,P11458,NP_415271.1,b0750,CDS,nadA,quinolinate synthase,945351,b0750
NP_415272,EBHIBJHK_04042,P0AFK2,NP_415272.1,b0751,CDS,pnuC,nicotinamide riboside transporter,945350,b0751
NP_415273,EBHIBJHK_04041,P75757,NP_415273.1,b0752,CDS,zitB,Zn(2(+))/Cd(2(+))/Ni(2(+))/Cu(2(+)) exporter,945348,b0752
NP_415274,EBHIBJHK_04040,P0AAV6,NP_415274.1,b0753,CDS,ybgS,PF13985 family protein YbgS,945356,b0753
NP_415275,EBHIBJHK_04039,P0AB91,NP_415275.1,b0754,CDS,aroG,"3-deoxy-7-phosphoheptulonate synthase, Phe-sensitive",945605,b0754
NP_415276,EBHIBJHK_04038,P62707,NP_415276.1,b0755,CDS,gpmA,"2,3-bisphosphoglycerate-dependent phosphoglycerate mutase",945068,b0755
NP_415277,EBHIBJHK_04037,P0A9C3,NP_415277.1,b0756,CDS,galM,galactose-1-epimerase,944943,b0756
NP_415278,EBHIBJHK_04036,P0A6T3,NP_415278.1,b0757,CDS,galK,galactokinase,945358,b0757
NP_415279,EBHIBJHK_04035,P09148,NP_415279.1,b0758,CDS,galT,galactose-1-phosphate uridylyltransferase,945357,b0758
NP_415280,EBHIBJHK_04034,P09147,NP_415280.3,b0759,CDS,galE,UDP-glucose 4-epimerase,945354,b0759
NP_415281,EBHIBJHK_04033,P31060,NP_415281.1,b0760,CDS,modF,ABC family protein ModF,945368,b0760
NP_415282,EBHIBJHK_04032,P0A9G8,NP_415282.1,b0761,CDS,modE,DNA-binding transcriptional dual regulator ModE,945366,b0761
NP_415283,EBHIBJHK_04031,P0AAW9,NP_415283.1,b0762,CDS,acrZ,multidrug efflux pump accessory protein AcrZ,945365,b0762
NP_415284,EBHIBJHK_04030,P37329,NP_415284.1,b0763,CDS,modA,molybdate ABC transporter periplasmic binding protein,945364,b0763
NP_415285,EBHIBJHK_04029,P0AF01,NP_415285.1,b0764,CDS,modB,molybdate ABC transporter membrane subunit,945361,b0764
NP_415286,EBHIBJHK_04028,P09833,NP_415286.1,b0765,CDS,modC,molybdate ABC transporter ATP binding subunit,945362,b0765
NP_415287,EBHIBJHK_04027,P21829,NP_415287.1,b0766,CDS,ybhA,"pyridoxal phosphate/fructose-1,6-bisphosphate phosphatase",945372,b0766
NP_415288,EBHIBJHK_04026,P52697,NP_415288.1,b0767,CDS,pgl,6-phosphogluconolactonase,946398,b0767
NP_415289,EBHIBJHK_04025,P52696,NP_415289.4,b0768,CDS,ybhD,putative DNA-binding transcriptional regulator YbhD,944869,b0768
NP_415290,EBHIBJHK_04024,P0AAV8,NP_415290.1,b0769,CDS,ybhH,putative isomerase YbhH,945375,b0769
NP_415291,EBHIBJHK_04023,P75763,NP_415291.1,b0770,CDS,ybhI,putative tricarboxylate transporter,945377,b0770
NP_415292,EBHIBJHK_04022,P75764,NP_415292.2,b0771,CDS,ybhJ,putative hydratase YbhJ,945380,b0771
NP_415292,EBHIBJHK_04022,P75764,NP_415292.2,b0771,CDS,ybhJ,putative hydratase YbhJ,945380,b0771
NP_415293,EBHIBJHK_04021,P46130,NP_415293.1,b0772,CDS,ybhC,outer membrane lipoprotein YbhC,945381,b0772
NP_415294,EBHIBJHK_04020,P12994,NP_415294.1,b0773,CDS,ybhB,putative kinase inhibitor,945383,b0773
NP_415295,EBHIBJHK_04019,P12995,NP_415295.1,b0774,CDS,bioA,adenosylmethionine-8-amino-7-oxononanoate aminotransferase,945376,b0774
NP_415296,EBHIBJHK_04018,P12996,NP_415296.1,b0775,CDS,bioB,biotin synthase,945370,b0775
NP_415297,EBHIBJHK_04017,P12998,NP_415297.1,b0776,CDS,bioF,8-amino-7-oxononanoate synthase,945384,b0776
NP_415298,EBHIBJHK_04016,P12999,NP_415298.1,b0777,CDS,bioC,malonyl-acyl carrier protein methyltransferase,945388,b0777
NP_415299,EBHIBJHK_04015,P13000,NP_415299.1,b0778,CDS,bioD,dethiobiotin synthetase,945387,b0778
NP_415300,EBHIBJHK_04014,P0A8F8,NP_415300.1,b0779,CDS,uvrB,UvrABC excision nuclease subunit B,945385,b0779
NP_415301,EBHIBJHK_04013,P75767,NP_415301.1,b0780,CDS,ybhK,putative transferase YbhK,945390,b0780
NP_415302,EBHIBJHK_04012,P30745,NP_415302.1,b0781,CDS,moaA,"GTP 3',8'-cyclase",945392,b0781
NP_415303,EBHIBJHK_04011,P0AEZ9,NP_415303.1,b0782,CDS,moaB,protein MoaB,945396,b0782
NP_415304,EBHIBJHK_04010,P0A738,NP_415304.1,b0783,CDS,moaC,cyclic pyranopterin monophosphate synthase,945397,b0783
NP_415305,EBHIBJHK_04009,P30748,NP_415305.1,b0784,CDS,moaD,molybdopterin synthase sulfur carrier subunit,945398,b0784
NP_415306,EBHIBJHK_04008,P30749,NP_415306.1,b0785,CDS,moaE,molybdopterin synthase catalytic subunit,945399,b0785
NP_415307,EBHIBJHK_04007,P0AAC4,NP_415307.1,b0786,CDS,ybhL,Bax1-I family protein YbhL,945401,b0786
NP_415309,EBHIBJHK_04261,P75770,NP_415309.1,b0788,CDS,ybhN,PF03706 family inner membrane protein YbhN,945410,b0788
NP_415310,EBHIBJHK_04262,P0AA84,NP_415310.1,b0789,CDS,clsB,cardiolipin synthase B,945409,b0789
NP_415311,EBHIBJHK_04263,P0AAW1,NP_415311.1,b0790,CDS,ybhP,endonuclease/exonuclease/phosphatase domain-containing protein YbhP,945408,b0790
NP_415312,EBHIBJHK_04264,P0AAW5,NP_415312.1,b0791,CDS,ybhQ,inner membrane protein YbhQ,945405,b0791
NP_415313,EBHIBJHK_04265,P0AFP9,NP_415313.1,b0792,CDS,ybhR,ABC exporter membrane subunit YbhR,945403,b0792
NP_415314,EBHIBJHK_04266,P0AFQ2,NP_415314.1,b0793,CDS,ybhS,ABC exporter membrane subunit YbhS,945411,b0793
NP_415315,EBHIBJHK_04267,P0A9U1,NP_415315.4,b0794,CDS,ybhF,ABC exporter ATP binding subunit YbhF,945413,b0794
NP_415316,EBHIBJHK_04268,P75777,NP_415316.1,b0795,CDS,ybhG,HlyD_D23 family protein YbhG,945414,b0795
NP_415317,EBHIBJHK_04269,P0ACU0,NP_415317.4,b0796,CDS,cecR,DNA-binding transcriptional dual regulator CecR,945421,b0796
NP_415318,EBHIBJHK_04270,P25888,NP_415318.1,b0797,CDS,rhlE,ATP-dependent RNA helicase RhlE,945425,b0797
NP_415320,EBHIBJHK_04273,P27296,NP_415320.1,b0799,CDS,dinG,ATP-dependent DNA helicase DinG,945431,b0799
NP_415321,EBHIBJHK_04275,P30177,NP_415321.1,b0800,CDS,ybiB,nonspecific DNA-binding protein YbiB,945424,b0800
NP_415322,EBHIBJHK_04276,P30178,NP_415322.1,b0801,CDS,hcxB,hydroxycarboxylate dehydrogenase B,945412,b0801
NP_415323,EBHIBJHK_04277,P0AAX3,NP_415323.1,b0802,CDS,ybiJ,DUF1471 domain-containing protein YbiJ,945433,b0802
NP_415324,EBHIBJHK_04278,P41039,NP_415324.1,b0803,CDS,ybiI,zinc finger domain-containing protein YbiI,945434,b0803
NP_415325,EBHIBJHK_04279,P75779,NP_415325.4,b0804,CDS,ybiX,PKHD-type hydroxylase YbiX,947502,b0804
NP_415326,EBHIBJHK_04280,P75780,NP_415326.1,b0805,CDS,fiu,iron catecholate outer membrane transporter Fiu,946246,b0805
NP_415327,EBHIBJHK_04281,P0AAX6,NP_415327.2,b0806,CDS,mcbA,DUF1471 domain-containing protein McbA,947523,b0806
NP_415328,EBHIBJHK_04282,P75782,NP_415328.4,b0807,CDS,rlmF,23S rRNA m(6)A1618 methyltransferase,944938,b0807
NP_415329,EBHIBJHK_04283,P75783,NP_415329.4,b0808,CDS,ybiO,moderate conductance mechanosensitive channel YbiO,945935,b0808
NP_415330,EBHIBJHK_04284,P10346,NP_415330.1,b0809,CDS,glnQ,L-glutamine ABC transporter ATP binding subunit,945435,b0809
NP_415331,EBHIBJHK_04285,P0AEQ6,NP_415331.1,b0810,CDS,glnP,L-glutamine ABC transporter membrane subunit,945621,b0810
NP_415332,EBHIBJHK_04286,P0AEQ3,NP_415332.1,b0811,CDS,glnH,L-glutamine ABC transporter periplasmic binding protein,944872,b0811
NP_415333,EBHIBJHK_04287,P0ABT2,NP_415333.1,b0812,CDS,dps,DNA protection during starvation protein,945101,b0812
NP_415334,EBHIBJHK_04288,P0AA67,NP_415334.1,b0813,CDS,rhtA,L-threonine/L-homoserine exporter,947045,b0813
NP_415335,EBHIBJHK_04289,P0A917,NP_415335.1,b0814,CDS,ompX,outer membrane protein X,944967,b0814
NP_415336,EBHIBJHK_02993,P75785,NP_415336.1,b0815,CDS,opgE,phosphoethanolamine transferase OpgE,945360,b0815
NP_415338,EBHIBJHK_02991,P0A9F1,NP_415338.1,b0817,CDS,mntR,DNA-binding transcriptional dual regulator MntR,945437,b0817
NP_415339,EBHIBJHK_02990,P75788,NP_415339.1,b0818,CDS,ybiR,putative transporter YbiR,945438,b0818
NP_415340,EBHIBJHK_02989,P0AAX8,NP_415340.1,b0819,CDS,ldtB,"L,D-transpeptidase LdtB",945441,b0819
NP_415341,EBHIBJHK_02988,P0A9U3,NP_415341.1,b0820,CDS,ybiT,putative ATP-binding protein YbiT,945440,b0820
NP_415342,EBHIBJHK_02984,P75791,NP_415342.1,b0821,CDS,ybiU,DUF1479 domain-containing protein YbiU,945439,b0821
NP_415343,EBHIBJHK_02983,P75792,NP_415343.1,b0822,CDS,ybiV,sugar phosphatase YbiV,945432,b0822
NP_415344,EBHIBJHK_02982,P75793,NP_415344.1,b0823,CDS,ybiW,putative pyruvate formate lyase,945444,b0823
NP_415345,EBHIBJHK_02981,P75794,NP_415345.2,b0824,CDS,ybiY,putative pyruvate formate-lyase activating enzyme YbiY,945445,b0824
NP_415346,EBHIBJHK_02980,P78055,NP_415346.4,b0825,CDS,fsaA,fructose-6-phosphate aldolase 1,945449,b0825
NP_415347,EBHIBJHK_02979,P12282,NP_415347.1,b0826,CDS,moeB,molybdopterin-synthase adenylyltransferase,945452,b0826
NP_415348,EBHIBJHK_02978,P12281,NP_415348.1,b0827,CDS,moeA,molybdopterin molybdotransferase,945454,b0827
NP_415349,EBHIBJHK_02977,P37595,NP_415349.1,b0828,CDS,iaaA,isoaspartyl dipeptidase proenzyme,945456,b0828
NP_415350,EBHIBJHK_02976,P75796,NP_415350.2,b0829,CDS,gsiA,glutathione ABC transporter ATP binding subunit GsiA,945457,b0829
NP_415351,EBHIBJHK_02975,P75797,NP_415351.1,b0830,CDS,gsiB,glutathione ABC transporter periplasmic binding protein,945459,b0830
NP_415352,EBHIBJHK_02974,P75798,NP_415352.1,b0831,CDS,gsiC,glutathione ABC transporter membrane subunit GsiC,945460,b0831
NP_415353,EBHIBJHK_02973,P75799,NP_415353.1,b0832,CDS,gsiD,glutathione ABC transporter membrane subunit GsiD,945461,b0832
NP_415354,EBHIBJHK_02972,P75800,NP_415354.1,b0833,CDS,pdeI,putative c-di-GMP phosphodiesterase PdeI,945462,b0833
NP_415355,EBHIBJHK_02971,P75801,NP_415355.1,b0834,CDS,dgcI,putative diguanylate cyclase DgcI,945463,b0834
NP_415356,EBHIBJHK_02968,P0AEI4,NP_415356.1,b0835,CDS,rimO,ribosomal protein S12 methylthiotransferase RimO,945465,b0835
NP_415357,EBHIBJHK_02967,P0AAY1,NP_415357.1,b0836,CDS,bssR,regulator of biofilm formation,945466,b0836
NP_415358,EBHIBJHK_02966,P75804,NP_415358.1,b0837,CDS,yliI,aldose sugar dehydrogenase YliI,945467,b0837
NP_415359,EBHIBJHK_02965,P0ACA7,NP_415359.4,b0838,CDS,gstB,glutathione S-transferase GstB,945469,b0838
NP_415360,EBHIBJHK_02964,P08506,NP_415360.1,b0839,CDS,dacC,D-alanyl-D-alanine carboxypeptidase DacC,945455,b0839
NP_415361,EBHIBJHK_02963,P0ACK5,NP_415361.1,b0840,CDS,deoR,DNA-binding transcriptional repressor DeoR,945453,b0840
NP_415362,EBHIBJHK_02962,P75806,NP_415362.1,b0841,CDS,ybjG,undecaprenyl pyrophosphate phosphatase,945450,b0841
NP_415363,EBHIBJHK_02961,P0AEY8,NP_415363.1,b0842,CDS,mdfA,multidrug efflux pump MdfA/Na(+):H(+) antiporter/K(+):H(+) antiporter,945448,b0842
NP_415364,EBHIBJHK_02960,P0AAY4,NP_415364.1,b0843,CDS,ybjH,uncharacterized protein YbjH,945447,b0843
NP_415365,EBHIBJHK_02959,P75809,NP_415365.4,b0844,CDS,ybjI,5-amino-6-(5-phospho-D-ribitylamino)uracil phosphatase,945470,b0844
NP_415366,EBHIBJHK_02958,P75810,NP_415366.1,b0845,CDS,ybjJ,inner membrane protein YbjJ,945471,b0845
NP_415367,EBHIBJHK_02957,P75811,NP_415367.1,b0846,CDS,rcdA,RcdA,945473,b0846
NP_415368,EBHIBJHK_02956,P60869,NP_415368.1,b0847,CDS,ybjL,putative transport protein YbjL,945474,b0847
NP_415369,EBHIBJHK_02955,P64439,NP_415369.1,b0848,CDS,ybjM,putative inner membrane protein,945477,b0848
NP_415370,EBHIBJHK_02954,P68688,NP_415370.1,b0849,CDS,grxA,reduced glutaredoxin 1,945479,b0849
NP_415371,EBHIBJHK_02953,P46119,NP_415371.1,b0850,CDS,ybjC,DUF1418 domain-containing protein YbjC,945481,b0850
NP_415372,EBHIBJHK_02952,P17117,NP_415372.1,b0851,CDS,nfsA,NADPH-dependent nitro/quinone reductase NfsA,945483,b0851
NP_415373,EBHIBJHK_02951,P0C0U4,NP_415373.1,b0852,CDS,rimK,ribosomal protein S6 modification protein,945484,b0852
NP_415374,EBHIBJHK_02950,P0AAY6,NP_415374.1,b0853,CDS,ybjN,protein YbjN,945482,b0853
NP_415375,EBHIBJHK_02949,P31133,NP_415375.1,b0854,CDS,potF,putrescine ABC transporter periplasmic binding protein,945480,b0854
NP_415376,EBHIBJHK_02948,P31134,NP_415376.4,b0855,CDS,potG,putrescine ABC transporter ATP binding subunit,945476,b0855
NP_415377,EBHIBJHK_02947,P31135,NP_415377.1,b0856,CDS,potH,putrescine ABC transporter membrane subunit PotH,945475,b0856
NP_415378,EBHIBJHK_02946,P0AFL1,NP_415378.1,b0857,CDS,potI,putrescine ABC transporter membrane subunit PotI,945485,b0857
NP_415379,EBHIBJHK_02945,P0AAZ0,NP_415379.1,b0858,CDS,ybjO,putative inner membrane protein,945488,b0858
NP_415380,EBHIBJHK_02944,P75817,NP_415380.1,b0859,CDS,rlmC,23S rRNA m(5)U747 methyltransferase,947260,b0859
NP_415381,EBHIBJHK_02943,P30860,NP_415381.1,b0860,CDS,artJ,L-arginine ABC transporter periplasmic binding protein,948981,b0860
NP_415382,EBHIBJHK_02942,P0AE30,NP_415382.1,b0861,CDS,artM,L-arginine ABC transporter membrane subunit ArtM,949066,b0861
NP_415383,EBHIBJHK_02941,P0AE34,NP_415383.1,b0862,CDS,artQ,L-arginine ABC transporter membrane subunit ArtQ,949046,b0862
NP_415384,EBHIBJHK_02940,P30859,NP_415384.1,b0863,CDS,artI,putative ABC transporter periplasmic binding protein ArtI,948988,b0863
NP_415385,EBHIBJHK_02939,P0AAF6,NP_415385.1,b0864,CDS,artP,L-arginine ABC transporter ATP binding subunit,945489,b0864
NP_415386,EBHIBJHK_02938,P75818,NP_415386.1,b0865,CDS,ybjP,DUF3828 domain-containing lipoprotein YbjP,945491,b0865
NP_415387,EBHIBJHK_02936,P0A8C1,NP_415387.1,b0866,CDS,ybjQ,putative heavy metal binding protein YbjQ,945493,b0866
NP_415388,EBHIBJHK_02935,P75820,NP_415388.1,b0867,CDS,amiD,N-acetylmuramoyl-L-alanine amidase D,945494,b0867
NP_415389,EBHIBJHK_02934,P75821,NP_415389.2,b0868,CDS,ybjS,putative epimerase YbjS,945495,b0868
NP_415390,EBHIBJHK_02933,P75822,NP_415390.4,b0869,CDS,ybjT,putative NAD(P)-binding protein YbjT,945496,b0869
NP_415391,EBHIBJHK_02932,P75823,NP_415391.1,b0870,CDS,ltaE,low-specificity L-threonine aldolase,944955,b0870
NP_415392,EBHIBJHK_02931,P07003,NP_415392.1,b0871,CDS,poxB,pyruvate oxidase,946132,b0871
NP_415393,EBHIBJHK_02930,P75824,NP_415393.1,b0872,CDS,hcr,NADH oxidoreductase,947660,b0872
NP_415394,EBHIBJHK_02929,P75825,NP_415394.4,b0873,CDS,hcp,protein S-nitrosylase,946592,b0873
NP_415395,EBHIBJHK_02928,P75826,NP_415395.2,b0874,CDS,lysO,L-lysine/thialysine exporter,947142,b0874
NP_415396,EBHIBJHK_00993,P60844,NP_415396.1,b0875,CDS,aqpZ,water channel AqpZ,945497,b0875
NP_415397,EBHIBJHK_00992,P75828,NP_415397.1,b0876,CDS,ybjD,DUF2813 domain-containing protein YbjD,945498,b0876
NP_415398,EBHIBJHK_00991,P75829,NP_415398.1,b0877,CDS,ybjX,DUF535 domain-containing protein YbjX,946025,b0877
NP_415399,EBHIBJHK_00990,P75830,NP_415399.4,b0878,CDS,macA,ABC-type tripartite efflux pump membrane fusion protein,947322,b0878
NP_415400,EBHIBJHK_00989,P75831,NP_415400.1,b0879,CDS,macB,ABC-type tripartite efflux pump ATP binding/membrane subunit,945164,b0879
NP_415401,EBHIBJHK_00988,P0A968,NP_415401.1,b0880,CDS,cspD,DNA replication inhibitor CspD,945669,b0880
NP_415402,EBHIBJHK_00987,P0A8Q6,NP_415402.1,b0881,CDS,clpS,specificity factor for ClpA-ClpP chaperone-protease complex,948443,b0881
NP_415403,EBHIBJHK_00986,P0ABH9,NP_415403.1,b0882,CDS,clpA,ATP-dependent Clp protease ATP-binding subunit ClpA,945764,b0882
NP_415404,EBHIBJHK_00984,P69222,NP_415404.1,b0884,CDS,infA,translation initiation factor IF-1,945500,b0884
NP_415405,EBHIBJHK_00983,P0A8P1,NP_415405.1,b0885,CDS,aat,leucyl/phenylalanyl-tRNA--protein transferase,945490,b0885
NP_415406,EBHIBJHK_00982,P23886,NP_415406.1,b0886,CDS,cydC,glutathione/L-cysteine ABC exporter subunit CydC,945504,b0886
NP_415407,EBHIBJHK_00981,P29018,NP_415407.1,b0887,CDS,cydD,glutathione/L-cysteine ABC exporter subunit CydD,949052,b0887
NP_415408,EBHIBJHK_00980,P0A9P4,NP_415408.1,b0888,CDS,trxB,thioredoxin reductase,949054,b0888
NP_415409,EBHIBJHK_00979,P0ACJ0,NP_415409.1,b0889,CDS,lrp,DNA-binding transcriptional dual regulator Lrp,949051,b0889
NP_415410,EBHIBJHK_00978,P46889,NP_415410.1,b0890,CDS,ftsK,cell division DNA translocase FtsK,945102,b0890
NP_415411,EBHIBJHK_00977,P61316,NP_415411.2,b0891,CDS,lolA,outer membrane lipoprotein carrier protein,948989,b0891
NP_415412,EBHIBJHK_00976,P0AAZ4,NP_415412.1,b0892,CDS,rarA,replication-associated recombination protein A,945505,b0892
NP_415413,EBHIBJHK_00975,P0A8L1,NP_415413.1,b0893,CDS,serS,serine--tRNA ligase,945506,b0893
NP_415414,EBHIBJHK_00974,P18775,NP_415414.4,b0894,CDS,dmsA,dimethyl sulfoxide reductase subunit A,945508,b0894
NP_415415,EBHIBJHK_00973,P18776,NP_415415.1,b0895,CDS,dmsB,dimethyl sulfoxide reductase subunit B,945507,b0895
NP_415416,EBHIBJHK_00972,P18777,NP_415416.1,b0896,CDS,dmsC,dimethyl sulfoxide reductase subunit C,945502,b0896
NP_415417,EBHIBJHK_00971,P21367,NP_415417.1,b0897,CDS,ycaC,putative hydrolase YcaC,945512,b0897
NP_415418,EBHIBJHK_00970,P21503,NP_415418.1,b0898,CDS,ycaD,putative transporter YcaD,945515,b0898
NP_415419,EBHIBJHK_00969,P75835,NP_415419.2,b0899,CDS,ycaM,putative transporter YcaM,945518,b0899
NP_415422,EBHIBJHK_00968,P0A9N4,NP_415422.1,b0902,CDS,pflA,pyruvate formate-lyase activating enzyme,945517,b0902
NP_415423,EBHIBJHK_00967,P09373,NP_415423.1,b0903,CDS,pflB,pyruvate formate-lyase,945514,b0903
NP_415424,EBHIBJHK_00966,P0AC23,NP_415424.1,b0904,CDS,focA,formate channel FocA,945513,b0904
NP_415425,EBHIBJHK_00965,P75838,NP_415425.4,b0905,CDS,ycaO,ribosomal protein S12 methylthiotransferase accessory factor YcaO,945509,b0905
NP_415426,EBHIBJHK_00964,P75839,NP_415426.1,b0906,CDS,ycaP,DUF421 domain-containing protein YcaP,945525,b0906
NP_415427,EBHIBJHK_00963,P23721,NP_415427.1,b0907,CDS,serC,phosphoserine/phosphohydroxythreonine aminotransferase,945527,b0907
NP_415428,EBHIBJHK_00962,P0A6D3,NP_415428.1,b0908,CDS,aroA,3-phosphoshikimate 1-carboxyvinyltransferase,945528,b0908
NP_415429,EBHIBJHK_00961,P43674,NP_415429.2,b0909,CDS,ycaL,periplasmic protease YcaL,945534,b0909
NP_415430,EBHIBJHK_00960,P0A6I0,NP_415430.1,b0910,CDS,cmk,cytidylate kinase,945535,b0910
NP_415431,EBHIBJHK_00959,P0AG67,NP_415431.1,b0911,CDS,rpsA,30S ribosomal subunit protein S1,945536,b0911
NP_415432,EBHIBJHK_00958,P0A6Y1,NP_415432.1,b0912,CDS,ihfB,integration host factor subunit beta,945533,b0912
NP_415433,EBHIBJHK_00957,P37443,NP_415433.4,b0913,CDS,ycaI,metallo-beta-lactamase superfamily inner membrane protein YcaI,945531,b0913
NP_415434,EBHIBJHK_00956,P60752,NP_415434.1,b0914,CDS,msbA,ATP-binding lipopolysaccharide transport protein,945530,b0914
NP_415435,EBHIBJHK_00955,P27300,NP_415435.1,b0915,CDS,lpxK,tetraacyldisaccharide 4'-kinase,945526,b0915
NP_415436,EBHIBJHK_00954,P75843,NP_415436.1,b0916,CDS,ycaQ,interstrand DNA crosslink repair glycosylase,945524,b0916
NP_415437,EBHIBJHK_00953,P0AAZ7,NP_415437.1,b0917,CDS,ycaR,PF03966 family protein YcaR,945537,b0917
NP_415438,EBHIBJHK_00952,P04951,NP_415438.1,b0918,CDS,kdsB,3-deoxy-manno-octulosonate cytidylyltransferase,945539,b0918
NP_415439,EBHIBJHK_00951,P0AB03,NP_415439.1,b0919,CDS,ycbJ,putative phosphotransferase YcbJ,945545,b0919
NP_415440,EBHIBJHK_00950,P0AB01,NP_415440.1,b0920,CDS,elyC,envelope biogenesis factor,945546,b0920
NP_415441,EBHIBJHK_00949,P36566,NP_415441.1,b0921,CDS,cmoM,tRNA cmo(5)U34 methyltransferase,945547,b0921
NP_415442,EBHIBJHK_00948,P60293,NP_415442.1,b0922,CDS,mukF,chromosome partitioning protein MukF,945548,b0922
NP_415443,EBHIBJHK_00947,P22524,NP_415443.2,b0923,CDS,mukE,chromosome partitioning protein MukE,945550,b0923
NP_415444,EBHIBJHK_00946,P22523,NP_415444.1,b0924,CDS,mukB,chromosome partitioning protein MukB,945549,b0924
NP_415445,EBHIBJHK_00945,P22525,NP_415445.1,b0925,CDS,ldtD,"L,D-transpeptidase LdtD",945541,b0925
NP_415446,EBHIBJHK_00944,P0AB06,NP_415446.1,b0926,CDS,mepK,"peptidoglycan L,D-endopeptidase",945538,b0926
NP_415447,EBHIBJHK_00943,P75849,NP_415447.1,b0927,CDS,gloC,hydroxyacylglutathione hydrolase GloC,945551,b0927
NP_415448,EBHIBJHK_00942,P00509,NP_415448.1,b0928,CDS,aspC,aspartate aminotransferase,945553,b0928
NP_415449,EBHIBJHK_00940,P02931,NP_415449.1,b0929,CDS,ompF,outer membrane porin F,945554,b0929
NP_415450,EBHIBJHK_00939,P0A8M0,NP_415450.1,b0930,CDS,asnS,asparagine--tRNA ligase,945555,b0930
NP_415451,EBHIBJHK_00938,P18133,NP_415451.1,b0931,CDS,pncB,nicotinate phosphoribosyltransferase,946648,b0931
NP_415452,EBHIBJHK_00937,P04825,NP_415452.1,b0932,CDS,pepN,aminopeptidase N,947253,b0932
NP_415453,EBHIBJHK_00936,P0AAI1,NP_415453.1,b0933,CDS,ssuB,aliphatic sulfonate ABC transporter ATP binding subunit,947220,b0933
NP_415454,EBHIBJHK_00935,P75851,NP_415454.4,b0934,CDS,ssuC,aliphatic sulfonate ABC transporter membrane subunit,947216,b0934
NP_415455,EBHIBJHK_00934,P80645,NP_415455.1,b0935,CDS,ssuD,FMNH2-dependent alkanesulfonate monooxygenase,945557,b0935
NP_415456,EBHIBJHK_00933,P75853,NP_415456.4,b0936,CDS,ssuA,aliphatic sulfonate ABC transporter periplasmic binding protein,945560,b0936
NP_415457,EBHIBJHK_00932,P80644,NP_415457.1,b0937,CDS,ssuE,NADPH-dependent FMN reductase,945947,b0937
NP_415458,EBHIBJHK_00931,P75855,NP_415458.2,b0938,CDS,elfA,putative laminin-binding fimbrial subunit,948306,b0938
NP_415459,EBHIBJHK_00930,P75856,NP_415459.1,b0939,CDS,elfD,putative fimbrial chaperone ElfD,946773,b0939
NP_415460,EBHIBJHK_00929,P75857,NP_415460.1,b0940,CDS,elfC,putative fimbrial usher protein ElfC,946934,b0940
NP_415461,EBHIBJHK_00928,P75858,NP_415461.1,b0941,CDS,elfG,putative fimbrial-like adhesin protein,947185,b0941
NP_415462,EBHIBJHK_00927,P75859,NP_415462.1,b0942,CDS,ycbU,putative fimbrial protein YcbU,945561,b0942
NP_415463,EBHIBJHK_00926,P75860,NP_415463.2,b0943,CDS,ycbV,putative fimbrial protein YcbV,945562,b0943
NP_415464,EBHIBJHK_00925,P40876,NP_415464.4,b0944,CDS,ycbF,putative fimbrial chaperone YcbF,945559,b0944
NP_415465,EBHIBJHK_00924,P0A7E1,NP_415465.1,b0945,CDS,pyrD,"dihydroorotate dehydrogenase, type 2",945556,b0945
NP_415466,EBHIBJHK_00923,P75862,NP_415466.4,b0946,CDS,zapC,cell division protein ZapC,945552,b0946
NP_415467,EBHIBJHK_00922,P75863,NP_415467.1,b0947,CDS,ycbX,6-N-hydroxylaminopurine resistance protein,945563,b0947
NP_415468,EBHIBJHK_00921,P75864,NP_415468.1,b0948,CDS,rlmL,fused 23S rRNA m(2)G2445 methyltransferase and 23S rRNA m(7)G2069 methyltransferase,945564,b0948
NP_415469,EBHIBJHK_00920,P43672,NP_415469.1,b0949,CDS,uup,ATP-binding protein Uup,945566,b0949
NP_415470,EBHIBJHK_00919,P0AFL9,NP_415470.1,b0950,CDS,pqiA,intermembrane transport protein PqiA,944999,b0950
NP_415471,EBHIBJHK_00918,P43671,NP_415471.1,b0951,CDS,pqiB,intermembrane transport protein PqiB,945653,b0951
NP_415472,EBHIBJHK_00917,P0AB10,NP_415472.2,b0952,CDS,pqiC,intermembrane transport lipoprotein PqiC,946972,b0952
NP_415473,EBHIBJHK_00916,P0AFW2,NP_415473.1,b0953,CDS,rmf,ribosome modulation factor,945567,b0953
NP_415474,EBHIBJHK_00915,P0A6Q3,NP_415474.1,b0954,CDS,fabA,beta-hydroxyacyl-acyl carrier protein dehydratase/isomerase,945568,b0954
NP_415475,EBHIBJHK_00914,P75867,NP_415475.1,b0955,CDS,ycbZ,putative ATP-dependent protease YcbZ,945569,b0955
NP_415476,EBHIBJHK_00913,P0A8N0,NP_415476.1,b0956,CDS,matP,macrodomain Ter protein,945570,b0956
NP_415477,EBHIBJHK_00912,P0A910,NP_415477.1,b0957,CDS,ompA,outer membrane protein A,945571,b0957
NP_415478,EBHIBJHK_00911,P0AFZ5,NP_415478.1,b0958,CDS,sulA,cell division inhibitor SulA,947335,b0958
NP_415479,EBHIBJHK_00910,P75869,NP_415479.1,b0959,CDS,sxy,transcriptional coactivator for CRP,946504,b0959
NP_415480,EBHIBJHK_00909,P75870,NP_415480.2,b0960,CDS,yccS,putative transporter YccS,947001,b0960
NP_415481,EBHIBJHK_00908,P0AB12,NP_415481.1,b0961,CDS,yccF,PF03733 family inner membrane protein YccF,945594,b0961
NP_415482,EBHIBJHK_00907,P15038,NP_415482.1,b0962,CDS,helD,DNA helicase IV,946227,b0962
NP_415483,EBHIBJHK_00906,P0A731,NP_415483.2,b0963,CDS,mgsA,methylglyoxal synthase,945574,b0963
NP_415484,EBHIBJHK_00905,P0A8X4,NP_415484.1,b0964,CDS,yccT,DUF2057 domain-containing protein YccT,945577,b0964
NP_415485,EBHIBJHK_00904,P75874,NP_415485.4,b0965,CDS,yccU,putative HspQ acetyl donor,949008,b0965
NP_415486,EBHIBJHK_00903,P0AB20,NP_415486.4,b0966,CDS,hspQ,heat shock protein HspQ,945578,b0966
NP_415487,EBHIBJHK_00902,P75876,NP_415487.4,b0967,CDS,rlmI,23S rRNA m(5)C1962 methyltransferase,946691,b0967
NP_415488,EBHIBJHK_00901,P0AB65,NP_415488.1,b0968,CDS,yccX,acylphosphatase,945304,b0968
NP_415489,EBHIBJHK_00900,P0AB18,NP_415489.4,b0969,CDS,tusE,sulfur transfer protein TusE,945023,b0969
NP_415490,EBHIBJHK_00899,P0AAC6,NP_415490.1,b0970,CDS,yccA,modulator of FtsH protease,946016,b0970
NP_415491,EBHIBJHK_00897,P69739,NP_415491.1,b0972,CDS,hyaA,hydrogenase 1 small subunit,945579,b0972
NP_415492,EBHIBJHK_00896,P0ACD8,NP_415492.1,b0973,CDS,hyaB,hydrogenase 1 large subunit,945580,b0973
NP_415493,EBHIBJHK_00895,P0AAM1,NP_415493.1,b0974,CDS,hyaC,hydrogenase 1 cytochrome b subunit,945581,b0974
NP_415494,EBHIBJHK_00894,P19930,NP_415494.1,b0975,CDS,hyaD,putative hydrogenase 1 maturation protease HyaD,945575,b0975
NP_415495,EBHIBJHK_00893,P19931,NP_415495.1,b0976,CDS,hyaE,putative HyaA chaperone,945573,b0976
NP_415496,EBHIBJHK_00892,P19932,NP_415496.1,b0977,CDS,hyaF,protein HyaF,945572,b0977
NP_415497,EBHIBJHK_00891,P26459,NP_415497.1,b0978,CDS,appC,cytochrome bd-II subunit 1,945585,b0978
NP_415498,EBHIBJHK_00890,P26458,NP_415498.1,b0979,CDS,appB,cytochrome bd-II subunit 2,947547,b0979
NP_415500,EBHIBJHK_00888,P07102,NP_415500.1,b0980,CDS,appA,periplasmic phosphoanhydride phosphatase/multiple inositol-polyphosphate phosphatase,946206,b0980
NP_415508,EBHIBJHK_02609,P57998,NP_415508.1,b0988,CDS,insB4,IS1 family protein InsB,945009,b0988
NP_415510,EBHIBJHK_00887,P0A978,NP_415510.1,b0990,CDS,cspG,cold shock protein CspG,945591,b0990
NP_415512,EBHIBJHK_00885,P52636,NP_415512.1,b0992,CDS,yccM,putative electron transport protein YccM,946295,b0992
NP_415513,EBHIBJHK_00884,P39453,NP_415513.2,b0993,CDS,torS,sensor histidine kinase TorS,945595,b0993
NP_415514,EBHIBJHK_00820,P38683,NP_415514.1,b0994,CDS,torT,periplasmic trimethylamine-N-oxide binding protein,946289,b0994
NP_415515,EBHIBJHK_00819,P38684,NP_415515.1,b0995,CDS,torR,DNA-binding transcriptional dual regulator TorR,946182,b0995
NP_415516,EBHIBJHK_00818,P33226,NP_415516.1,b0996,CDS,torC,cytochrome c menaquinol dehydrogenase TorC,946252,b0996
NP_415517,EBHIBJHK_00817,P33225,NP_415517.1,b0997,CDS,torA,trimethylamine N-oxide reductase 1,946267,b0997
NP_415518,EBHIBJHK_00816,P36662,NP_415518.1,b0998,CDS,torD,trimethylamine-N-oxide reductase-specific chaperone,945625,b0998
NP_415519,EBHIBJHK_04205,P63264,NP_415519.1,b0999,CDS,cbpM,chaperone modulator CbpM,945597,b0999
NP_415520,EBHIBJHK_04206,P36659,NP_415520.1,b1000,CDS,cbpA,curved DNA-binding protein,947572,b1000
NP_415521,EBHIBJHK_04207,P36661,NP_415521.1,b1001,CDS,yccE,uncharacterized protein YccE,947468,b1001
NP_415522,EBHIBJHK_04765,P19926,NP_415522.1,b1002,CDS,agp,glucose-1-phosphatase,945773,b1002
NP_415522,EBHIBJHK_04208,P19926,NP_415522.1,b1002,CDS,agp,glucose-1-phosphatase,945773,b1002
NP_415523,EBHIBJHK_04209,P0AB14,NP_415523.1,b1003,CDS,yccJ,PF13993 family protein YccJ,948930,b1003
NP_415524,EBHIBJHK_04210,P0A8G6,NP_415524.1,b1004,CDS,wrbA,NAD(P)H:quinone oxidoreductase,947263,b1004
NP_415525,EBHIBJHK_04211,P56614,NP_415525.2,b4518,CDS,ymdF,stress-induced bacterial acidophilic repeat motifs-containing protein YmdF,945598,b4518
NP_415526,EBHIBJHK_04212,P75892,NP_415526.4,b1006,CDS,rutG,pyrimidine:H(+) symporter,946589,b1006
NP_415527,EBHIBJHK_04213,P75893,NP_415527.4,b1007,CDS,rutF,FMN reductase RutF,946594,b1007
NP_415528,EBHIBJHK_04214,P75894,NP_415528.1,b1008,CDS,rutE,putative malonic semialdehyde reductase,946591,b1008
NP_415529,EBHIBJHK_04215,P75895,NP_415529.1,b1009,CDS,rutD,putative aminoacrylate hydrolase RutD,946586,b1009
NP_415530,EBHIBJHK_04216,P0AFQ5,NP_415530.1,b1010,CDS,rutC,3-aminoacrylate deaminase,945599,b1010
NP_415531,EBHIBJHK_04217,P75897,NP_415531.2,b1011,CDS,rutB,ureidoacrylate amidohydrolase,945699,b1011
NP_415532,EBHIBJHK_04218,P75898,NP_415532.3,b1012,CDS,rutA,pyrimidine monooxygenase RutA,945643,b1012
NP_415533,EBHIBJHK_04219,P0ACU2,NP_415533.1,b1013,CDS,rutR,DNA-binding transcriptional dual regulator RutR,945075,b1013
NP_415534,EBHIBJHK_04220,P09546,NP_415534.1,b1014,CDS,putA,fused DNA-binding transcriptional repressor/proline dehydrogenase/1-pyrroline-5-carboxylate dehydrogenase PutA,945600,b1014
NP_415535,EBHIBJHK_04222,P07117,NP_415535.1,b1015,CDS,putP,proline:Na(+) symporter,945602,b1015
NP_415537,EBHIBJHK_04224,P0AB24,NP_415537.1,b1018,CDS,efeO,ferrous iron transport system protein EfeO,945603,b1018
NP_415538,EBHIBJHK_04225,P31545,NP_415538.1,b1019,CDS,efeB,heme-containing peroxidase/deferrochelatase,946500,b1019
NP_415539,EBHIBJHK_04227,P0A9K1,NP_415539.1,b1020,CDS,phoH,ATP-binding protein PhoH,948010,b1020
NP_415540,EBHIBJHK_04228,P69432,NP_415540.1,b1021,CDS,pgaD,poly-N-acetyl-D-glucosamine synthase subunit PgaD,947503,b1021
NP_415541,EBHIBJHK_04229,P75905,NP_415541.1,b1022,CDS,pgaC,poly-N-acetyl-D-glucosamine synthase subunit PgaC,945606,b1022
NP_415542,EBHIBJHK_04230,P75906,NP_415542.1,b1023,CDS,pgaB,"poly-beta-1,6-N-acetyl-D-glucosamine N-deacetylase and beta-1,6 glycoside hydrolase",945604,b1023
NP_415543,EBHIBJHK_04231,P69434,NP_415543.1,b1024,CDS,pgaA,"partially deacetylated poly-beta-1,6-N-acetyl-D-glucosamine export outer membrane porin",945596,b1024
NP_415544,EBHIBJHK_04232,P75908,NP_415544.1,b1025,CDS,dgcT,putative diguanylate cyclase DgcT,945593,b1025
NP_415545,EBHIBJHK_02604,P0CF82,NP_415545.1,b1026,CDS,insF4,IS3 element protein InsF,945587,b1026
NP_415545,EBHIBJHK_02604,P0CF82,NP_415545.1,b1026,CDS,insF4,IS3 element protein InsF,945587,b1026
NP_415546,EBHIBJHK_02603,P0CF69,NP_415546.2,b1027,CDS,insE4,IS3 element protein InsE,945584,b1027
NP_415551,EBHIBJHK_03393,P75913,NP_415551.2,b1033,CDS,ghrA,glyoxylate/hydroxypyruvate reductase A,946431,b1033
NP_415552,EBHIBJHK_03394,P75914,NP_415552.1,b1034,CDS,ycdX,zinc-binding phosphatase YcdX,948477,b1034
NP_415553,EBHIBJHK_03395,P75915,NP_415553.1,b1035,CDS,ycdY,chaperone protein YcdY,945609,b1035
NP_415554,EBHIBJHK_03396,P75916,NP_415554.4,b1036,CDS,ycdZ,inner membrane protein YcdZ,945617,b1036
NP_415555,EBHIBJHK_03397,P0AEA2,NP_415555.1,b1037,CDS,csgG,curli secretion channel,945619,b1037
NP_415556,EBHIBJHK_03398,P0AE98,NP_415556.1,b1038,CDS,csgF,curli assembly component CsgF,945622,b1038
NP_415557,EBHIBJHK_03399,P0AE95,NP_415557.1,b1039,CDS,csgE,curli assembly component CsgE,945711,b1039
NP_415558,EBHIBJHK_03400,P52106,NP_415558.1,b1040,CDS,csgD,DNA-binding transcriptional dual regulator CsgD,949119,b1040
NP_415560,EBHIBJHK_03402,P28307,NP_415560.1,b1042,CDS,csgA,"curlin, major subunit",949055,b1042
NP_415561,EBHIBJHK_03403,P52107,NP_415561.1,b1043,CDS,csgC,curlin chaperone,945623,b1043
NP_415562,EBHIBJHK_03404,P75917,NP_415562.1,b1044,CDS,ymdA,uncharacterized protein YmdA,949012,b1044
NP_415563,EBHIBJHK_03405,P0A8D6,NP_415563.1,b1045,CDS,ymdB,"2'-O-acetyl-ADP-ribose deacetylase, regulator of RNase III activity",946987,b1045
NP_415564,EBHIBJHK_03406,P75919,NP_415564.2,b1046,CDS,clsC,cardiolipin synthase C,947321,b1046
NP_415565,EBHIBJHK_03407,P75920,NP_415565.1,b1047,CDS,opgC,osmoregulated periplasmic glucans (OPG) biosynthesis protein C,946944,b1047
NP_415566,EBHIBJHK_03408,P33136,NP_415566.1,b1048,CDS,opgG,osmoregulated periplasmic glucans biosynthesis protein G,945005,b1048
NP_415567,EBHIBJHK_03409,P62517,NP_415567.1,b1049,CDS,opgH,osmoregulated periplasmic glucans biosynthesis protein H,945624,b1049
NP_415568,EBHIBJHK_03410,P0AB31,NP_415568.1,b1050,CDS,yceK,DUF1375 domain-containing lipoprotein YceK,945613,b1050
NP_415569,EBHIBJHK_03411,P25738,NP_415569.4,b1051,CDS,msyB,acidic protein MsyB,945612,b1051
NP_415571,EBHIBJHK_03412,P25744,NP_415571.1,b1053,CDS,mdtG,efflux pump MdtG,945627,b1053
NP_415572,EBHIBJHK_03413,P0ACV0,NP_415572.1,b1054,CDS,lpxL,lauroyl acyltransferase,946216,b1054
NP_415573,EBHIBJHK_03414,P24188,NP_415573.1,b1055,CDS,trhO,tRNA U34 hydroxylase TrhO,945601,b1055
NP_415574,EBHIBJHK_03415,P0A8X2,NP_415574.1,b1056,CDS,yceI,protein YceI,946145,b1056
NP_415575,EBHIBJHK_03416,P75925,NP_415575.1,b1057,CDS,yceJ,putative cytochrome b561 YceJ,945628,b1057
NP_415576,EBHIBJHK_03417,P64442,NP_415576.1,b1058,CDS,yceO,DUF2770 domain-containing protein YceO,945629,b1058
NP_415577,EBHIBJHK_03418,P40874,NP_415577.1,b1059,CDS,solA,N-methyl-L-tryptophan oxidase,944983,b1059
NP_415578,EBHIBJHK_03419,P0AB33,NP_415578.3,b1060,CDS,bssS,regulator of biofilm formation,946104,b1060
NP_415579,EBHIBJHK_03420,P0ABR1,NP_415579.1,b1061,CDS,dinI,DNA damage-inducible protein I,945022,b1061
NP_415580,EBHIBJHK_03421,P05020,NP_415580.1,b1062,CDS,pyrC,dihydroorotase,945787,b1062
NP_415581,EBHIBJHK_03422,P0AB26,NP_415581.1,b1063,CDS,yceB,putative lipid-binding lipoprotein YceB,947377,b1063
NP_415582,EBHIBJHK_03423,P0AC59,NP_415582.1,b1064,CDS,grxB,reduced glutaredoxin 2,946926,b1064
NP_415583,EBHIBJHK_03424,P69367,NP_415583.4,b1065,CDS,mdtH,multidrug efflux pump MdtH,946920,b1065
NP_415584,EBHIBJHK_03425,P0A948,NP_415584.1,b1066,CDS,rimJ,ribosomal-protein-S5-alanine N-acetyltransferase,946910,b1066
NP_415585,EBHIBJHK_03426,P29217,NP_415585.1,b1067,CDS,yceH,DUF480 domain-containing protein YceH,945633,b1067
NP_415586,EBHIBJHK_03427,P75931,NP_415586.1,b1068,CDS,yceM,putative oxidoreductase YceM,945204,b1068
NP_415587,EBHIBJHK_03428,P0AF16,NP_415587.1,b1069,CDS,murJ,lipid II flippase MurJ,945487,b1069
NP_415588,EBHIBJHK_03429,P43533,NP_415588.1,b1070,CDS,flgN,flagellar biosynthesis protein FlgN,945634,b1070
NP_415589,EBHIBJHK_03430,P0AEM4,NP_415589.1,b1071,CDS,flgM,anti-sigma factor for FliA (sigma(28)),946684,b1071
NP_415590,EBHIBJHK_03431,P75933,NP_415590.1,b1072,CDS,flgA,flagellar basal body P-ring formation protein FlgA,946300,b1072
NP_415591,EBHIBJHK_03432,P0ABW9,NP_415591.1,b1073,CDS,flgB,flagellar basal-body rod protein FlgB,945678,b1073
NP_415592,EBHIBJHK_03433,P0ABX2,NP_415592.1,b1074,CDS,flgC,flagellar basal-body rod protein FlgC,946687,b1074
NP_415593,EBHIBJHK_03434,P75936,NP_415593.1,b1075,CDS,flgD,"flagellar biosynthesis, initiation of hook assembly",945813,b1075
NP_415594,EBHIBJHK_03435,P75937,NP_415594.1,b1076,CDS,flgE,flagellar hook protein FlgE,945636,b1076
NP_415595,EBHIBJHK_03436,P75938,NP_415595.1,b1077,CDS,flgF,flagellar basal-body rod protein FlgF,945639,b1077
NP_415596,EBHIBJHK_03437,P0ABX5,NP_415596.1,b1078,CDS,flgG,flagellar basal-body rod protein FlgG,945647,b1078
NP_415597,EBHIBJHK_03438,P0A6S0,NP_415597.1,b1079,CDS,flgH,flagellar L-ring protein,946996,b1079
NP_415598,EBHIBJHK_03439,P0A6S3,NP_415598.3,b1080,CDS,flgI,flagellar P-ring protein,947534,b1080
NP_415599,EBHIBJHK_03440,P75942,NP_415599.1,b1081,CDS,flgJ,putative peptidoglycan hydrolase FlgJ,947456,b1081
NP_415600,EBHIBJHK_03441,P33235,NP_415600.1,b1082,CDS,flgK,flagellar hook-filament junction protein 1,945648,b1082
NP_415601,EBHIBJHK_03442,P29744,NP_415601.1,b1083,CDS,flgL,flagellar hook-filament junction protein 2,945646,b1083
NP_415602,EBHIBJHK_03445,P21513,NP_415602.1,b1084,CDS,rne,ribonuclease E,945641,b1084
NP_415604,EBHIBJHK_03446,P0AA39,NP_415604.1,b1086,CDS,rluC,23S rRNA pseudouridine(955/2504/2580) synthase,945637,b1086
NP_415605,EBHIBJHK_03447,P0A729,NP_415605.2,b1087,CDS,yceF,m(7)GTP pyrophosphatase,945631,b1087
NP_415606,EBHIBJHK_03448,P0AB28,NP_415606.1,b1088,CDS,yceD,DUF177 domain-containing protein YceD,945650,b1088
NP_415607,EBHIBJHK_03449,P0A7N4,NP_415607.1,b1089,CDS,rpmF,50S ribosomal subunit protein L32,945657,b1089
NP_415608,EBHIBJHK_03450,P27247,NP_415608.2,b1090,CDS,plsX,putative phosphate acyltransferase,946165,b1090
NP_415609,EBHIBJHK_03451,P0A6R0,NP_415609.1,b1091,CDS,fabH,3-oxoacyl-[acyl carrier protein,946003,b1091
NP_415610,EBHIBJHK_03452,P0AAI9,NP_415610.1,b1092,CDS,fabD,[acyl-carrier-protein,945766,b1092
NP_415611,EBHIBJHK_03453,P0AEK2,NP_415611.1,b1093,CDS,fabG,3-oxoacyl-[acyl-carrier-protein,945645,b1093
NP_415612,EBHIBJHK_03454,P0A6A8,NP_415612.1,b1094,CDS,acpP,acyl carrier protein,944805,b1094
NP_415613,EBHIBJHK_03455,P0AAI5,NP_415613.1,b1095,CDS,fabF,3-oxoacyl-[acyl carrier protein,946665,b1095
NP_415614,EBHIBJHK_04693,P28305,NP_415614.1,b1096,CDS,pabC,aminodeoxychorismate lyase,946647,b1096
NP_415615,EBHIBJHK_04694,P28306,NP_415615.1,b1097,CDS,mltG,endolytic murein transglycosylase,945660,b1097
NP_415616,EBHIBJHK_04695,P0A720,NP_415616.1,b1098,CDS,tmk,Tmk,945663,b1098
NP_415617,EBHIBJHK_04696,P28631,NP_415617.1,b1099,CDS,holB,DNA polymerase III subunit delta',945661,b1099
NP_415618,EBHIBJHK_04697,P0AFQ7,NP_415618.1,b1100,CDS,ycfH,putative metal-dependent hydrolase YcfH,945656,b1100
NP_415619,EBHIBJHK_04698,P69786,NP_415619.1,b1101,CDS,ptsG,glucose-specific PTS enzyme IIBC component,945651,b1101
NP_415620,EBHIBJHK_04699,P16869,NP_415620.1,b1102,CDS,fhuE,ferric coprogen/ferric rhodotorulic acid outer membrane transporter,945649,b1102
NP_415621,EBHIBJHK_04700,P0ACE7,NP_415621.3,b1103,CDS,hinT,purine nucleoside phosphoramidase,948549,b1103
NP_415622,EBHIBJHK_04701,P75946,NP_415622.1,b1104,CDS,ycfL,DUF1425 domain-containing protein YcfL,948539,b1104
NP_415623,EBHIBJHK_04702,P0AB38,NP_415623.1,b1105,CDS,lpoB,outer membrane lipoprotein - activator of MrcB activity,948536,b1105
NP_415624,EBHIBJHK_04703,P75948,NP_415624.1,b1106,CDS,thiK,thiamine kinase,948525,b1106
NP_415625,EBHIBJHK_04704,P75949,NP_415625.1,b1107,CDS,nagZ,beta-N-acetylglucosaminidase,945671,b1107
NP_415626,EBHIBJHK_04705,P0A8E1,NP_415626.4,b1108,CDS,ycfP,PF05728 family protein YcfP,945676,b1108
NP_415627,EBHIBJHK_04706,P00393,NP_415627.1,b1109,CDS,ndh,NADH:quinone oxidoreductase II,946792,b1109
NP_415628,EBHIBJHK_04707,P0AB35,NP_415628.1,b1110,CDS,ycfJ,PF05433 family protein YcfJ,945977,b1110
NP_415629,EBHIBJHK_04708,P75952,NP_415629.4,b1111,CDS,comR,DNA-binding transcriptional repressor ComR,947425,b1111
NP_415630,EBHIBJHK_04709,P0AB40,NP_415630.1,b1112,CDS,bhsA,DUF1471 domain-containing multiple stress resistance outer membrane protein BhsA,945492,b1112
NP_415631,EBHIBJHK_03864,P75954,NP_415631.1,b1113,CDS,ldtC,"L,D-transpeptidase LdtC",945666,b1113
NP_415632,EBHIBJHK_03863,P30958,NP_415632.1,b1114,CDS,mfd,transcription-repair coupling factor,945681,b1114
NP_415633,EBHIBJHK_03862,P75955,NP_415633.1,b1115,CDS,ycfT,inner membrane protein YcfT,945679,b1115
NP_415634,EBHIBJHK_03861,P0ADC3,NP_415634.1,b1116,CDS,lolC,lipoprotein release complex - inner membrane subunit,945673,b1116
NP_415635,EBHIBJHK_03860,P75957,NP_415635.4,b1117,CDS,lolD,lipoprotein release complex - ATP binding subunit,945670,b1117
NP_415636,EBHIBJHK_03859,P75958,NP_415636.1,b1118,CDS,lolE,lipoprotein release complex - inner membrane subunit,945665,b1118
NP_415637,EBHIBJHK_03858,P75959,NP_415637.1,b1119,CDS,nagK,N-acetyl-D-glucosamine kinase,945664,b1119
NP_415638,EBHIBJHK_03857,P75960-1,NP_415638.3,b1120,CDS,cobB,protein-lysine deacetylase/desuccinylase/lipoamidase,945687,b1120
NP_415639,EBHIBJHK_03856,P75961,NP_415639.1,b1121,CDS,ycfZ,putative inner membrane protein YcfZ,945685,b1121
NP_415640,EBHIBJHK_03855,P75962,NP_415640.2,b1122,CDS,ymfA,putative inner membrane protein YmfA,945684,b1122
NP_415641,EBHIBJHK_03854,P0AFK9,NP_415641.1,b1123,CDS,potD,spermidine preferential ABC transporter periplasmic binding protein,945682,b1123
NP_415642,EBHIBJHK_03853,P0AFK6,NP_415642.1,b1124,CDS,potC,spermidine preferential ABC transporter membrane subunit PotC,945691,b1124
NP_415643,EBHIBJHK_03852,P0AFK4,NP_415643.3,b1125,CDS,potB,spermidine preferential ABC transporter membrane subunit PotB,945692,b1125
NP_415644,EBHIBJHK_03851,P69874,NP_415644.1,b1126,CDS,potA,spermidine preferential ABC transporter ATP binding subunit,946323,b1126
NP_415645,EBHIBJHK_03850,P29745,NP_415645.1,b1127,CDS,pepT,peptidase T,946333,b1127
NP_415646,EBHIBJHK_03849,P27431,NP_415646.4,b1128,CDS,roxA,50S ribosomal protein L16-arginine 3-hydroxylase,945391,b1128
NP_415647,EBHIBJHK_03848,P23837,NP_415647.1,b1129,CDS,phoQ,sensor histidine kinase PhoQ,946326,b1129
NP_415648,EBHIBJHK_03847,P23836,NP_415648.1,b1130,CDS,phoP,DNA-binding transcriptional dual regulator PhoP,945697,b1130
NP_415649,EBHIBJHK_03846,P0AB89,NP_415649.1,b1131,CDS,purB,adenylosuccinate lyase,945695,b1131
NP_415650,EBHIBJHK_03845,P25746,NP_415650.1,b1132,CDS,hflD,lysogenization regulator,945693,b1132
NP_415651,EBHIBJHK_03844,P25745,NP_415651.4,b1133,CDS,mnmA,tRNA-specific 2-thiouridylase,945690,b1133
NP_415652,EBHIBJHK_03843,P0AEI6,NP_415652.1,b1134,CDS,nudJ,phosphatase NudJ,945689,b1134
NP_415653,EBHIBJHK_03842,P75966,NP_415653.4,b1135,CDS,rluE,23S rRNA pseudouridine(2457) synthase,945701,b1135
NP_415654,EBHIBJHK_03838,P08200,NP_415654.1,b1136,CDS,icd,isocitrate dehydrogenase,945702,b1136
NP_415679,EBHIBJHK_03837,P75988,NP_415679.1,b1161,CDS,ycgX,DUF1398 domain-containing protein YcgX,945733,b1161
NP_415680,EBHIBJHK_03836,P75989,NP_415680.1,b1162,CDS,bluR,DNA-binding transcriptional repressor BluR,945735,b1162
NP_415681,EBHIBJHK_03835,P75990,NP_415681.1,b1163,CDS,bluF,blue light- and temperature-regulated antirepressor BluF,947592,b1163
NP_415682,EBHIBJHK_03834,P75991,NP_415682.1,b1164,CDS,ycgZ,putative two-component system connector protein YcgZ,945885,b1164
NP_415684,EBHIBJHK_03833,P75993,NP_415684.1,b1166,CDS,ariR,putative two-component system connector protein AriR,945340,b1166
NP_415685,EBHIBJHK_03832,P75994,NP_415685.1,b1167,CDS,ymgC,protein YmgC,945090,b1167
NP_415686,EBHIBJHK_03831,P75995,NP_415686.2,b1168,CDS,pdeG,putative c-di-GMP phosphodiesterase PdeG,945738,b1168
NP_415689,EBHIBJHK_03828,P0AB46,NP_415689.2,b1171,CDS,ymgD,PF16456 family protein YmgD,945732,b1171
NP_415690,EBHIBJHK_03827,Q7DFV3,NP_415690.5,b1172,CDS,ymgG,PF13436 family protein YmgG,945728,b1172
NP_415692,EBHIBJHK_03457,P0A734,NP_415692.1,b1174,CDS,minE,Z-ring positioning protein MinE,945740,b1174
NP_415693,EBHIBJHK_03458,P0AEZ3,NP_415693.1,b1175,CDS,minD,Z-ring positioning protein MinD,945741,b1175
NP_415694,EBHIBJHK_03459,P18196,NP_415694.1,b1176,CDS,minC,Z-ring positioning protein MinC,945744,b1176
NP_415695,EBHIBJHK_03460,P76001,NP_415695.1,b1177,CDS,ycgJ,PF05666 family protein YcgJ,946155,b1177
NP_415696,EBHIBJHK_03461,P76002,NP_415696.1,b1178,CDS,pliG,inhibitor of g-type lysozyme,946963,b1178
NP_415697,EBHIBJHK_03462,P0AB43,NP_415697.5,b1179,CDS,ycgL,PF05166 family protein YcgL,946226,b1179
NP_415698,EBHIBJHK_03463,P76004,NP_415698.1,b1180,CDS,ycgM,putative isomerase/hydrolase,946115,b1180
NP_415699,EBHIBJHK_03464,P0A8L5,NP_415699.5,b1181,CDS,ycgN,putative metal-chelating domain-containing protein YcgN,945804,b1181
NP_415700,EBHIBJHK_03465,P77335,NP_415700.4,b1182,CDS,hlyE,hemolysin E,945745,b1182
NP_415701,EBHIBJHK_03466,P0AG11,NP_415701.1,b1183,CDS,umuD,DNA polymerase V protein UmuD,945746,b1183
NP_415702,EBHIBJHK_03467,P04152,NP_415702.1,b1184,CDS,umuC,DNA polymerase V catalytic protein,946359,b1184
NP_415703,EBHIBJHK_03468,P0A6M2,NP_415703.3,b1185,CDS,dsbB,protein thiol:quinone oxidoreductase DsbB,946344,b1185
NP_415704,EBHIBJHK_03469,P0AFA7,NP_415704.1,b1186,CDS,nhaB,Na(+):H(+) antiporter NhaB,944822,b1186
NP_415705,EBHIBJHK_03470,P0A8V6,NP_415705.1,b1187,CDS,fadR,DNA-binding transcriptional dual regulator FadR,948652,b1187
NP_415706,EBHIBJHK_03471,P29013,NP_415706.1,b1188,CDS,ycgB,PF04293 family protein YcgB,946365,b1188
NP_415707,EBHIBJHK_03472,P0A6J5,NP_415707.1,b1189,CDS,dadA,D-amino acid dehydrogenase,945752,b1189
NP_415708,EBHIBJHK_03473,P29012,NP_415708.1,b1190,CDS,dadX,alanine racemase 2,945754,b1190
NP_415709,EBHIBJHK_03475,P76007,NP_415709.2,b1191,CDS,cvrA,putative K(+):H(+) antiporter,945755,b1191
NP_415710,EBHIBJHK_03476,P76008,NP_415710.1,b1192,CDS,ldcA,murein tetrapeptide carboxypeptidase,945756,b1192
NP_415711,EBHIBJHK_03477,P0C960,NP_415711.2,b1193,CDS,emtA,lytic murein transglycosylase E,945655,b1193
NP_415712,EBHIBJHK_03478,P76010,NP_415712.1,b1194,CDS,ycgR,flagellar brake protein YcgR,947609,b1194
NP_415713,EBHIBJHK_03479,P76011,NP_415713.1,b1195,CDS,ymgE,PF04226 family protein YmgE,945760,b1195
NP_415715,EBHIBJHK_03486,P13482,NP_415715.1,b1197,CDS,treA,periplasmic trehalase,945757,b1197
NP_415716,EBHIBJHK_03487,P37349,NP_415716.4,b1198,CDS,dhaM,dihydroxyacetone kinase subunit M,945749,b1198
NP_415717,EBHIBJHK_03488,P76014,NP_415717.1,b1199,CDS,dhaL,dihydroxyacetone kinase subunit L,945748,b1199
NP_415718,EBHIBJHK_03489,P76015,NP_415718.6,b1200,CDS,dhaK,dihydroxyacetone kinase subunit K,945747,b1200
NP_415719,EBHIBJHK_03490,P76016,NP_415719.2,b1201,CDS,dhaR,DNA-binding transcriptional dual regulator DhaR,945743,b1201
NP_415720,EBHIBJHK_03491,P76017,NP_415720.1,b1202,CDS,ycgV,putative autotransporter adhesin YcgV,945767,b1202
NP_415721,EBHIBJHK_03492,P0ABU2,NP_415721.1,b1203,CDS,ychF,redox-responsive ATPase YchF,945769,b1203
NP_415722,EBHIBJHK_03493,P0A7D1,NP_415722.1,b1204,CDS,pth,peptidyl-tRNA hydrolase,945765,b1204
NP_415723,EBHIBJHK_03494,P0AB49,NP_415723.1,b1205,CDS,ychH,stress-induced protein,945762,b1205
NP_415724,EBHIBJHK_03495,P0AFR2,NP_415724.2,b1206,CDS,dauA,aerobic C4-dicarboxylate transporter DauA,945770,b1206
NP_415725,EBHIBJHK_03496,P0A717,NP_415725.1,b1207,CDS,prs,ribose-phosphate diphosphokinase,945772,b1207
NP_415726,EBHIBJHK_03497,P62615,NP_415726.1,b1208,CDS,ispE,4-(cytidine 5'-diphospho)-2-C-methyl-D-erythritol kinase,945774,b1208
NP_415727,EBHIBJHK_03498,P61320,NP_415727.1,b1209,CDS,lolB,outer membrane lipoprotein LolB,945775,b1209
NP_415728,EBHIBJHK_03499,P0A6X1,NP_415728.1,b1210,CDS,hemA,glutamyl-tRNA reductase,945777,b1210
NP_415729,EBHIBJHK_03500,P0A7I0,NP_415729.1,b1211,CDS,prfA,peptide chain release factor RF1,949002,b1211
NP_415730,EBHIBJHK_03501,P0ACC1,NP_415730.1,b1212,CDS,prmC,protein-(glutamine-N(5)) methyltransferase,945779,b1212
NP_415731,EBHIBJHK_03502,Q46755,NP_415731.1,b1213,CDS,ychQ,SirB family protein YchQ,945781,b1213
NP_415732,EBHIBJHK_03503,P0AGM5,NP_415732.1,b1214,CDS,ychA,transglutaminase-like/TPR repeat-containing protein,945784,b1214
NP_415733,EBHIBJHK_03504,P0A715,NP_415733.1,b1215,CDS,kdsA,3-deoxy-D-manno-octulosonate 8-phosphate synthase,945785,b1215
NP_415734,EBHIBJHK_04680,P31801,NP_415734.1,b1216,CDS,chaA,Na(+)/K(+):H(+) antiporter ChaA,945790,b1216
NP_415735,EBHIBJHK_04681,P0AE63,NP_415735.1,b1217,CDS,chaB,putative cation transport regulator ChaB,945792,b1217
NP_415736,EBHIBJHK_04682,P39163,NP_415736.2,b1218,CDS,chaC,glutathione-specific gamma-glutamylcyclotransferase,945793,b1218
NP_415737,EBHIBJHK_04683,P0AB52,NP_415737.1,b1219,CDS,ychN,DsrE/F sulfur relay family protein YchN,945794,b1219
NP_415738,EBHIBJHK_04684,P39165,NP_415738.2,b1220,CDS,ychO,putative invasin YchO,945801,b1220
NP_415739,EBHIBJHK_04685,P0AF28,NP_415739.1,b1221,CDS,narL,DNA-binding transcriptional dual regulator NarL,945795,b1221
NP_415740,EBHIBJHK_04686,P0AFA2,NP_415740.1,b1222,CDS,narX,sensor histidine kinase NarX,945788,b1222
NP_415741,EBHIBJHK_04688,P10903,NP_415741.1,b1223,CDS,narK,nitrate:nitrite antiporter NarK,945783,b1223
NP_415742,EBHIBJHK_04689,P09152,NP_415742.1,b1224,CDS,narG,nitrate reductase A subunit alpha,945782,b1224
NP_415743,EBHIBJHK_04690,P11349,NP_415743.1,b1225,CDS,narH,nitrate reductase A subunit beta,945780,b1225
NP_415744,EBHIBJHK_04691,P0AF26,NP_415744.1,b1226,CDS,narJ,nitrate reductase 1 molybdenum cofactor assembly chaperone,945807,b1226
NP_415745,EBHIBJHK_04692,P11350,NP_415745.1,b1227,CDS,narI,nitrate reductase A subunit gamma,945808,b1227
NP_415748,EBHIBJHK_04004,P37051,NP_415748.1,b1232,CDS,purU,formyltetrahydrofolate deformylase,945827,b1232
NP_415749,EBHIBJHK_04003,P37052,NP_415749.1,b1233,CDS,ychJ,NTF2-like domain-containing protein YchJ,945828,b1233
NP_415750,EBHIBJHK_04002,P0AFR0,NP_415750.2,b1234,CDS,rssA,putative patatin-like phospholipase RssA,945725,b1234
NP_415751,EBHIBJHK_04001,P0AEV1,NP_415751.1,b1235,CDS,rssB,regulator of RpoS,945855,b1235
NP_415752,EBHIBJHK_04000,P0AEP3,NP_415752.1,b1236,CDS,galU,UTP--glucose-1-phosphate uridylyltransferase,945730,b1236
NP_415753,EBHIBJHK_03999,P0ACF8,NP_415753.1,b1237,CDS,hns,DNA-binding transcriptional dual regulator H-NS,945829,b1237
NP_415754,EBHIBJHK_03998,P23331,NP_415754.1,b1238,CDS,tdk,thymidine/deoxyuridine kinase,945834,b1238
NP_415757,EBHIBJHK_03997,P0A9Q7,NP_415757.1,b1241,CDS,adhE,fused acetaldehyde-CoA dehydrogenase and iron-dependent alcohol dehydrogenasealdehyde/alcohol dehydrogenase AdhE,945837,b1241
NP_415758,EBHIBJHK_03996,P25743,NP_415758.1,b1242,CDS,ychE,MarC family putative inner membrane protein YchE,945836,b1242
NP_415759,EBHIBJHK_03993,P23843,NP_415759.1,b1243,CDS,oppA,oligopeptide ABC transporter periplasmic binding protein,945830,b1243
NP_415760,EBHIBJHK_03992,P0AFH2,NP_415760.1,b1244,CDS,oppB,murein tripeptide ABC transporter/oligopeptide ABC transporter inner membrane subunit OppB,945823,b1244
NP_415761,EBHIBJHK_03991,P0AFH6,NP_415761.1,b1245,CDS,oppC,murein tripeptide ABC transporter/oligopeptide ABC transporter inner membrane subunit OppC,945810,b1245
NP_415763,EBHIBJHK_03989,P77737,NP_415763.1,b1247,CDS,oppF,murein tripeptide ABC transporter/oligopeptide ABC transporter ATP binding subunit OppF,945818,b1247
NP_415764,EBHIBJHK_03988,P0A8L7,NP_415764.4,b1248,CDS,yciU,DUF440 domain-containing protein YciU,945819,b1248
NP_415765,EBHIBJHK_03987,P0A6H8,NP_415765.1,b1249,CDS,clsA,cardiolipin synthase A,945821,b1249
NP_415766,EBHIBJHK_03986,P31069,NP_415766.1,b1250,CDS,kch,K(+) channel Kch,945841,b1250
NP_415767,EBHIBJHK_03985,P0AB55,NP_415767.2,b1251,CDS,yciI,protein YciI,949085,b1251
NP_415768,EBHIBJHK_03984,P02929,NP_415768.1,b1252,CDS,tonB,Ton complex subunit TonB,945843,b1252
NP_415769,EBHIBJHK_03983,P0A8Z0,NP_415769.1,b1253,CDS,yciA,acyl-CoA thioesterase YciA,946634,b1253
NP_415770,EBHIBJHK_03982,P0A710,NP_415770.1,b1254,CDS,yciB,inner membrane protein,946228,b1254
NP_415771,EBHIBJHK_03981,P21365,NP_415771.1,b1255,CDS,yciC,putative inner membrane protein,945844,b1255
NP_415772,EBHIBJHK_03980,P0A915,NP_415772.1,b1256,CDS,ompW,outer membrane protein W,945128,b1256
NP_415773,EBHIBJHK_03979,P21363,NP_415773.1,b1257,CDS,yciE,DUF892 domain-containing protein YciE,946871,b1257
NP_415774,EBHIBJHK_03978,P21362,NP_415774.1,b1258,CDS,yciF,DUF892 domain-containing protein YciF,947133,b1258
NP_415775,EBHIBJHK_03977,P21361,NP_415775.4,b1259,CDS,yciG,stress-induced bacterial acidophilic repeat motifs-containing protein YciG,947489,b1259
NP_415776,EBHIBJHK_03976,P0A877,NP_415776.1,b1260,CDS,trpA,tryptophan synthase subunit alpha,946204,b1260
NP_415777,EBHIBJHK_03975,P0A879,NP_415777.1,b1261,CDS,trpB,tryptophan synthase subunit beta,945768,b1261
NP_415778,EBHIBJHK_03974,P00909,NP_415778.3,b1262,CDS,trpC,fused indole-3-glycerol phosphate synthase/phosphoribosylanthranilate isomerase,945519,b1262
NP_415779,EBHIBJHK_03973,P00904,NP_415779.1,b1263,CDS,trpD,anthranilate synthase subunit TrpD,945109,b1263
NP_415780,EBHIBJHK_03972,P00895,NP_415780.1,b1264,CDS,trpE,anthranilate synthase subunit TrpE,945846,b1264
NP_415782,EBHIBJHK_03971,P77766,NP_415782.1,b1266,CDS,rnm,RNase AM,945857,b1266
NP_415783,EBHIBJHK_03970,P0AFR4,NP_415783.6,b1267,CDS,yciO,putative RNA-binding protein YciO,945854,b1267
NP_415784,EBHIBJHK_03969,P45848,NP_415784.1,b1268,CDS,yciQ,DUF2207 domain-containing protein YciQ,945850,b1268
NP_415785,EBHIBJHK_03968,P37765,NP_415785.1,b1269,CDS,rluB,23S rRNA pseudouridine(2605) synthase,945840,b1269
NP_415786,EBHIBJHK_03965,P0A9H5,NP_415786.1,b1270,CDS,btuR,cobinamide/cobalamin adenosyltransferase,945839,b1270
NP_415786,EBHIBJHK_03310,P0A9H5,NP_415786.1,b1270,CDS,btuR,cobinamide/cobalamin adenosyltransferase,945839,b1270
NP_415787,EBHIBJHK_03964,P31808,NP_415787.1,b1271,CDS,yciK,putative oxidoreductase,945838,b1271
NP_415788,EBHIBJHK_03963,P0AG14,NP_415788.1,b1272,CDS,sohB,S49 peptidase family protein,945858,b1272
NP_415789,EBHIBJHK_03745,P0AB61,NP_415789.1,b1273,CDS,yciN,protein YciN,945860,b1273
NP_415790,EBHIBJHK_03746,P06612,NP_415790.1,b1274,CDS,topA,DNA topoisomerase 1,945862,b1274
NP_415791,EBHIBJHK_03747,P0A9F3,NP_415791.1,b1275,CDS,cysB,DNA-binding transcriptional dual regulator CysB,945771,b1275
NP_415792,EBHIBJHK_03750,P25516,NP_415792.1,b1276,CDS,acnA,aconitate hydratase 1,946724,b1276
NP_415793,EBHIBJHK_03751,P0A7I7,NP_415793.1,b1277,CDS,ribA,GTP cyclohydrolase 2,945763,b1277
NP_415794,EBHIBJHK_03752,P0A924,NP_415794.1,b1278,CDS,pgpB,phosphatidylglycerophosphatase B,945863,b1278
NP_415795,EBHIBJHK_03753,P0ACV4,NP_415795.1,b1279,CDS,lapA,lipopolysaccharide assembly protein A,944936,b1279
NP_415796,EBHIBJHK_03754,P0AB58,NP_415796.1,b1280,CDS,lapB,lipopolysaccharide assembly protein B,944858,b1280
NP_415797,EBHIBJHK_03755,P08244,NP_415797.1,b1281,CDS,pyrF,orotidine-5'-phosphate decarboxylase,947121,b1281
NP_415798,EBHIBJHK_03756,P08245,NP_415798.2,b1282,CDS,yciH,putative translation factor,947058,b1282
NP_415799,EBHIBJHK_03757,P0ADA7,NP_415799.1,b1283,CDS,osmB,osmotically-inducible lipoprotein OsmB,945866,b1283
NP_415800,EBHIBJHK_03758,P76034,NP_415800.1,b1284,CDS,yciT,DNA-binding transcriptional dual regulator YciT,945869,b1284
NP_415801,EBHIBJHK_03760,P77334,NP_415801.1,b1285,CDS,pdeR,cyclic di-GMP phosphodiesterase PdeR,945868,b1285
NP_415802,EBHIBJHK_03761,P30850,NP_415802.1,b1286,CDS,rnb,RNase II,945864,b1286
NP_415803,EBHIBJHK_03762,P76035,NP_415803.2,b1287,CDS,yciW,putative peroxidase YciW,945859,b1287
NP_415804,EBHIBJHK_03763,P0AEK4,NP_415804.1,b1288,CDS,fabI,enoyl-[acyl-carrier-protein,945870,b1288
NP_415806,EBHIBJHK_03769,P0AAH8,NP_415806.1,b1290,CDS,sapF,putrescine ABC exporter ATP binding protein SapF,945335,b1290
NP_415807,EBHIBJHK_03770,P0AAH4,NP_415807.1,b1291,CDS,sapD,putrescine ABC exporter ATP binding protein SapD,946203,b1291
NP_415808,EBHIBJHK_03771,P0AGH5,NP_415808.1,b1292,CDS,sapC,putrescine ABC exporter membrane protein SapC,945266,b1292
NP_415809,EBHIBJHK_03772,P0AGH3,NP_415809.1,b1293,CDS,sapB,putrescine ABC exporter membrane subunit SapB,946191,b1293
NP_415810,EBHIBJHK_03773,Q47622,NP_415810.1,b1294,CDS,sapA,putative periplasmic binding protein SapA,945873,b1294
NP_415811,EBHIBJHK_03774,P0ACV8,NP_415811.1,b1295,CDS,ymjA,DUF2543 domain-containing protein YmjA,945874,b1295
NP_415812,EBHIBJHK_03775,P76037,NP_415812.4,b1296,CDS,puuP,putrescine:H(+) symporter PuuP,946287,b1296
NP_415813,EBHIBJHK_03776,P78061,NP_415813.4,b1297,CDS,puuA,glutamate-putrescine ligase,946202,b1297
NP_415814,EBHIBJHK_03777,P76038,NP_415814.4,b1298,CDS,puuD,gamma-glutamyl-gamma-aminobutyrate hydrolase,945882,b1298
NP_415815,EBHIBJHK_03778,P0A9U6,NP_415815.1,b1299,CDS,puuR,DNA-binding transcriptional repressor PuuR,945886,b1299
NP_415816,EBHIBJHK_03779,P23883,NP_415816.1,b1300,CDS,puuC,gamma-glutamyl-gamma-aminobutyraldehyde dehydrogenase,947003,b1300
NP_415817,EBHIBJHK_03780,P37906,NP_415817.1,b1301,CDS,puuB,gamma-glutamylputrescine oxidase,945072,b1301
NP_415818,EBHIBJHK_03781,P50457,NP_415818.1,b1302,CDS,puuE,4-aminobutyrate aminotransferase PuuE,945446,b1302
NP_415819,EBHIBJHK_03824,P37344,NP_415819.4,b1303,CDS,pspF,DNA-binding transcriptional dual regulator PspF,945683,b1303
NP_415820,EBHIBJHK_03823,P0AFM6,NP_415820.1,b1304,CDS,pspA,phage shock protein A,945887,b1304
NP_415821,EBHIBJHK_03822,P0AFM9,NP_415821.1,b1305,CDS,pspB,phage shock protein B,945893,b1305
NP_415822,EBHIBJHK_03821,P0AFN2,NP_415822.1,b1306,CDS,pspC,phage shock protein C,945499,b1306
NP_415823,EBHIBJHK_03820,P0AFV8,NP_415823.1,b1307,CDS,pspD,phage shock protein D,945635,b1307
NP_415824,EBHIBJHK_03819,P23857,NP_415824.1,b1308,CDS,pspE,thiosulfate sulfurtransferase PspE,945652,b1308
NP_415825,EBHIBJHK_03818,P76041,NP_415825.4,b1309,CDS,ycjM,glucosylglycerate phosphorylase,945659,b1309
NP_415826,EBHIBJHK_03817,P76042,NP_415826.1,b1310,CDS,ycjN,putative ABC transporter periplasmic binding protein YcjN,945696,b1310
NP_415827,EBHIBJHK_03816,P0AFR7,NP_415827.1,b1311,CDS,ycjO,putative ABC transporter membrane subunit YcjO,945888,b1311
NP_415828,EBHIBJHK_03815,P77716,NP_415828.1,b1312,CDS,ycjP,putative ABC transporter membrane subunit YcjP,945892,b1312
NP_415829,EBHIBJHK_03814,P76043,NP_415829.1,b1313,CDS,ycjQ,D-guloside 3-dehydrogenase,945971,b1313
NP_415830,EBHIBJHK_03813,P76044,NP_415830.2,b1314,CDS,ycjR,3-dehydro-D-guloside 4-epimerase,947427,b1314
NP_415831,EBHIBJHK_03812,P77503,NP_415831.1,b1315,CDS,ycjS,D-glucoside 3-dehydrogenase,948589,b1315
NP_415832,EBHIBJHK_03811,P77154,NP_415832.1,b1316,CDS,ycjT,kojibiose phosphorylase,945895,b1316
NP_415833,EBHIBJHK_03810,P77366,NP_415833.1,b1317,CDS,ycjU,beta-phosphoglucomutase,945891,b1317
NP_415835,EBHIBJHK_03808,P76045,NP_415835.1,b1319,CDS,ompG,outer membrane porin G,945889,b1319
NP_415836,EBHIBJHK_03807,P77615,NP_415836.1,b1320,CDS,ycjW,DNA-binding transcriptional repressor YcjW,945875,b1320
NP_415837,EBHIBJHK_03806,P76046,NP_415837.1,b1321,CDS,ycjX,DUF463 domain-containing protein YcjX,945872,b1321
NP_415838,EBHIBJHK_03805,P0A8R7,NP_415838.1,b1322,CDS,ycjF,DUF697 domain-containing inner membrane protein YcjF,945878,b1322
NP_415839,EBHIBJHK_03804,P07604,NP_415839.1,b1323,CDS,tyrR,DNA-binding transcriptional dual regulator TyrR,945879,b1323
NP_415840,EBHIBJHK_03803,P0A862,NP_415840.1,b1324,CDS,tpx,lipid hydroperoxide peroxidase,945880,b1324
NP_415841,EBHIBJHK_03802,P51981,NP_415841.4,b1325,CDS,ycjG,L-Ala-D/L-Glu epimerase,946013,b1325
NP_415842,EBHIBJHK_03801,P0ACV6,NP_415842.2,b1326,CDS,mpaA,murein tripeptide amidase A,945969,b1326
NP_415843,EBHIBJHK_03799,P76049,NP_415843.2,b1327,CDS,ycjY,putative hydrolase YcjY,945988,b1327
NP_415844,EBHIBJHK_03798,P77333,NP_415844.1,b1328,CDS,pgrR,DNA-binding transcriptional repressor PgrR,945930,b1328
NP_415845,EBHIBJHK_03797,P77348,NP_415845.2,b1329,CDS,mppA,murein tripeptide ABC transporter periplasmic binding protein,945951,b1329
NP_415846,EBHIBJHK_03796,P0AEB5,NP_415846.1,b1330,CDS,ynaI,small conductance mechanosensitive channel YnaI,945898,b1330
NP_415848,EBHIBJHK_03795,P64445,NP_415848.1,b1332,CDS,ynaJ,DUF2534 domain-containing protein YnaJ,945901,b1332
NP_415849,EBHIBJHK_03794,P0AAC0,NP_415849.1,b1333,CDS,uspE,universal stress protein E,945904,b1333
NP_415850,EBHIBJHK_03793,P0A9E5,NP_415850.1,b1334,CDS,fnr,DNA-binding transcriptional dual regulator FNR,945908,b1334
NP_415851,EBHIBJHK_03792,P0AFH0,NP_415851.1,b1335,CDS,ogt,methylated-DNA--[protein,945853,b1335
NP_415852,EBHIBJHK_03791,P46133,NP_415852.2,b1336,CDS,abgT,p-aminobenzoyl glutamate:H(+) symporter,945912,b1336
NP_415853,EBHIBJHK_03790,P76052,NP_415853.1,b1337,CDS,abgB,p-aminobenzoyl-glutamate hydrolase subunit B,945950,b1337
NP_415854,EBHIBJHK_03789,P77357,NP_415854.4,b1338,CDS,abgA,p-aminobenzoyl-glutamate hydrolase subunit A,945742,b1338
NP_415855,EBHIBJHK_03788,P77744,NP_415855.1,b1339,CDS,abgR,putative LysR-type DNA-binding transcriptional regulator AbgR,945831,b1339
NP_415856,EBHIBJHK_03783,P76053,NP_415856.1,b1340,CDS,smrA,DNA endonuclease SmrA,945953,b1340
NP_415857,EBHIBJHK_03782,P77302,NP_415857.2,b1341,CDS,dgcM,diguanylate cyclase DgcM,945909,b1341
NP_415858,EBHIBJHK_03910,P64423,NP_415858.1,b1342,CDS,zntB,Zn(2(+)):H(+) symporter,945910,b1342
NP_415859,EBHIBJHK_03912,P21693,NP_415859.1,b1343,CDS,dbpA,ATP-dependent RNA helicase DbpA,947153,b1343
NP_415860,EBHIBJHK_03913,P76055,NP_415860.1,b1344,CDS,ttcA,tRNA cytosine(32) 2-sulfurtransferase TtcA,948967,b1344
NP_415861,EBHIBJHK_03914,P76056,NP_415861.1,b1345,CDS,intR,putative integrase,946976,b1345
NP_415862,EBHIBJHK_03915,P76057,NP_415862.4,b1346,CDS,xisR,excisionase,947399,b1346
NP_415863,EBHIBJHK_03916,P33230,NP_415863.1,b1347,CDS,rcbA,double-strand break reduction protein,947504,b1347
NP_415865,EBHIBJHK_03917,P33228,NP_415865.1,b1349,CDS,recT,recombinase RecT,945917,b1349
NP_415866,EBHIBJHK_03918,P15032,NP_415866.1,b1350,CDS,recE,"exonuclease VIII, ds DNA exonuclease, 5' --> 3' specific",945918,b1350
NP_415867,EBHIBJHK_03919,P15033,NP_415867.1,b1351,CDS,racC,protein RacC,945920,b1351
NP_415869,EBHIBJHK_03921,P38393,NP_415869.2,b1352,CDS,kilR,inhibitor of FtsZ,945921,b1352
NP_415870,EBHIBJHK_03922,P38392,NP_415870.4,b1353,CDS,sieB,phage superinfection exclusion protein,945913,b1353
NP_415872,EBHIBJHK_03923,P0ACW0,NP_415872.2,b4527,CDS,ydaF,DUF1391 domain-containing protein YdaF,945911,b4527
NP_415873,EBHIBJHK_03924,P76061,NP_415873.2,b1355,CDS,ydaG,uncharacterized protein YdaG,945907,b1355
NP_415876,EBHIBJHK_03927,P76064,NP_415876.1,b1358,CDS,ydaT,protein YdaT,945924,b1358
NP_415878,EBHIBJHK_03929,P77546,NP_415878.1,b1360,CDS,ydaV,putative ATP-binding protein YdaV,945926,b1360
NP_415881,EBHIBJHK_03943,P23849,NP_415881.1,b1363,CDS,trkG,K(+) transporter TrkG,945932,b1363
NP_415883,EBHIBJHK_03944,P76068,NP_415883.1,b1365,CDS,ynaK,ParB-like nuclease domain-containing protein YnaK,947417,b1365
NP_415888,EBHIBJHK_04738,P76071,NP_415888.1,b1370,CDS,insH5,IS5 family transposase and trans-activator,945944,b1370
NP_415892,EBHIBJHK_03869,P0ADI0,NP_415892.1,b1374,CDS,pinR,putative site-specific recombinase,948973,b1374
NP_415892,EBHIBJHK_04777,P0ADI0,NP_415892.1,b1374,CDS,pinR,putative site-specific recombinase,948973,b1374
NP_415894,EBHIBJHK_03173,P37903,NP_415894.4,b1376,CDS,uspF,universal stress protein F,945948,b1376
NP_415895,EBHIBJHK_03174,P77747,NP_415895.1,b1377,CDS,ompN,outer membrane porin N,946313,b1377
NP_415896,EBHIBJHK_03175,P52647,NP_415896.1,b1378,CDS,ydbK,putative pyruvate-flavodoxin oxidoreductase,946587,b1378
NP_415897,EBHIBJHK_03177,P52644,NP_415897.1,b1379,CDS,hslJ,lipoprotein implicated in Novobiocin resistance,946525,b1379
NP_415898,EBHIBJHK_03178,P52643,NP_415898.1,b1380,CDS,ldhA,D-lactate dehydrogenase,946315,b1380
NP_415899,EBHIBJHK_03179,P52645,NP_415899.1,b1381,CDS,ydbH,putative phospholipid transport factor YdbH,945949,b1381
NP_415900,EBHIBJHK_03180,P64448,NP_415900.1,b1382,CDS,ynbE,lipoprotein YnbE,945946,b1382
NP_415901,EBHIBJHK_03181,P76076,NP_415901.2,b1383,CDS,ydbL,DUF1318 domain-containing protein YdbL,945943,b1383
NP_415920,EBHIBJHK_04814,P0CF54,NP_415920.1,b1402,CDS,insD2,IS2 insertion element protein InsB,945952,b1402
NP_415920,EBHIBJHK_03351,P0CF54,NP_415920.1,b1402,CDS,insD2,IS2 insertion element protein InsB,945952,b1402
NP_415921,EBHIBJHK_04813,P0CF41,NP_415921.2,b1403,CDS,insC2,IS2 insertion element repressor InsA,945967,b1403
NP_415924,EBHIBJHK_03183,P25906,NP_415924.1,b1406,CDS,pdxI,pyridoxal reductase,945980,b1406
NP_415925,EBHIBJHK_03184,P25907,NP_415925.2,b1407,CDS,ydbD,DUF2773 domain-containing protein YdbD,945983,b1407
NP_415926,EBHIBJHK_03185,P76090,NP_415926.4,b1408,CDS,ynbA,CDP-alcohol phosphatidyltransferase domain-containing protein YnbA,945973,b1408
NP_415927,EBHIBJHK_03187,P76091,NP_415927.1,b1409,CDS,ynbB,putative CDP-diglyceride synthase,945972,b1409
NP_415928,EBHIBJHK_03188,P76092,NP_415928.1,b1410,CDS,ynbC,hydrolase/methyltransferase domain-containing protein YnbC,945970,b1410
NP_415929,EBHIBJHK_03189,P76093,NP_415929.1,b1411,CDS,ynbD,phosphatase domain-containing protein YnbD,945985,b1411
NP_415930,EBHIBJHK_03190,P41407,NP_415930.1,b1412,CDS,azoR,FMN dependent NADH:quinone oxidoreductase,947569,b1412
NP_415931,EBHIBJHK_03191,P43329,NP_415931.4,b1413,CDS,hrpA,ATP-dependent 3'->5' RNA helicase HrpA,948444,b1413
NP_415932,EBHIBJHK_03196,P34209,NP_415932.1,b1414,CDS,ydcF,DUF218 domain-containing protein YdcF,946215,b1414
NP_415933,EBHIBJHK_03197,P25553,NP_415933.1,b1415,CDS,aldA,aldehyde dehydrogenase A,945672,b1415
NP_415935,EBHIBJHK_03199,P0ABE5,NP_415935.2,b1418,CDS,cybB,superoxide oxidase,947241,b1418
NP_415936,EBHIBJHK_03200,P0ACW4,NP_415936.1,b1419,CDS,ydcA,protein YdcA,945986,b1419
NP_415937,EBHIBJHK_03201,P76096,NP_415937.1,b1420,CDS,mokB,putative regulatory protein MokB,948820,b1420
NP_415938,EBHIBJHK_03202,P05704,NP_415938.1,b1421,CDS,trg,methyl-accepting chemotaxis protein Trg,945995,b1421
NP_415939,EBHIBJHK_03203,P77171,NP_415939.2,b1422,CDS,ydcI,DNA-binding transcriptional dual regulator YdcI,948865,b1422
NP_415940,EBHIBJHK_03204,P76097,NP_415940.1,b1423,CDS,ydcJ,DUF1338 domain-containing protein YdcJ,945991,b1423
NP_415941,EBHIBJHK_03205,P40120,NP_415941.5,b1424,CDS,opgD,glucans biosynthesis protein D,945994,b1424
NP_415943,EBHIBJHK_03206,P0ACW6,NP_415943.4,b1426,CDS,ydcH,DUF465 domain-containing protein YdcH,945997,b1426
NP_415944,EBHIBJHK_03207,P13857,NP_415944.1,b1427,CDS,rimL,ribosomal-protein-L12-serine N-acetyltransferase,945998,b1427
NP_415945,EBHIBJHK_03208,P76100,NP_415945.1,b1428,CDS,ydcK,putative acyltransferase YdcK,944932,b1428
NP_415945,EBHIBJHK_03208,P76100,NP_415945.1,b1428,CDS,ydcK,putative acyltransferase YdcK,944932,b1428
NP_415946,EBHIBJHK_03209,P25396,NP_415946.1,b1429,CDS,tehA,tellurite resistance protein,945852,b1429
NP_415947,EBHIBJHK_03210,P25397,NP_415947.1,b1430,CDS,tehB,tellurite methyltransferase,945979,b1430
NP_415948,EBHIBJHK_03211,P64451,NP_415948.1,b1431,CDS,ydcL,DUF3313 domain-containing lipoprotein YdcL,948203,b1431
NP_415950,EBHIBJHK_04498,P76103,NP_415950.4,b1433,CDS,ydcO,putative transport protein YdcO,947247,b1433
NP_415951,EBHIBJHK_04497,P77626,NP_415951.1,b1434,CDS,sutR,DNA-binding transcriptional dual regulator SutR,946000,b1434
NP_415952,EBHIBJHK_04496,P76104,NP_415952.2,b1435,CDS,rlhA,23S rRNA 5-hydroxycytidine C2501 synthase,945993,b1435
NP_415953,EBHIBJHK_04495,P64459,NP_415953.1,b1436,CDS,yncJ,DUF2554 domain-containing protein YncJ,945990,b1436
NP_415954,EBHIBJHK_04494,P76106,NP_415954.2,b4532,CDS,hicA,mRNA interferase toxin HicA,945989,b4532
NP_415955,EBHIBJHK_04493,P67697,NP_415955.2,b1438,CDS,hicB,antitoxin of the HicA-HicB toxin-antitoxin system/ DNA-binding transcriptional repressor HicB,946001,b1438
NP_415956,EBHIBJHK_04492,P77730,NP_415956.1,b1439,CDS,ydcR,fused putative DNA-binding transcriptional regulator/putative aminotransferase YdcR,946004,b1439
NP_415957,EBHIBJHK_04491,P76108,NP_415957.1,b1440,CDS,ydcS,putative ABC transporter periplasmic binding protein/polyhydroxybutyrate synthase,946005,b1440
NP_415958,EBHIBJHK_04490,P77795,NP_415958.1,b1441,CDS,ydcT,putative ABC transporter ATP-binding protein YdcT,946007,b1441
NP_415959,EBHIBJHK_04489,P77156,NP_415959.1,b1442,CDS,ydcU,putative ABC transporter membrane subunit YdcU,945976,b1442
NP_415960,EBHIBJHK_04488,P0AFR9,NP_415960.1,b1443,CDS,ydcV,putative ABC transporter membrane subunit YdcV,945903,b1443
NP_415961,EBHIBJHK_04487,P77674,NP_415961.1,b1444,CDS,patD,gamma-aminobutyraldehyde dehydrogenase,945876,b1444
NP_415962,EBHIBJHK_04486,P64453,NP_415962.2,b1445,CDS,ortT,orphan toxin OrtT,945936,b1445
NP_415963,EBHIBJHK_04485,P64455,NP_415963.1,b1446,CDS,ydcY,DUF2526 domain-containing protein YdcY,945916,b1446
NP_415964,EBHIBJHK_04484,P76111,NP_415964.1,b1447,CDS,ydcZ,putative inner membrane protein YdcZ,946008,b1447
NP_415965,EBHIBJHK_04483,P76112,NP_415965.1,b1448,CDS,mnaT,L-amino acid N-acyltransferase,946010,b1448
NP_415966,EBHIBJHK_04482,P76113,NP_415966.6,b1449,CDS,curA,NADPH-dependent curcumin/dihydrocurcumin reductase,946012,b1449
NP_415967,EBHIBJHK_04481,P76114,NP_415967.2,b1450,CDS,mcbR,DNA-binding transcriptional dual regulator McbR,946014,b1450
NP_415968,EBHIBJHK_04480,P76115,NP_415968.1,b1451,CDS,yncD,putative TonB-dependent outer membrane receptor,946015,b1451
NP_415969,EBHIBJHK_04479,P76116,NP_415969.1,b1452,CDS,yncE,PQQ-like domain-containing protein YncE,946006,b1452
NP_415970,EBHIBJHK_04478,P77610,NP_415970.4,b1453,CDS,ansP,L-asparagine transporter,946019,b1453
NP_415971,EBHIBJHK_04477,P76117,NP_415971.1,b1454,CDS,yncG,putative glutathione S-transferase YncG,946023,b1454
NP_415978,EBHIBJHK_04340,P31992,NP_415978.1,b1461,CDS,pptA,tautomerase PptA,945731,b1461
NP_415979,EBHIBJHK_04339,P76121,NP_415979.2,b1462,CDS,yddH,flavin reductase-like protein YddH,946192,b1462
NP_415980,EBHIBJHK_04338,P77567,NP_415980.1,b1463,CDS,nhoA,arylamine N-acetyltransferase,947251,b1463
NP_415981,EBHIBJHK_04337,P37757,NP_415981.1,b1464,CDS,yddE,PF02567 family protein YddE,944782,b1464
NP_415982,EBHIBJHK_04336,P0AF32,NP_415982.1,b1465,CDS,narV,nitrate reductase Z subunit gamma,946029,b1465
NP_415983,EBHIBJHK_04335,P19317,NP_415983.1,b1466,CDS,narW,"NarW, putative private chaperone for NarZ nitrate reductase subunit",946032,b1466
NP_415984,EBHIBJHK_04334,P19318,NP_415984.1,b1467,CDS,narY,nitrate reductase Z subunit beta,946034,b1467
NP_415985,EBHIBJHK_04333,P19319,NP_415985.1,b1468,CDS,narZ,nitrate reductase Z subunit alpha,945999,b1468
NP_415986,EBHIBJHK_04332,P37758,NP_415986.1,b1469,CDS,narU,nitrate/nitrite transporter NarU,945799,b1469
NP_415990,EBHIBJHK_04327,P46136,NP_415990.5,b1473,CDS,yddG,amino acid exporter YddG,945942,b1473
NP_415991,EBHIBJHK_04325,P24183,NP_415991.1,b1474,CDS,fdnG,formate dehydrogenase N subunit alpha,946035,b1474
NP_415992,EBHIBJHK_04324,P0AAJ3,NP_415992.1,b1475,CDS,fdnH,formate dehydrogenase N subunit beta,948794,b1475
NP_415993,EBHIBJHK_04323,P0AEK7,NP_415993.1,b1476,CDS,fdnI,formate dehydrogenase N subunit gamma,946038,b1476
NP_415994,EBHIBJHK_03505,P67699,NP_415994.4,b1477,CDS,yddM,DNA-binding transcriptional regulator YddM,946040,b1477
NP_415995,EBHIBJHK_03506,P39451,NP_415995.4,b1478,CDS,adhP,ethanol dehydrogenase/alcohol dehydrogenase,946036,b1478
NP_415996,EBHIBJHK_03507,P26616,NP_415996.2,b1479,CDS,maeA,malate dehydrogenase (oxaloacetate-decarboxylating),946031,b1479
NP_415997,EBHIBJHK_03508,P68191,NP_415997.1,b1480,CDS,sra,ribosome-associated protein Sra,946030,b1480
NP_415998,EBHIBJHK_03509,P76127,NP_415998.4,b1481,CDS,bdm,biofilm-dependent modulation protein,946041,b1481
NP_415999,EBHIBJHK_03510,P0C0L2,NP_415999.1,b1482,CDS,osmC,osmotically inducible peroxiredoxin OsmC,946043,b1482
NP_416000,EBHIBJHK_03511,P77622,NP_416000.1,b1483,CDS,ddpF,"putative D,D-dipeptide ABC transporter ATP-binding subunit DdpF",946020,b1483
NP_416001,EBHIBJHK_03512,P77268,NP_416001.1,b1484,CDS,ddpD,"putative D,D-dipeptide ABC transporter ATP-binding subunit DdpD",946002,b1484
NP_416002,EBHIBJHK_03513,P77463,NP_416002.1,b1485,CDS,ddpC,"putative D,D-dipeptide ABC transporter membrane subunit DdpC",946028,b1485
NP_416003,EBHIBJHK_03514,P77308,NP_416003.1,b1486,CDS,ddpB,"putative D,D-dipeptide ABC transporter membrane subunit DdpB",946044,b1486
NP_416004,EBHIBJHK_03515,P76128,NP_416004.1,b1487,CDS,ddpA,"putative D,D-dipeptide ABC transporter periplasmic binding protein",946052,b1487
NP_416005,EBHIBJHK_03516,P77790,NP_416005.1,b1488,CDS,ddpX,D-alanyl-D-alanine dipeptidase,945532,b1488
NP_416006,EBHIBJHK_03517,P76129,NP_416006.4,b1489,CDS,dosP,oxygen-sensing c-di-GMP phosphodiesterase DosP,945815,b1489
NP_416007,EBHIBJHK_03518,P0AA89,NP_416007.3,b1490,CDS,dosC,diguanylate cyclase DosC,945835,b1490
NP_416008,EBHIBJHK_03519,P64426,NP_416008.1,b1491,CDS,digH,divisome localized glycosyl hydrolase,945975,b1491
NP_416009,EBHIBJHK_03520,P63235,NP_416009.1,b1492,CDS,gadC,L-glutamate:4-aminobutyrate antiporter,946057,b1492
NP_416010,EBHIBJHK_03521,P69910,NP_416010.1,b1493,CDS,gadB,glutamate decarboxylase B,946058,b1493
NP_416011,EBHIBJHK_04107,P31828,NP_416011.1,b1494,CDS,pqqL,periplasmic metalloprotease,946059,b1494
NP_416012,EBHIBJHK_04106,P31827,NP_416012.1,b1495,CDS,yddB,putative TonB-dependent receptor YddB,945961,b1495
NP_416013,EBHIBJHK_04105,P31826,NP_416013.1,b1496,CDS,yddA,ABC transporter family protein YddA,945945,b1496
NP_416014,EBHIBJHK_04104,P76134,NP_416014.4,b1497,CDS,ydeM,putative anaerobic sulfatase maturation enzyme YdeM,945981,b1497
NP_416015,EBHIBJHK_04103,P77318,NP_416015.2,b1498,CDS,ydeN,putative sulfatase YdeN,945957,b1498
NP_416016,EBHIBJHK_04102,P76135,NP_416016.1,b1499,CDS,ydeO,DNA-binding transcriptional dual regulator YdeO,945922,b1499
NP_416017,EBHIBJHK_04101,P76136,NP_416017.1,b1500,CDS,safA,two-component system connector SafA,946061,b1500
NP_416018,EBHIBJHK_04100,P77561,NP_416018.1,b1501,CDS,ydeP,putative oxidoreductase YdeP,946055,b1501
NP_416019,EBHIBJHK_04099,P77588,NP_416019.1,b1502,CDS,ydeQ,putative fimbrial adhesin protein YdeQ,946050,b1502
NP_416020,EBHIBJHK_04098,P77294,NP_416020.1,b1503,CDS,ydeR,putative fimbrial protein YdeR,946049,b1503
NP_416021,EBHIBJHK_04097,P77789,NP_416021.1,b1504,CDS,ydeS,putative fimbrial protein YdeS,946047,b1504
NP_416025,EBHIBJHK_04083,P23873,NP_416025.1,b1508,CDS,hipB,antitoxin/DNA-binding transcriptional repressor HipB,946065,b1508
NP_416028,EBHIBJHK_03907,P77432,NP_416028.3,b1511,CDS,lsrK,autoinducer-2 kinase,946069,b1511
NP_416031,EBHIBJHK_03906,P77672,NP_416031.1,b1514,CDS,lsrC,Autoinducer-2 ABC transporter membrane subunit LsrC,946105,b1514
NP_416032,EBHIBJHK_03905,P0AFS1,NP_416032.1,b1515,CDS,lsrD,Autoinducer-2 ABC transporter membrane subunit LsrD,946264,b1515
NP_416033,EBHIBJHK_03904,P76142,NP_416033.1,b1516,CDS,lsrB,Autoinducer-2 ABC transporter periplasmic binding protein,945418,b1516
NP_416034,EBHIBJHK_03903,P76143,NP_416034.1,b1517,CDS,lsrF,"3-hydroxy-2,4-pentadione 5-phosphate thiolase",946071,b1517
NP_416035,EBHIBJHK_03902,P64461,NP_416035.1,b1518,CDS,lsrG,"(4S)-4-hydroxy-5-phosphonooxypentane-2,3-dione isomerase",946073,b1518
NP_416036,EBHIBJHK_03901,P76145,NP_416036.1,b1519,CDS,tam,trans-aconitate 2-methyltransferase,946074,b1519
NP_416037,EBHIBJHK_03900,P76146,NP_416037.2,b1520,CDS,yneE,PF01062 family inner membrane protein YneE,946188,b1520
NP_416039,EBHIBJHK_03898,P76147,NP_416039.1,b1522,CDS,dgcF,putative diguanylate cyclase DgcF,947422,b1522
NP_416040,EBHIBJHK_03897,P76148,NP_416040.1,b1523,CDS,yneG,DUF4186 domain-containing protein YneG,946171,b1523
NP_416041,EBHIBJHK_03896,P0A6W0,NP_416041.1,b1524,CDS,glsB,glutaminase 2,944973,b1524
NP_416042,EBHIBJHK_03895,P76149,NP_416042.2,b1525,CDS,sad,succinate semialdehyde dehydrogenase (NAD(P)(+)) Sad,947440,b1525
NP_416043,EBHIBJHK_03894,P77309,NP_416043.1,b1526,CDS,yneJ,putative DNA-binding transcriptional regulator YneJ,946079,b1526
NP_416044,EBHIBJHK_03893,P76150,NP_416044.1,b1527,CDS,yneK,protein YneK,946080,b1527
NP_416045,EBHIBJHK_03892,P31122,NP_416045.1,b1528,CDS,ydeA,L-arabinose exporter,947218,b1528
NP_416046,EBHIBJHK_03891,P0AEY1,NP_416046.1,b1529,CDS,marC,inner membrane protein MarC,947132,b1529
NP_416047,EBHIBJHK_03890,P27245,NP_416047.4,b1530,CDS,marR,DNA-binding transcriptional repressor MarR,945825,b1530
NP_416048,EBHIBJHK_03889,P0ACH5,NP_416048.2,b1531,CDS,marA,DNA-binding transcriptional dual regulator MarA,947613,b1531
NP_416049,EBHIBJHK_03888,P31121,NP_416049.1,b1532,CDS,marB,multiple antibiotic resistance protein MarB,946184,b1532
NP_416050,EBHIBJHK_03881,P31125,NP_416050.4,b1533,CDS,eamA,cysteine/O-acetylserine exporter EamA,946081,b1533
NP_416051,EBHIBJHK_03880,P31126,NP_416051.1,b1534,CDS,ydeE,dipeptide exporter,946083,b1534
NP_416052,EBHIBJHK_03878,P31129,NP_416052.1,b1535,CDS,dgcZ,diguanylate cyclase DgcZ,946075,b1535
NP_416054,EBHIBJHK_03877,P31130,NP_416054.1,b1536,CDS,ydeI,BOF family protein YdeI,946068,b1536
NP_416056,EBHIBJHK_03876,P24171,NP_416056.1,b1538,CDS,dcp,peptidyl-dipeptidase Dcp,946084,b1538
NP_416057,EBHIBJHK_03875,P39831,NP_416057.1,b1539,CDS,ydfG,3-hydroxy acid dehydrogenase YdfG,946085,b1539
NP_416058,EBHIBJHK_03874,P0ACM2,NP_416058.1,b1540,CDS,rspR,DNA-binding transcriptional repressor RspR,946087,b1540
NP_416059,EBHIBJHK_03873,P64463,NP_416059.1,b1541,CDS,ydfZ,putative selenoprotein YdfZ,948796,b1541
NP_416060,EBHIBJHK_03872,P77260,NP_416060.1,b1542,CDS,ydfI,putative oxidoreductase YdfI,945861,b1542
NP_416062,EBHIBJHK_03870,P76154,NP_416062.2,b1544,CDS,ydfK,cold shock protein YdfK,947451,b1544
NP_416063,EBHIBJHK_03869,P77170,NP_416063.1,b1545,CDS,pinQ,putative recombinase PinQ,946088,b1545
NP_416063,EBHIBJHK_04777,P77170,NP_416063.1,b1545,CDS,pinQ,putative recombinase PinQ,946088,b1545
NP_416067,EBHIBJHK_04607,P76156,NP_416067.2,b1549,CDS,ydfO,DUF1398 domain-containing protein YdfO,945992,b1549
NP_416068,EBHIBJHK_04608,P77695,NP_416068.2,b1550,CDS,gnsB,protein GnsB,946054,b1550
NP_416070,EBHIBJHK_04609,P0A986,NP_416070.1,b1552,CDS,cspI,cold shock-like protein CspI,946099,b1552
NP_416071,EBHIBJHK_04610,P76158,NP_416071.1,b1553,CDS,rzpQ,DUF2514 domain-containing protein RzpQ,946101,b1553
NP_416072,EBHIBJHK_04611,P76159,NP_416072.1,b1554,CDS,rrrQ,putative lysozyme,946100,b1554
NP_416073,EBHIBJHK_04612,P76160,NP_416073.1,b1555,CDS,ydfR,protein YdfR,946095,b1555
NP_416074,EBHIBJHK_04613,P77237,NP_416074.4,b1556,CDS,essQ,putative prophage lysis protein EssQ,946093,b1556
NP_416075,EBHIBJHK_04615,P36995,NP_416075.1,b1557,CDS,cspB,cold shock-like protein CspB,946091,b1557
NP_416076,EBHIBJHK_04616,P0A976,NP_416076.1,b1558,CDS,cspF,cold shock-like protein CspF,946090,b1558
NP_416077,EBHIBJHK_04617,P76161,NP_416077.4,b1559,CDS,ydfT,putative antitermination protein Q,946103,b1559
NP_416078,EBHIBJHK_04618,P76162,NP_416078.4,b1560,CDS,ydfU,protein YdfU,946108,b1560
NP_416079,EBHIBJHK_04619,P07010,NP_416079.1,b1561,CDS,rem,protein Rem,946109,b1561
NP_416080,EBHIBJHK_04620,P0ACG6,NP_416080.1,b1562,CDS,hokD,toxic protein HokD,948616,b1562
NP_416081,EBHIBJHK_02820,P0C077,NP_416081.1,b1563,CDS,relE,mRNA interferase toxin RelE,947549,b1563
NP_416081,EBHIBJHK_04621,P0C077,NP_416081.1,b1563,CDS,relE,mRNA interferase toxin RelE,947549,b1563
NP_416082,EBHIBJHK_04622,P0C079,NP_416082.1,b1564,CDS,relB,antitoxin/DNA-binding transcriptional repressor RelB,948308,b1564
NP_416084,EBHIBJHK_04623,P77609,NP_416084.1,b1566,CDS,flxA,PF14282 family protein FlxA,947392,b1566
NP_416087,EBHIBJHK_04631,P06965,NP_416087.1,b1569,CDS,dicC,putative DNA-binding transcriptional regulator DicC,946120,b1569
NP_416089,EBHIBJHK_04633,P0ACW8,NP_416089.1,b1571,CDS,ydfA,DUF1391 domain-containing protein YdfA,946082,b1571
NP_416090,EBHIBJHK_04634,P29009,NP_416090.2,b1572,CDS,ydfB,uncharacterized protein YdfB,946176,b1572
NP_416092,EBHIBJHK_04635,P09557,NP_416092.1,b1575,CDS,dicB,cell division inhibition protein DicB,946110,b1575
NP_416093,EBHIBJHK_04636,P29010,NP_416093.1,b1576,CDS,ydfD,lysis protein,946102,b1576
NP_416097,EBHIBJHK_00379,P38105,NP_416097.1,b1580,CDS,rspB,putative zinc-binding dehydrogenase RspB,946127,b1580
NP_416098,EBHIBJHK_00378,P38104,NP_416098.1,b1581,CDS,rspA,mandelate racemase/muconate lactonizing enzyme family protein RspA,946126,b1581
NP_416099,EBHIBJHK_00377,P76169,NP_416099.1,b1582,CDS,ynfA,putative transporter YnfA,946125,b1582
NP_416100,EBHIBJHK_00376,P76170,NP_416100.1,b1583,CDS,ynfB,DUF1283 domain-containing protein YnfB,946119,b1583
NP_416101,EBHIBJHK_00375,P0A951,NP_416101.1,b1584,CDS,speG,spermidine N-acetyltransferase,946117,b1584
NP_416102,EBHIBJHK_00374,P67553,NP_416102.2,b1585,CDS,ynfC,PF06788 family lipoprotein YnfC,946131,b1585
NP_416103,EBHIBJHK_00373,P76172,NP_416103.2,b1586,CDS,ynfD,DUF1161 domain-containing protein YnfD,946133,b1586
NP_416104,EBHIBJHK_00372,P77374,NP_416104.1,b1587,CDS,ynfE,putative selenate reductase YnfE,946135,b1587
NP_416105,EBHIBJHK_00371,P77783,NP_416105.4,b1588,CDS,ynfF,putative selenate reductase YnfF,945268,b1588
NP_416106,EBHIBJHK_00370,P0AAJ1,NP_416106.1,b1589,CDS,ynfG,putative oxidoreductase YnfG,945638,b1589
NP_416107,EBHIBJHK_00369,P76173,NP_416107.1,b1590,CDS,ynfH,putative menaquinol dehydrogenase,945822,b1590
NP_416108,EBHIBJHK_00368,P69853,NP_416108.2,b1591,CDS,dmsD,redox enzyme maturation protein DmsD,945987,b1591
NP_416109,EBHIBJHK_00367,P76175,NP_416109.2,b1592,CDS,clcB,putative chloride:H(+) antiporter ClcB,947179,b1592
NP_416110,EBHIBJHK_00366,P0A6E9,NP_416110.4,b1593,CDS,bidA,dethiobiotin synthetase BidA,944927,b1593
NP_416111,EBHIBJHK_00365,P50456,NP_416111.1,b1594,CDS,mlc,DNA-binding transcriptional repressor Mlc,945510,b1594
NP_416112,EBHIBJHK_00364,P77559,NP_416112.1,b1595,CDS,ynfL,putative DNA-binding transcriptional regulator YnfL,946136,b1595
NP_416113,EBHIBJHK_00363,P43531,NP_416113.1,b1596,CDS,ynfM,putative transporter YnfM,946138,b1596
NP_416114,EBHIBJHK_00362,P36560,NP_416114.2,b1597,CDS,asr,periplasmic chaperone Asr,945103,b1597
NP_416115,EBHIBJHK_00361,P76176,NP_416115.1,b1598,CDS,ydgD,putative serine protease YdgD,946436,b1598
NP_416115,EBHIBJHK_00361,P76176,NP_416115.1,b1598,CDS,ydgD,putative serine protease YdgD,946436,b1598
NP_416116,EBHIBJHK_00360,P69210,NP_416116.1,b1599,CDS,mdtI,multidrug/spermidine efflux pump membrane subunit MdtI,947333,b1599
NP_416117,EBHIBJHK_00359,P69212,NP_416117.1,b1600,CDS,mdtJ,multidrug/spermidine efflux pump membrane subunit MdtJ,946139,b1600
NP_416118,EBHIBJHK_00358,P0AFS5,NP_416118.1,b1601,CDS,tqsA,autoinducer 2 exporter,946142,b1601
NP_416119,EBHIBJHK_00357,P0AB67,NP_416119.1,b1602,CDS,pntB,pyridine nucleotide transhydrogenase subunit beta,946144,b1602
NP_416120,EBHIBJHK_00356,P07001,NP_416120.1,b1603,CDS,pntA,pyridine nucleotide transhydrogenase subunit alpha,946628,b1603
NP_416121,EBHIBJHK_00355,P76177,NP_416121.1,b1604,CDS,ydgH,DUF1471 domain-containing protein YdgH,945117,b1604
NP_416122,EBHIBJHK_00354,P0AAE5,NP_416122.1,b1605,CDS,ydgI,putative arginine:ornithine antiporter,945159,b1605
NP_416123,EBHIBJHK_00353,P0AFS3,NP_416123.1,b1606,CDS,folM,dihydromonapterin reductase,949096,b1606
NP_416124,EBHIBJHK_00352,P0ACX0,NP_416124.1,b1607,CDS,ydgC,GlpM family protein,945156,b1607
NP_416125,EBHIBJHK_00351,P52108,NP_416125.2,b1608,CDS,rstA,DNA-binding transcriptional regulator RstA,946199,b1608
NP_416126,EBHIBJHK_00350,P18392,NP_416126.1,b1609,CDS,rstB,sensory histidine kinase RstB,948870,b1609
NP_416127,EBHIBJHK_00349,P16525,NP_416127.1,b1610,CDS,tus,DNA replication terminus site-binding protein,945135,b1610
NP_416128,EBHIBJHK_00348,P05042,NP_416128.1,b1611,CDS,fumC,fumarase C,946147,b1611
NP_416129,EBHIBJHK_00347,P0AC33,NP_416129.1,b1612,CDS,fumA,fumarase A,946826,b1612
NP_416129,EBHIBJHK_03311,P0AC33,NP_416129.1,b1612,CDS,fumA,fumarase A,946826,b1612
NP_416130,EBHIBJHK_00346,P00946,NP_416130.3,b1613,CDS,manA,mannose-6-phosphate isomerase,944840,b1613
NP_416131,EBHIBJHK_00345,P77804,NP_416131.1,b1614,CDS,ydgA,DUF945 domain-containing protein YdgA,946172,b1614
NP_416132,EBHIBJHK_00344,Q47706,NP_416132.2,b1615,CDS,uidC,outer membrane porin family protein UidC,944820,b1615
NP_416133,EBHIBJHK_00343,P0CE44,NP_416133.1,b1616,CDS,uidB,glucuronide:H(+) symporter,947484,b1616
NP_416134,EBHIBJHK_00342,P05804,NP_416134.1,b1617,CDS,uidA,beta-glucuronidase,946149,b1617
NP_416135,EBHIBJHK_00341,P0ACT6,NP_416135.1,b1618,CDS,uidR,DNA-binding transcriptional repressor UidR,946150,b1618
NP_416136,EBHIBJHK_00340,P0AET8,NP_416136.1,b1619,CDS,hdhA,7-alpha-hydroxysteroid dehydrogenase,946151,b1619
NP_416137,EBHIBJHK_00339,P18811,NP_416137.1,b1620,CDS,malI,DNA-binding transcriptional repressor MalI,947104,b1620
NP_416138,EBHIBJHK_00338,P19642,NP_416138.1,b1621,CDS,malX,PTS enzyme IIBC component MalX,946009,b1621
NP_416139,EBHIBJHK_00337,P23256,NP_416139.1,b1622,CDS,malY,negative regulator of MalT activity/cystathionine beta-lyase,945937,b1622
NP_416140,EBHIBJHK_00336,P22333,NP_416140.1,b1623,CDS,add,adenosine deaminase,945851,b1623
NP_416141,EBHIBJHK_00335,P77376,NP_416141.4,b1624,CDS,ydgJ,putative oxidoreductase YdgJ,947164,b1624
NP_416142,EBHIBJHK_00334,P64467,NP_416142.1,b1625,CDS,cnu,H-NS- and StpA-binding protein,946152,b1625
NP_416143,EBHIBJHK_00333,P76180,NP_416143.2,b1626,CDS,ydgK,DUF2569 domain-containing inner membrane protein YdgK,946154,b1626
NP_416144,EBHIBJHK_00332,P0A766,NP_416144.1,b1627,CDS,rsxA,SoxR [2Fe-2S,946148,b1627
NP_416145,EBHIBJHK_00331,P77223,NP_416145.1,b1628,CDS,rsxB,SoxR [2Fe-2S,946146,b1628
NP_416146,EBHIBJHK_00330,P77611,NP_416146.1,b1629,CDS,rsxC,SoxR [2Fe-2S,946137,b1629
NP_416147,EBHIBJHK_00329,P76182,NP_416147.1,b1630,CDS,rsxD,SoxR [2Fe-2S,946134,b1630
NP_416148,EBHIBJHK_00328,P77285,NP_416148.1,b1631,CDS,rsxG,SoxR [2Fe-2S,946158,b1631
NP_416149,EBHIBJHK_00327,P77179,NP_416149.1,b1632,CDS,rsxE,SoxR [2Fe-2S,947509,b1632
NP_416150,EBHIBJHK_00326,P0AB83,NP_416150.1,b1633,CDS,nth,endonuclease III,947122,b1633
NP_416151,EBHIBJHK_00324,P77304,NP_416151.1,b1634,CDS,dtpA,dipeptide/tripeptide:H(+) symporter DtpA,947436,b1634
NP_416152,EBHIBJHK_00323,P0A9D2,NP_416152.1,b1635,CDS,gstA,glutathione S-transferase GstA,945758,b1635
NP_416153,EBHIBJHK_00322,P77150,NP_416153.1,b1636,CDS,pdxY,pyridoxal kinase 2,946162,b1636
NP_416154,EBHIBJHK_00321,P0AGJ9,NP_416154.1,b1637,CDS,tyrS,tyrosine--tRNA ligase,948855,b1637
NP_416155,EBHIBJHK_00320,P0AFI7,NP_416155.1,b1638,CDS,pdxH,pyridoxine/pyridoxamine 5'-phosphate oxidase,946806,b1638
NP_416156,EBHIBJHK_00319,P28224,NP_416156.4,b1639,CDS,mliC,"inhibitor of c-type lysozyme, putative lipoprotein",946811,b1639
NP_416157,EBHIBJHK_00318,P77570,NP_416157.1,b1640,CDS,anmK,anhydro-N-acetylmuramic acid kinase,946810,b1640
NP_416159,EBHIBJHK_00316,P0A8W2,NP_416159.2,b1642,CDS,slyA,DNA-binding transcriptional dual regulator SlyA,946167,b1642
NP_416160,EBHIBJHK_00315,P64471,NP_416160.1,b1643,CDS,ydhI,DUF1656 domain-containing protein YdhI,947559,b1643
NP_416161,EBHIBJHK_00314,P76185,NP_416161.4,b1644,CDS,ydhJ,putative membrane fusion protein YdhJ,946499,b1644
NP_416162,EBHIBJHK_00313,P76186,NP_416162.1,b1645,CDS,ydhK,putative transporter YdhK,946528,b1645
NP_416163,EBHIBJHK_00312,P0AGD1,NP_416163.1,b1646,CDS,sodC,superoxide dismutase (Cu-Zn),945343,b1646
NP_416165,EBHIBJHK_00310,P64474,NP_416165.2,b1648,CDS,ydhL,DUF1289 domain-containing protein YdhL,946168,b1648
NP_416165,EBHIBJHK_00310,P64474,NP_416165.2,b1648,CDS,ydhL,DUF1289 domain-containing protein YdhL,946168,b1648
NP_416166,EBHIBJHK_00309,P67430,NP_416166.3,b1649,CDS,nemR,DNA-binding transcriptional repressor NemR,946166,b1649
NP_416167,EBHIBJHK_00308,P77258,NP_416167.1,b1650,CDS,nemA,N-ethylmaleimide reductase,946164,b1650
NP_416168,EBHIBJHK_00307,P0AC81,NP_416168.1,b1651,CDS,gloA,lactoylglutathione lyase,946161,b1651
NP_416169,EBHIBJHK_00306,P30014,NP_416169.1,b1652,CDS,rnt,ribonuclease T,946159,b1652
NP_416170,EBHIBJHK_00305,P30015,NP_416170.1,b1653,CDS,lhr,ATP-dependent helicase Lhr,946156,b1653
NP_416171,EBHIBJHK_00304,P0AC69,NP_416171.1,b1654,CDS,grxD,glutaredoxin 4,946169,b1654
NP_416172,EBHIBJHK_00303,P76190,NP_416172.1,b1655,CDS,mepH,"peptidoglycan endopeptidase/peptidoglycan L,D-carboxypeptidase MepH",945210,b1655
NP_416173,EBHIBJHK_00302,P0AGD3,NP_416173.1,b1656,CDS,sodB,superoxide dismutase (Fe),944953,b1656
NP_416174,EBHIBJHK_00301,P77389,NP_416174.1,b1657,CDS,ydhP,putative transporter YdhP,947340,b1657
NP_416175,EBHIBJHK_00299,P0ACP7,NP_416175.1,b1658,CDS,purR,DNA-binding transcriptional repressor PurR,945226,b1658
NP_416176,EBHIBJHK_00298,P0ACR2,NP_416176.1,b1659,CDS,punR,DNA-binding transcriptional activator PunR,945208,b1659
NP_416178,EBHIBJHK_00296,P0A9H7,NP_416178.1,b1661,CDS,cfa,cyclopropane fatty acyl phospholipid synthase,944811,b1661
NP_416179,EBHIBJHK_00295,P0AFU8,NP_416179.1,b1662,CDS,ribC,riboflavin synthase,945848,b1662
NP_416181,EBHIBJHK_00293,P77552,NP_416181.1,b1664,CDS,ydhQ,putative adhesin-related protein YdhQ,944851,b1664
NP_416182,EBHIBJHK_00290,P0ACX3,NP_416182.1,b1667,CDS,ydhR,putative monooxygenase YdhR,946177,b1667
NP_416183,EBHIBJHK_00289,P77148,NP_416183.1,b1668,CDS,ydhS,FAD/NAD(P) binding domain-containing protein YdhS,945786,b1668
NP_416184,EBHIBJHK_00288,P77147,NP_416184.1,b1669,CDS,ydhT,uncharacterized protein YdhT,945960,b1669
NP_416185,EBHIBJHK_00287,P77409,NP_416185.1,b1670,CDS,ydhU,putative cytochrome YdhU,945608,b1670
NP_416186,EBHIBJHK_00286,P77375,NP_416186.4,b1671,CDS,ydhX,putative 4Fe-4S ferredoxin-like protein YdhX,947308,b1671
NP_416187,EBHIBJHK_00285,P77564,NP_416187.1,b1672,CDS,ydhW,uncharacterized protein YdhW,947180,b1672
NP_416188,EBHIBJHK_00284,P76192,NP_416188.1,b1673,CDS,ydhV,putative oxidoreductase YdhV,948756,b1673
NP_416189,EBHIBJHK_00283,P0AAL6,NP_416189.1,b1674,CDS,ydhY,putative 4Fe-4S ferredoxin-like protein YdhY,948749,b1674
NP_416190,EBHIBJHK_00282,P0ACX5,NP_416190.1,b1675,CDS,fumD,fumarase D,946180,b1675
NP_416191,EBHIBJHK_00281,P0AD61,NP_416191.1,b1676,CDS,pykF,pyruvate kinase 1,946179,b1676
NP_416192,EBHIBJHK_00280,P69776,NP_416192.1,b1677,CDS,lpp,murein lipoprotein,946175,b1677
NP_416193,EBHIBJHK_00279,P76193,NP_416193.1,b1678,CDS,ldtE,"L,D-transpeptidase LdtE",946174,b1678
NP_416194,EBHIBJHK_00278,P76194,NP_416194.1,b1679,CDS,sufE,sulfur carrier protein SufE,946173,b1679
NP_416195,EBHIBJHK_00277,P77444,NP_416195.1,b1680,CDS,sufS,L-cysteine desulfurase,946185,b1680
NP_416196,EBHIBJHK_00276,P77689,NP_416196.1,b1681,CDS,sufD,Fe-S cluster scaffold complex subunit SufD,944878,b1681
NP_416197,EBHIBJHK_00275,P77499,NP_416197.1,b1682,CDS,sufC,Fe-S cluster scaffold complex subunit SufC,946128,b1682
NP_416198,EBHIBJHK_00274,P77522,NP_416198.2,b1683,CDS,sufB,Fe-S cluster scaffold complex subunit SufB,945753,b1683
NP_416199,EBHIBJHK_00273,P77667,NP_416199.1,b1684,CDS,sufA,iron-sulfur cluster insertion protein SufA,949014,b1684
NP_416200,EBHIBJHK_00272,P64476,NP_416200.2,b1685,CDS,ydiH,uncharacterized protein YdiH,946194,b1685
NP_416201,EBHIBJHK_00271,P77781,NP_416201.1,b1686,CDS,menI,"1,4-dihydroxy-2-naphthoyl-CoA hydrolase",946190,b1686
NP_416202,EBHIBJHK_00270,P77748,NP_416202.1,b1687,CDS,ydiJ,putative FAD-linked oxidoreductase YdiJ,946189,b1687
NP_416203,EBHIBJHK_00269,P0AFS7,NP_416203.1,b1688,CDS,ydiK,putative transporter YdiK,946183,b1688
NP_416204,EBHIBJHK_00268,P76196,NP_416204.2,b1689,CDS,ydiL,DUF1870 domain-containing protein YdiL,946181,b1689
NP_416205,EBHIBJHK_00267,P76197,NP_416205.1,b1690,CDS,ydiM,putative exporter YdiM,946196,b1690
NP_416206,EBHIBJHK_00266,P76198,NP_416206.6,b1691,CDS,ydiN,putative transporter YdiN,946198,b1691
NP_416207,EBHIBJHK_00265,P0A6D5,NP_416207.1,b1692,CDS,ydiB,quinate/shikimate dehydrogenase,946200,b1692
NP_416208,EBHIBJHK_00264,P05194,NP_416208.1,b1693,CDS,aroD,3-dehydroquinate dehydratase,946210,b1693
NP_416209,EBHIBJHK_00263,P37766,NP_416209.1,b1694,CDS,ydiF,putative acetate-CoA transferase YdiF,946211,b1694
NP_416210,EBHIBJHK_00262,P0A9U8,NP_416210.4,b1695,CDS,ydiO,putative acyl-CoA dehydrogenase YdiO,945626,b1695
NP_416211,EBHIBJHK_00261,P77402,NP_416211.1,b1696,CDS,ydiP,putative DNA-binding transcriptional regulator YdiP,945095,b1696
NP_416212,EBHIBJHK_00260,P76201,NP_416212.1,b1697,CDS,ydiQ,putative electron transfer flavoprotein subunit YdiQ,946482,b1697
NP_416213,EBHIBJHK_00259,P77378,NP_416213.1,b1698,CDS,ydiR,putative electron transfer flavoprotein subunit YdiR,945688,b1698
NP_416214,EBHIBJHK_00258,P77337,NP_416214.1,b1699,CDS,ydiS,putative electron transfer flavoprotein-quinone oxidoreductase YdiS,946212,b1699
NP_416215,EBHIBJHK_00257,P77714,NP_416215.1,b1700,CDS,ydiT,ferredoxin-like protein YdiT,946214,b1700
NP_416216,EBHIBJHK_00256,P38135,NP_416216.5,b1701,CDS,fadK,short chain acyl-CoA synthetase,946213,b1701
NP_416217,EBHIBJHK_00255,P23538,NP_416217.1,b1702,CDS,ppsA,phosphoenolpyruvate synthetase,946209,b1702
NP_416218,EBHIBJHK_00254,P0A8A4,NP_416218.1,b1703,CDS,ppsR,phosphoenolpyruvate synthetase regulatory protein,946207,b1703
NP_416219,EBHIBJHK_00253,P00887,NP_416219.1,b1704,CDS,aroH,"3-deoxy-7-phosphoheptulonate synthase, Trp-sensitive",946229,b1704
NP_416220,EBHIBJHK_00252,P0ACX9,NP_416220.1,b1705,CDS,ydiE,PF10636 family protein YdiE,946205,b1705
NP_416221,EBHIBJHK_00251,P77649,NP_416221.1,b1706,CDS,selO,protein adenylyltransferase SelO,946219,b1706
NP_416222,EBHIBJHK_00250,P76204,NP_416222.1,b1707,CDS,rflP,anti-FlhDC factor RflP,946217,b1707
NP_416223,EBHIBJHK_00249,P23898,NP_416223.1,b1708,CDS,nlpC,NlpC/P60 family lipoprotein NlpC,946220,b1708
NP_416224,EBHIBJHK_00248,P06611,NP_416224.1,b1709,CDS,btuD,vitamin B12 ABC transporter ATP binding subunit,945751,b1709
NP_416225,EBHIBJHK_00247,P06610,NP_416225.1,b1710,CDS,btuE,thioredoxin/glutathione peroxidase BtuE,945915,b1710
NP_416226,EBHIBJHK_00246,P06609,NP_416226.1,b1711,CDS,btuC,vitamin B12 ABC transporter membrane subunit,945877,b1711
NP_416227,EBHIBJHK_00245,P0A6X7,NP_416227.1,b1712,CDS,ihfA,integration host factor subunit alpha,945472,b1712
NP_416228,EBHIBJHK_00244,P07395,NP_416228.1,b1713,CDS,pheT,phenylalanine--tRNA ligase subunit beta,945382,b1713
NP_416229,EBHIBJHK_00243,P08312,NP_416229.1,b1714,CDS,pheS,phenylalanine--tRNA ligase subunit alpha,946223,b1714
NP_416231,EBHIBJHK_00242,P0A7L3,NP_416231.1,b1716,CDS,rplT,50S ribosomal subunit protein L20,945152,b1716
NP_416232,EBHIBJHK_00241,P0A7Q1,NP_416232.3,b1717,CDS,rpmI,50S ribosomal subunit protein L35,946349,b1717
NP_416233,EBHIBJHK_00240,P0A707,NP_416233.1,b1718,CDS,infC,translation initiation factor IF-3,946225,b1718
NP_416234,EBHIBJHK_00239,P0A8M3,NP_416234.1,b1719,CDS,thrS,threonine--tRNA ligase,946222,b1719
NP_416236,EBHIBJHK_00236,P76206,NP_416236.1,b1722,CDS,ydiY,acid-inducible putative outer membrane protein YdiY,946218,b1722
NP_416237,EBHIBJHK_00235,P06999,NP_416237.3,b1723,CDS,pfkB,6-phosphofructokinase 2,946230,b1723
NP_416238,EBHIBJHK_00234,P64479,NP_416238.1,b1724,CDS,ydiZ,putative endoribonuclease YdiZ,946232,b1724
NP_416239,EBHIBJHK_00233,P77739,NP_416239.1,b1725,CDS,yniA,putative kinase YniA,946236,b1725
NP_416240,EBHIBJHK_00232,P76208,NP_416240.1,b1726,CDS,yniB,uncharacterized protein YniB,945140,b1726
NP_416241,EBHIBJHK_00231,P77247,NP_416241.1,b1727,CDS,hxpB,hexitol phosphatase B,945632,b1727
NP_416242,EBHIBJHK_00230,P64481,NP_416242.6,b1728,CDS,ydjM,inner membrane protein YdjM,945644,b1728
NP_416243,EBHIBJHK_00229,P77529,NP_416243.1,b1729,CDS,tcyP,cystine/sulfocysteine:cation symporter,946238,b1729
NP_416244,EBHIBJHK_00228,P76210,NP_416244.2,b1730,CDS,ydjO,protein YdjO,946237,b1730
NP_416245,EBHIBJHK_00227,P0AE60,NP_416245.2,b1731,CDS,cedA,cell division modulator,946235,b1731
NP_416247,EBHIBJHK_00225,P37794,NP_416247.1,b1733,CDS,chbG,chitooligosaccharide monodeacetylase ChbG,946231,b1733
NP_416248,EBHIBJHK_00224,P17411,NP_416248.1,b1734,CDS,chbF,monoacetylchitobiose-6-phosphate hydrolase,946266,b1734
NP_416249,EBHIBJHK_00223,P17410,NP_416249.1,b1735,CDS,chbR,ChbR,946247,b1735
NP_416250,EBHIBJHK_00222,P69791,NP_416250.1,b1736,CDS,chbA,"N,N'-diacetylchitobiose-specific PTS enzyme IIA component",946244,b1736
NP_416251,EBHIBJHK_00221,P17334,NP_416251.1,b1737,CDS,chbC,"N,N'-diacetylchitobiose-specific PTS enzyme IIC component",945982,b1737
NP_416252,EBHIBJHK_00220,P69795,NP_416252.1,b1738,CDS,chbB,"N,N'-diacetylchitobiose-specific PTS enzyme IIB component",945339,b1738
NP_416253,EBHIBJHK_00219,P0ADB1,NP_416253.1,b1739,CDS,osmE,osmotically-inducible lipoprotein OsmE,945305,b1739
NP_416254,EBHIBJHK_00218,P18843,NP_416254.1,b1740,CDS,nadE,NH3-dependent NAD(+) synthetase,946946,b1740
NP_416255,EBHIBJHK_00217,P76213,NP_416255.1,b1741,CDS,cho,excinuclease Cho,948996,b1741
NP_416256,EBHIBJHK_00216,P76214,NP_416256.2,b1742,CDS,ves,HutD family protein Ves,946245,b1742
NP_416257,EBHIBJHK_00215,P77754,NP_416257.1,b1743,CDS,spy,ATP-independent periplasmic chaperone,946253,b1743
NP_416258,EBHIBJHK_00214,P76215,NP_416258.1,b1744,CDS,astE,succinylglutamate desuccinylase,946256,b1744
NP_416259,EBHIBJHK_00213,P76216,NP_416259.1,b1745,CDS,astB,N-succinylarginine dihydrolase,946259,b1745
NP_416260,EBHIBJHK_00212,P76217,NP_416260.1,b1746,CDS,astD,aldehyde dehydrogenase,946260,b1746
NP_416261,EBHIBJHK_00211,P0AE37,NP_416261.1,b1747,CDS,astA,arginine N-succinyltransferase,946261,b1747
NP_416262,EBHIBJHK_00210,P77581,NP_416262.1,b1748,CDS,astC,succinylornithine transaminase,946255,b1748
NP_416263,EBHIBJHK_00209,P09030,NP_416263.1,b1749,CDS,xthA,exodeoxyribonuclease III,946254,b1749
NP_416264,EBHIBJHK_00208,P76219,NP_416264.4,b1750,CDS,ydjX,DedA family protein YdjX,946250,b1750
NP_416265,EBHIBJHK_00207,P76220,NP_416265.4,b1751,CDS,ydjY,4Fe-4S ferredoxin-type domain-containing protein YdjY,946248,b1751
NP_416266,EBHIBJHK_00206,P76221,NP_416266.1,b1752,CDS,ydjZ,DedA family protein YdjZ,946269,b1752
NP_416267,EBHIBJHK_00205,P76222,NP_416267.1,b1753,CDS,ynjA,AhpD-like domain-containing protein YnjA,946270,b1753
NP_416268,EBHIBJHK_00204,P76223,NP_416268.2,b1754,CDS,ynjB,putative ABC transporter periplasmic binding protein YnjB,946271,b1754
NP_416269,EBHIBJHK_00203,P76224,NP_416269.4,b1755,CDS,ynjC,putative ABC transporter membrane subunit YnjC,946273,b1755
NP_416270,EBHIBJHK_00202,P76909,NP_416270.1,b1756,CDS,ynjD,putative ABC transporter ATP-binding protein YnjD,944965,b1756
NP_416271,EBHIBJHK_00201,P78067,NP_416271.4,b1757,CDS,ynjE,molybdopterin synthase sulfurtransferase,946505,b1757
NP_416272,EBHIBJHK_00200,P76226,NP_416272.2,b1758,CDS,ynjF,CDP-alcohol phosphatidyltransferase domain-containing protein YnjF,946221,b1758
NP_416273,EBHIBJHK_00199,P77788,NP_416273.1,b1759,CDS,nudG,5-hydroxy-CTP diphosphatase,946277,b1759
NP_416274,EBHIBJHK_00198,P76227,NP_416274.1,b1760,CDS,ynjH,DUF1496 domain-containing protein YnjH,946279,b1760
NP_416275,EBHIBJHK_00197,P00370,NP_416275.1,b1761,CDS,gdhA,glutamate dehydrogenase,946802,b1761
NP_416277,EBHIBJHK_00196,P14294,NP_416277.1,b1763,CDS,topB,DNA topoisomerase III,946141,b1763
NP_416278,EBHIBJHK_00195,P16456,NP_416278.1,b1764,CDS,selD,"selenide, water dikinase",946768,b1764
NP_416279,EBHIBJHK_00194,P0ACY1,NP_416279.1,b1765,CDS,ydjA,putative oxidoreductase YdjA,945964,b1765
NP_416280,EBHIBJHK_00193,P08395,NP_416280.1,b1766,CDS,sppA,"protease IV, a signal peptide peptidase",946281,b1766
NP_416281,EBHIBJHK_00192,P0A962,NP_416281.1,b1767,CDS,ansA,L-asparaginase 1,946278,b1767
NP_416282,EBHIBJHK_00191,P21369,NP_416282.4,b1768,CDS,pncA,nicotinamidase,946276,b1768
NP_416283,EBHIBJHK_00190,P38055,NP_416283.1,b1769,CDS,ydjE,putative transporter YdjE,946274,b1769
NP_416284,EBHIBJHK_00189,P77721,NP_416284.1,b1770,CDS,ydjF,putative DNA-binding transcriptional regulator YdjF,946272,b1770
NP_416285,EBHIBJHK_00188,P77256,NP_416285.1,b1771,CDS,ydjG,NADH-dependent methylglyoxal reductase,946283,b1771
NP_416286,EBHIBJHK_00187,P77493,NP_416286.4,b1772,CDS,ydjH,L-glycero-L-galacto-octuluronate kinase,946285,b1772
NP_416287,EBHIBJHK_00186,P77704,NP_416287.1,b1773,CDS,ydjI,L-glycero-L-galacto-octuluronate-1-phosphate aldolase,946291,b1773
NP_416288,EBHIBJHK_00185,P77280,NP_416288.1,b1774,CDS,ydjJ,putative zinc-binding dehydrogenase YdjJ,946292,b1774
NP_416289,EBHIBJHK_00184,P76230,NP_416289.1,b1775,CDS,ydjK,putative transporter YdjK,946293,b1775
NP_416290,EBHIBJHK_00183,P77539,NP_416290.1,b1776,CDS,ydjL,putative zinc-binding dehydrogenase YdjL,946299,b1776
NP_416291,EBHIBJHK_00182,P76231,NP_416291.4,b1777,CDS,yeaC,DUF1315 domain-containing protein YeaC,947074,b1777
NP_416292,EBHIBJHK_00181,P0A746,NP_416292.1,b1778,CDS,msrB,methionine sulfoxide reductase B,947188,b1778
NP_416293,EBHIBJHK_00180,P0A9B2,NP_416293.1,b1779,CDS,gapA,glyceraldehyde-3-phosphate dehydrogenase A,947679,b1779
NP_416294,EBHIBJHK_00179,P39173,NP_416294.4,b1780,CDS,yeaD,putative aldose 1-epimerase YeaD,946572,b1780
NP_416295,EBHIBJHK_00178,P76234,NP_416295.1,b1781,CDS,yeaE,methylglyoxal reductase YeaE,946302,b1781
NP_416296,EBHIBJHK_00177,P0A908,NP_416296.1,b1782,CDS,mipA,MltA-interacting protein,946301,b1782
NP_416297,EBHIBJHK_00176,P0ACY3,NP_416297.1,b1783,CDS,yeaG,protein kinase YeaG,946297,b1783
NP_416298,EBHIBJHK_00175,P76235,NP_416298.1,b1784,CDS,yeaH,DUF444 domain-containing protein YeaH,946296,b1784
NP_416299,EBHIBJHK_00174,P76236,NP_416299.1,b1785,CDS,cdgI,putative c-di-GMP binding protein CdgI,946366,b1785
NP_416300,EBHIBJHK_00173,P76237,NP_416300.2,b1786,CDS,dgcJ,diguanylate cyclase DgcJ,946290,b1786
NP_416301,EBHIBJHK_00172,P64483,NP_416301.1,b1787,CDS,yeaK,mischarged aminoacyl-tRNA deacylase,946303,b1787
NP_416303,EBHIBJHK_00171,P0ACY6,NP_416303.1,b1789,CDS,yeaL,DUF441 domain-containing inner membrane protein YeaL,946307,b1789
NP_416303,EBHIBJHK_00171,P0ACY6,NP_416303.1,b1789,CDS,yeaL,DUF441 domain-containing inner membrane protein YeaL,946307,b1789
NP_416303,EBHIBJHK_00171,P0ACY6,NP_416303.1,b1789,CDS,yeaL,DUF441 domain-containing inner membrane protein YeaL,946307,b1789
NP_416303,EBHIBJHK_00171,P0ACY6,NP_416303.1,b1789,CDS,yeaL,DUF441 domain-containing inner membrane protein YeaL,946307,b1789
NP_416304,EBHIBJHK_00170,P76241,NP_416304.1,b1790,CDS,nimR,DNA-binding transcriptional repressor NimR,946590,b1790
NP_416305,EBHIBJHK_00169,P76242,NP_416305.1,b1791,CDS,nimT,2-nitroimidazole exporter,946309,b1791
NP_416306,EBHIBJHK_00168,P76243,NP_416306.2,b1792,CDS,yeaO,DUF488 domain-containing protein YeaO,945675,b1792
NP_416307,EBHIBJHK_00167,P64493,NP_416307.1,b1793,CDS,yoaF,DUF333 domain-containing lipoprotein YoaF,946310,b1793
NP_416308,EBHIBJHK_00166,P76245,NP_416308.4,b1794,CDS,dgcP,diguanylate cyclase DgcP,948969,b1794
NP_416309,EBHIBJHK_00165,P64485,NP_416309.1,b1795,CDS,yeaQ,PF04226 family protein YeaQ,946311,b1795
NP_416310,EBHIBJHK_00164,P64496,NP_416310.1,b1796,CDS,yoaG,DUF1869 domain-containing protein YoaG,946314,b1796
NP_416311,EBHIBJHK_00163,P64488,NP_416311.1,b1797,CDS,yeaR,DUF1971 domain-containing protein YeaR,946317,b1797
NP_416312,EBHIBJHK_00162,P76249,NP_416312.1,b1798,CDS,leuE,leucine exporter,946157,b1798
NP_416313,EBHIBJHK_00161,P76250,NP_416313.4,b1799,CDS,dmlR,DNA-binding transcriptional regulator DmlR,946316,b1799
NP_416314,EBHIBJHK_00160,P76251,NP_416314.1,b1800,CDS,dmlA,D-malate/3-isopropylmalate dehydrogenase (decarboxylating),946319,b1800
NP_416315,EBHIBJHK_00159,P0ABD1,NP_416315.1,b1801,CDS,yeaV,putative transporter YeaV,947326,b1801
NP_416316,EBHIBJHK_00158,P0ABR7,NP_416316.1,b1802,CDS,yeaW,carnitine monooxygenase subunit YeaW,946325,b1802
NP_416317,EBHIBJHK_00157,P76254,NP_416317.1,b1803,CDS,yeaX,carnitine monooxygenase subunit YeaX,946329,b1803
NP_416318,EBHIBJHK_00156,P09155,NP_416318.1,b1804,CDS,rnd,RNase D,946328,b1804
NP_416319,EBHIBJHK_00155,P69451,NP_416319.1,b1805,CDS,fadD,long-chain-fatty-acid--CoA ligase,946327,b1805
NP_416320,EBHIBJHK_00154,P0AA91,NP_416320.1,b1806,CDS,yeaY,Slp family lipoprotein YeaY,946312,b1806
NP_416321,EBHIBJHK_00153,P76256,NP_416321.1,b1807,CDS,tsaB,"N(6)-L-threonylcarbamoyladenine synthase, TsaB subunit",946304,b1807
NP_416322,EBHIBJHK_00152,P76257,NP_416322.1,b1808,CDS,yoaA,putative ATP-dependent 5' to 3' DNA helicase,946305,b1808
NP_416323,EBHIBJHK_00151,P0AEB7,NP_416323.4,b1809,CDS,yoaB,RutC family protein YoaB,946357,b1809
NP_416324,EBHIBJHK_00150,P64490,NP_416324.2,b1810,CDS,yoaC,DUF1889 domain-containing protein YoaC,946308,b1810
NP_416325,EBHIBJHK_00149,P67338,NP_416325.1,b1811,CDS,yoaH,UFP0181 family protein YoaH,946346,b1811
NP_416326,EBHIBJHK_00148,P05041,NP_416326.1,b1812,CDS,pabB,aminodeoxychorismate synthase subunit 1,946337,b1812
NP_416327,EBHIBJHK_00147,P43337,NP_416327.1,b1813,CDS,nudL,putative NUDIX hydrolase with low 3-phosphohydroxypyruvate phosphatase activity,946330,b1813
NP_416328,EBHIBJHK_00146,P16095,NP_416328.1,b1814,CDS,sdaA,L-serine deaminase I,946331,b1814
NP_416329,EBHIBJHK_00145,P76261,NP_416329.4,b1815,CDS,pdeD,putative c-di-GMP phosphodiesterase PdeD,946336,b1815
NP_416330,EBHIBJHK_00144,P0AEC0,NP_416330.1,b1816,CDS,yoaE,TerC family inner membrane protein YoaE,946335,b1816
NP_416331,EBHIBJHK_00142,P69797,NP_416331.1,b1817,CDS,manX,mannose-specific PTS enzyme IIAB component,946334,b1817
NP_416332,EBHIBJHK_01729,P69801,NP_416332.1,b1818,CDS,manY,mannose-specific PTS enzyme IIC component,946332,b1818
NP_416332,EBHIBJHK_00141,P69801,NP_416332.1,b1818,CDS,manY,mannose-specific PTS enzyme IIC component,946332,b1818
NP_416333,EBHIBJHK_00140,P69805,NP_416333.4,b1819,CDS,manZ,mannose-specific PTS enzyme IID component,946342,b1819
NP_416333,EBHIBJHK_01728,P69805,NP_416333.4,b1819,CDS,manZ,mannose-specific PTS enzyme IID component,946342,b1819
NP_416334,EBHIBJHK_00139,P67601,NP_416334.1,b1820,CDS,yobD,DUF986 domain-containing inner membrane protein YobD,946343,b1820
NP_416335,EBHIBJHK_00138,P76264,NP_416335.4,b1821,CDS,mntP,Mn(2(+)) exporter,946341,b1821
NP_416336,EBHIBJHK_00137,P36999,NP_416336.1,b1822,CDS,rlmA,23S rRNA m(1)G745 methyltransferase,946340,b1822
NP_416337,EBHIBJHK_00136,P0A9Y6,NP_416337.1,b1823,CDS,cspC,transcription antiterminator and regulator of mRNA stability CspC,946339,b1823
NP_416339,EBHIBJHK_00135,P64499,NP_416339.1,b1825,CDS,yebO,uncharacterized protein YebO,946350,b1825
NP_416341,EBHIBJHK_00133,P76268,NP_416341.1,b1827,CDS,kdgR,DNA-binding transcriptional repressor KdgR,946129,b1827
NP_416342,EBHIBJHK_00132,P76269,NP_416342.4,b1828,CDS,yebQ,putative transporter YebQ,946048,b1828
NP_416343,EBHIBJHK_00131,P23894,NP_416343.1,b1829,CDS,htpX,protease HtpX,946076,b1829
NP_416344,EBHIBJHK_00130,P23865,NP_416344.1,b1830,CDS,prc,tail-specific protease,946096,b1830
NP_416346,EBHIBJHK_00128,P76270,NP_416346.4,b1832,CDS,msrC,free methionine-(R)-sulfoxide reductase,946086,b1832
NP_416347,EBHIBJHK_00127,P0AD03,NP_416347.1,b1833,CDS,letA,intermembrane transport protein LetA,946353,b1833
NP_416348,EBHIBJHK_00126,P76272,NP_416348.2,b1834,CDS,letB,lipophilic envelope spanning tunnel,946352,b1834
NP_416349,EBHIBJHK_00125,P76273,NP_416349.2,b1835,CDS,rsmF,16S rRNA m(5)C1407 methyltransferase,946348,b1835
NP_416350,EBHIBJHK_00124,P64503,NP_416350.4,b1836,CDS,yebV,DUF1480 domain-containing protein YebV,946347,b1836
NP_416351,EBHIBJHK_00123,P76275,NP_416351.2,b1837,CDS,yebW,DUF1482 domain-containing protein YebW,946354,b1837
NP_416352,EBHIBJHK_00122,P55798,NP_416352.4,b1838,CDS,pphA,phosphoprotein phosphatase 1,946356,b1838
NP_416353,EBHIBJHK_00121,P64506,NP_416353.1,b1839,CDS,yebY,DUF2511 domain-containing protein YebY,947014,b1839
NP_416354,EBHIBJHK_00120,P76278,NP_416354.1,b1840,CDS,yebZ,CopD family protein,947078,b1840
NP_416355,EBHIBJHK_00119,P0AA57,NP_416355.1,b1841,CDS,yobA,copper-binding protein,948315,b1841
NP_416356,EBHIBJHK_00118,P0ABS8,NP_416356.1,b1842,CDS,holE,DNA polymerase III subunit theta,947471,b1842
NP_416357,EBHIBJHK_00117,P76280,NP_416357.1,b1843,CDS,yobB,putative carbon-nitrogen hydrolase family protein YobB,948329,b1843
NP_416358,EBHIBJHK_00116,P0AEK0,NP_416358.1,b1844,CDS,exoX,exonuclease X,946361,b1844
NP_416359,EBHIBJHK_00115,P24555,NP_416359.1,b1845,CDS,ptrB,oligopeptidase B,946358,b1845
NP_416360,EBHIBJHK_00114,P33218,NP_416360.1,b1846,CDS,yebE,DUF533 domain-containing inner membrane protein YebE,946355,b1846
NP_416361,EBHIBJHK_00112,P33219,NP_416361.2,b1847,CDS,yebF,secreted protein YebF,946363,b1847
NP_416362,EBHIBJHK_00111,P0ACY9,NP_416362.1,b1848,CDS,yebG,DNA damage-inducible protein YebG,946364,b1848
NP_416363,EBHIBJHK_00110,P33221,NP_416363.1,b1849,CDS,purT,phosphoribosylglycinamide formyltransferase 2,946368,b1849
NP_416364,EBHIBJHK_00109,P0A955,NP_416364.1,b1850,CDS,eda,KHG/KDPG aldolase,946367,b1850
NP_416365,EBHIBJHK_00108,P0ADF6,NP_416365.1,b1851,CDS,edd,phosphogluconate dehydratase,946362,b1851
NP_416366,EBHIBJHK_00107,P0AC53,NP_416366.1,b1852,CDS,zwf,NADP(+)-dependent glucose-6-phosphate dehydrogenase,946370,b1852
NP_416367,EBHIBJHK_00105,P46118,NP_416367.1,b1853,CDS,yebK,DNA-binding transcriptional repressor YebK,946373,b1853
NP_416368,EBHIBJHK_00104,P21599,NP_416368.1,b1854,CDS,pykA,pyruvate kinase 2,946527,b1854
NP_416369,EBHIBJHK_00103,P24205,NP_416369.1,b1855,CDS,lpxM,Lipid A biosynthesis myristoyltransferase,945143,b1855
NP_416370,EBHIBJHK_00102,P0AFS9,NP_416370.2,b1856,CDS,mepM,peptidoglycan endopeptidase MepM,946376,b1856
NP_416371,EBHIBJHK_00101,P39172,NP_416371.4,b1857,CDS,znuA,Zn(2(+)) ABC transporter periplasmic binding protein,946375,b1857
NP_416372,EBHIBJHK_00100,P0A9X1,NP_416372.1,b1858,CDS,znuC,Zn(2(+)) ABC transporter ATP binding subunit,946374,b1858
NP_416373,EBHIBJHK_00099,P39832,NP_416373.1,b1859,CDS,znuB,Zn(2(+)) ABC transporter membrane subunit,946372,b1859
NP_416374,EBHIBJHK_00098,P0A812,NP_416374.1,b1860,CDS,ruvB,Holliday junction branch migration complex subunit RuvB,946371,b1860
NP_416375,EBHIBJHK_00097,P0A809,NP_416375.1,b1861,CDS,ruvA,Holliday junction branch migration complex subunit RuvA,946369,b1861
NP_416376,EBHIBJHK_00096,P24238,NP_416376.2,b1862,CDS,yebB,putative papain-like amidase YebB,946377,b1862
NP_416377,EBHIBJHK_00095,P0A814,NP_416377.1,b1863,CDS,ruvC,crossover junction endodeoxyribonuclease RuvC,946378,b1863
NP_416378,EBHIBJHK_00094,P0A8A0,NP_416378.1,b1864,CDS,yebC,putative transcriptional regulator YebC,946379,b1864
NP_416379,EBHIBJHK_00093,P0AFC0,NP_416379.1,b1865,CDS,nudB,dihydroneopterin triphosphate diphosphatase,946383,b1865
NP_416380,EBHIBJHK_00092,P21889,NP_416380.1,b1866,CDS,aspS,aspartate--tRNA ligase,946385,b1866
NP_416381,EBHIBJHK_00091,P0ADI7,NP_416381.2,b1867,CDS,yecD,isochorismatase family protein YecD,946384,b1867
NP_416382,EBHIBJHK_00090,P37348,NP_416382.1,b1868,CDS,yecE,DUF72 domain-containing protein YecE,946382,b1868
NP_416383,EBHIBJHK_00089,P64515,NP_416383.4,b1869,CDS,yecN,MAPEG family inner membrane protein YecN,946381,b1869
NP_416384,EBHIBJHK_00088,P76290,NP_416384.1,b1870,CDS,cmoA,carboxy-S-adenosyl-L-methionine synthase,946380,b1870
NP_416385,EBHIBJHK_00087,P76291,NP_416385.1,b1871,CDS,cmoB,tRNA U34 carboxymethyltransferase,946387,b1871
NP_416386,EBHIBJHK_00086,P46923,NP_416386.4,b1872,CDS,torZ,trimethylamine N-oxide reductase 2,946389,b1872
NP_416387,EBHIBJHK_00085,P52005,NP_416387.1,b1873,CDS,torY,cytochrome c quinol dehydrogenase TorY,946490,b1873
NP_416389,EBHIBJHK_00083,P52007,NP_416389.4,b1875,CDS,yecM,putative metal-binding enzyme YecM,946415,b1875
NP_416390,EBHIBJHK_00082,P11875,NP_416390.1,b1876,CDS,argS,arginine--tRNA ligase,946452,b1876
NP_416392,EBHIBJHK_00081,P76297,NP_416392.1,b1878,CDS,flhE,flagellar protein FlhE,946094,b1878
NP_416393,EBHIBJHK_00080,P76298,NP_416393.1,b1879,CDS,flhA,flagellar biosynthesis protein FlhA,946390,b1879
NP_416394,EBHIBJHK_00079,P76299,NP_416394.1,b1880,CDS,flhB,flagellar biosynthesis protein FlhB,946391,b1880
NP_416395,EBHIBJHK_00078,P0A9H9,NP_416395.1,b1881,CDS,cheZ,chemotaxis protein CheZ,946392,b1881
NP_416396,EBHIBJHK_00077,P0AE67,NP_416396.1,b1882,CDS,cheY,chemotaxis protein CheY,946393,b1882
NP_416397,EBHIBJHK_00076,P07330,NP_416397.1,b1883,CDS,cheB,protein-glutamate methylesterase/protein glutamine deamidase,946394,b1883
NP_416398,EBHIBJHK_00075,P07364,NP_416398.1,b1884,CDS,cheR,chemotaxis protein methyltransferase,946396,b1884
NP_416399,EBHIBJHK_00074,P07018,NP_416399.1,b1885,CDS,tap,methyl-accepting chemotaxis protein Tap,946397,b1885
NP_416400,EBHIBJHK_00073,P07017,NP_416400.1,b1886,CDS,tar,methyl-accepting chemotaxis protein Tar,946399,b1886
NP_416401,EBHIBJHK_00072,P0A964,NP_416401.1,b1887,CDS,cheW,chemotaxis protein CheW,946400,b1887
NP_416403,EBHIBJHK_00070,P0AF06,NP_416403.1,b1889,CDS,motB,motility protein B,946402,b1889
NP_416404,EBHIBJHK_00069,P09348,NP_416404.1,b1890,CDS,motA,motility protein A,947564,b1890
NP_416405,EBHIBJHK_00068,P0ABY7,NP_416405.1,b1891,CDS,flhC,DNA-binding transcriptional dual regulator FlhC,947280,b1891
NP_416406,EBHIBJHK_00067,P0A8S9,NP_416406.4,b1892,CDS,flhD,DNA-binding transcriptional dual regulator FlhD,945442,b1892
NP_416408,EBHIBJHK_04639,P0CF11,NP_416408.1,b1894,CDS,insA5,IS1 family protein InsA,945800,b1894
NP_416409,EBHIBJHK_00066,P46888,NP_416409.1,b1895,CDS,uspC,universal stress protein C,946404,b1895
NP_416410,EBHIBJHK_00065,P31677,NP_416410.1,b1896,CDS,otsA,trehalose-6-phosphate synthase,946405,b1896
NP_416411,EBHIBJHK_00064,P31678,NP_416411.1,b1897,CDS,otsB,trehalose-6-phosphate phosphatase,946406,b1897
NP_416413,EBHIBJHK_00062,P0AAF3,NP_416413.1,b1900,CDS,araG,arabinose ABC transporter ATP binding subunit,946408,b1900
NP_416414,EBHIBJHK_00061,P02924,NP_416414.1,b1901,CDS,araF,arabinose ABC transporter periplasmic binding protein,946409,b1901
NP_416415,EBHIBJHK_00060,P0A9A2,NP_416415.1,b1902,CDS,ftnB,putative ferritin-like protein,946407,b1902
NP_416416,EBHIBJHK_00059,P0AD10,NP_416416.2,b4537,CDS,yecJ,DUF2766 domain-containing protein YecJ,946388,b4537
NP_416417,EBHIBJHK_00058,P76308,NP_416417.1,b1904,CDS,yecR,lipoprotein YecR,946386,b1904
NP_416418,EBHIBJHK_00057,P0A998,NP_416418.1,b1905,CDS,ftnA,ferritin iron storage protein,946410,b1905
NP_416419,EBHIBJHK_00056,P46887,NP_416419.1,b1906,CDS,yecH,DUF2492 domain-containing protein YecH,946411,b1906
NP_416420,EBHIBJHK_00055,P0AAD4,NP_416420.1,b1907,CDS,tyrP,tyrosine:H(+) symporter,946412,b1907
NP_416421,EBHIBJHK_00054,P0AD05,NP_416421.1,b1908,CDS,yecA,putative iron-binding protein YecA,945061,b1908
NP_416422,EBHIBJHK_00050,P0ABF8,NP_416422.1,b1912,CDS,pgsA,CDP-diacylglycerol--glycerol-3-phosphate 3-phosphatidyltransferase,945791,b1912
NP_416423,EBHIBJHK_00049,P0A8G0,NP_416423.4,b1913,CDS,uvrC,UvrABC excision nuclease subunit C,947203,b1913
NP_416424,EBHIBJHK_00048,P0AED5,NP_416424.1,b1914,CDS,uvrY,DNA-binding transcriptional activator UvrY,946424,b1914
NP_416425,EBHIBJHK_00047,P0AD07,NP_416425.1,b1915,CDS,yecF,DUF2594 domain-containing protein YecF,946420,b1915
NP_416426,EBHIBJHK_00046,P07026,NP_416426.1,b1916,CDS,sdiA,DNA-binding transcriptional dual regulator SdiA,946421,b1916
NP_416427,EBHIBJHK_00045,P37774,NP_416427.1,b1917,CDS,tcyN,cystine ABC transporter ATP binding subunit,946422,b1917
NP_416428,EBHIBJHK_00044,P0AFT2,NP_416428.1,b1918,CDS,tcyL,cystine ABC transporter membrane subunit,949105,b1918
NP_416429,EBHIBJHK_00043,P76316,NP_416429.4,b1919,CDS,dcyD,D-cysteine desulfhydrase,946831,b1919
NP_416430,EBHIBJHK_00042,P0AEM9,NP_416430.1,b1920,CDS,tcyJ,cystine ABC transporter periplasmic binding protein,948833,b1920
NP_416431,EBHIBJHK_00041,P52627,NP_416431.2,b1921,CDS,fliZ,DNA-binding transcriptional regulator FliZ,946833,b1921
NP_416432,EBHIBJHK_00040,P0AEM6,NP_416432.3,b1922,CDS,fliA,RNA polymerase sigma factor FliA,948824,b1922
NP_416434,EBHIBJHK_00038,P24216,NP_416434.1,b1924,CDS,fliD,flagellar filament capping protein,946428,b1924
NP_416435,EBHIBJHK_00037,P26608,NP_416435.1,b1925,CDS,fliS,flagellar biosynthesis protein FliS,946429,b1925
NP_416436,EBHIBJHK_00036,P0ABY2,NP_416436.1,b1926,CDS,fliT,flagellar biosynthesis protein FliT,946433,b1926
NP_416437,EBHIBJHK_00035,P26612,NP_416437.1,b1927,CDS,amyA,alpha-amylase,946434,b1927
NP_416438,EBHIBJHK_00034,P31063,NP_416438.1,b1928,CDS,yedD,lipoprotein YedD,949082,b1928
NP_416439,EBHIBJHK_00033,P31064,NP_416439.1,b1929,CDS,yedE,putative selenium transporter YedE,945192,b1929
NP_416440,EBHIBJHK_00032,P0AA31,NP_416440.1,b1930,CDS,yedF,putative sulfurtransferase YedF,946909,b1930
NP_416447,EBHIBJHK_00025,P0A8T5,NP_416447.1,b1937,CDS,fliE,flagellar protein FliE,946446,b1937
NP_416448,EBHIBJHK_00024,P25798,NP_416448.1,b1938,CDS,fliF,flagellar basal-body MS-ring and collar protein,946448,b1938
NP_416449,EBHIBJHK_00023,P0ABZ1,NP_416449.1,b1939,CDS,fliG,flagellar motor switch protein FliG,946451,b1939
NP_416450,EBHIBJHK_00022,P31068,NP_416450.2,b1940,CDS,fliH,flagellar biosynthesis protein FliH,946456,b1940
NP_416451,EBHIBJHK_00021,P52612,NP_416451.1,b1941,CDS,fliI,flagellar export ATPase FliI,946457,b1941
NP_416452,EBHIBJHK_00020,P52613,NP_416452.1,b1942,CDS,fliJ,flagellar biosynthesis protein FliJ,946454,b1942
NP_416453,EBHIBJHK_00019,P52614,NP_416453.1,b1943,CDS,fliK,flagellar hook-length control protein,946449,b1943
NP_416454,EBHIBJHK_00018,P0ABX8,NP_416454.1,b1944,CDS,fliL,flagellar protein FliL,946443,b1944
NP_416455,EBHIBJHK_00017,P06974,NP_416455.1,b1945,CDS,fliM,flagellar motor switch protein FliM,946442,b1945
NP_416456,EBHIBJHK_00016,P15070,NP_416456.1,b1946,CDS,fliN,flagellar motor switch protein FliN,946423,b1946
NP_416457,EBHIBJHK_00015,P22586,NP_416457.4,b1947,CDS,fliO,flagellar biosynthesis protein FliO,946458,b1947
NP_416458,EBHIBJHK_00014,P0AC05,NP_416458.1,b1948,CDS,fliP,flagellar biosynthesis protein FliP,946462,b1948
NP_416459,EBHIBJHK_00013,P0AC07,NP_416459.1,b1949,CDS,fliQ,flagellar biosynthesis protein FliQ,946463,b1949
NP_416460,EBHIBJHK_00012,P33135,NP_416460.1,b1950,CDS,fliR,flagellar biosynthesis protein FliR,946464,b1950
NP_416461,EBHIBJHK_00011,P0DMC9,NP_416461.1,b1951,CDS,rcsA,DNA-binding transcriptional activator RcsA,946467,b1951
NP_416462,EBHIBJHK_00010,P0AEG8,NP_416462.1,b1952,CDS,dsrB,protein DsrB,946468,b1952
NP_416463,EBHIBJHK_00009,P64519,NP_416463.4,b1953,CDS,yodD,stress-induced protein,946469,b1953
NP_416464,EBHIBJHK_00008,P76329,NP_416464.1,b1955,CDS,yedP,putative mannosyl-3-phosphoglycerate phosphatase,946472,b1955
NP_416465,EBHIBJHK_00007,P76330,NP_416465.2,b1956,CDS,dgcQ,diguanylate cyclase DgcQ,946471,b1956
NP_416466,EBHIBJHK_00006,P64517,NP_416466.1,b1957,CDS,yodC,protein YodC,946466,b1957
NP_416467,EBHIBJHK_00005,P46125,NP_416467.1,b1958,CDS,yedI,DUF808 domain-containing inner membrane protein YedI,946465,b1958
NP_416468,EBHIBJHK_00004,P0AA70,NP_416468.1,b1959,CDS,yedA,putative transporter YedA,946461,b1959
NP_416469,EBHIBJHK_00003,P09184,NP_416469.1,b1960,CDS,vsr,DNA mismatch endonuclease Vsr,946476,b1960
NP_416470,EBHIBJHK_00002,P0AED9,NP_416470.1,b1961,CDS,dcm,DNA-cytosine methyltransferase,946479,b1961
NP_416476,EBHIBJHK_03110,P31658,NP_416476.1,b1967,CDS,hchA,protein/nucleic acid deglycase 1,946481,b1967
NP_416477,EBHIBJHK_03111,P76339,NP_416477.1,b1968,CDS,hprS,sensor histidine kinase HprS,946487,b1968
NP_416478,EBHIBJHK_03112,P76340,NP_416478.2,b1969,CDS,hprR,DNA-binding transcriptional dual regulator HprR,946486,b1969
NP_416479,EBHIBJHK_03113,P76341,NP_416479.1,b1970,CDS,hiuH,hydroxyisourate hydrolase/transthyretin-related protein,946485,b1970
NP_416480,EBHIBJHK_03114,P76342,NP_416480.1,b1971,CDS,msrP,protein-L-methionine sulfoxide reductase catalytic subunit MsrP,946484,b1971
NP_416481,EBHIBJHK_03115,P76343,NP_416481.1,b1972,CDS,msrQ,membrane-bound flavocytochrome MsrQ,946483,b1972
NP_416482,EBHIBJHK_03116,P76344,NP_416482.1,b1973,CDS,zinT,metal-binding protein ZinT,946480,b1973
NP_416484,EBHIBJHK_03118,P76346,NP_416484.2,b1976,CDS,mtfA,Mlc titration factor,946489,b1976
NP_416488,EBHIBJHK_03136,P76350,NP_416488.1,b1981,CDS,shiA,shikimate:H(+) symporter,946495,b1981
NP_416489,EBHIBJHK_03137,P0AE12,NP_416489.1,b1982,CDS,amn,AMP nucleosidase,946508,b1982
NP_416490,EBHIBJHK_03138,P0A8A2,NP_416490.1,b1983,CDS,yeeN,putative transcriptional regulator YeeN,946493,b1983
NP_416491,EBHIBJHK_03140,P76352,NP_416491.3,b1985,CDS,yeeO,FMN/FAD exporter,946506,b1985
NP_416492,EBHIBJHK_03142,Q47083,NP_416492.1,b1987,CDS,cbl,DNA-binding transcriptional activator Cbl,946502,b1987
NP_416493,EBHIBJHK_03143,Q47005,NP_416493.1,b1988,CDS,nac,DNA-binding transcriptional dual regulator Nac,946501,b1988
NP_416494,EBHIBJHK_03145,P39176,NP_416494.1,b1990,CDS,ldtA,"L,D-transpeptidase LdtA",945273,b1990
NP_416495,EBHIBJHK_03146,P36562,NP_416495.1,b1991,CDS,cobT,nicotinate-nucleotide--dimethylbenzimidazole phosphoribosyltransferase,946517,b1991
NP_416496,EBHIBJHK_03147,P36561,NP_416496.1,b1992,CDS,cobS,cobalamin 5'-phosphate synthase,946520,b1992
NP_416497,EBHIBJHK_03148,P0AE76,NP_416497.1,b1993,CDS,cobU,cobinamide-P guanylyltransferase/cobinamide kinase,946519,b1993
NP_416500,EBHIBJHK_03351,P0CF55,NP_416500.1,b1996,CDS,insD3,IS2 insertion element protein InsB,946403,b1996
NP_416500,EBHIBJHK_04814,P0CF55,NP_416500.1,b1996,CDS,insD3,IS2 insertion element protein InsB,946403,b1996
NP_416505,EBHIBJHK_04929,P76361,NP_416505.2,b2001,CDS,yeeR,inner membrane protein YeeR,946512,b2001
NP_416506,EBHIBJHK_04474,P76362,NP_416506.1,b2002,CDS,yeeS,RadC-like JAB domain-containing protein YeeS,946514,b2002
NP_416507,EBHIBJHK_01592,P64521,NP_416507.1,b2003,CDS,yeeT,DUF987 domain-containing protein YeeT,946513,b2003
NP_416507,EBHIBJHK_05001,P64521,NP_416507.1,b2003,CDS,yeeT,DUF987 domain-containing protein YeeT,946513,b2003
NP_416507,EBHIBJHK_04473,P64521,NP_416507.1,b2003,CDS,yeeT,DUF987 domain-containing protein YeeT,946513,b2003
NP_416508,EBHIBJHK_04472,P76364,NP_416508.1,b2004,CDS,cbeA,cytoskeleton bundling-enhancing antitoxin CbeA,946510,b2004
NP_416508,EBHIBJHK_04999,P76364,NP_416508.1,b2004,CDS,cbeA,cytoskeleton bundling-enhancing antitoxin CbeA,946510,b2004
NP_416508,EBHIBJHK_01593,P76364,NP_416508.1,b2004,CDS,cbeA,cytoskeleton bundling-enhancing antitoxin CbeA,946510,b2004
NP_416509,EBHIBJHK_04998,P64524,NP_416509.1,b2005,CDS,cbtA,cytoskeleton-binding toxin CbtA,946534,b2005
NP_416509,EBHIBJHK_01594,P64524,NP_416509.1,b2005,CDS,cbtA,cytoskeleton-binding toxin CbtA,946534,b2005
NP_416509,EBHIBJHK_01846,P64524,NP_416509.1,b2005,CDS,cbtA,cytoskeleton-binding toxin CbtA,946534,b2005
NP_416509,EBHIBJHK_04471,P64524,NP_416509.1,b2005,CDS,cbtA,cytoskeleton-binding toxin CbtA,946534,b2005
NP_416511,EBHIBJHK_04469,P0A8M6,NP_416511.4,b2007,CDS,tmaR,PTS system regulator TmaR,946541,b2007
NP_416512,EBHIBJHK_04468,P33011,NP_416512.1,b2008,CDS,yeeA,putative transporter YeeA,946545,b2008
NP_416513,EBHIBJHK_04467,P33012,NP_416513.1,b2009,CDS,sbmC,DNA gyrase inhibitor,946546,b2009
NP_416514,EBHIBJHK_04466,P33013,NP_416514.4,b2010,CDS,dacD,D-alanyl-D-alanine carboxypeptidase DacD,946518,b2010
NP_416515,EBHIBJHK_04465,P04995,NP_416515.1,b2011,CDS,sbcB,exodeoxyribonuclease I,946529,b2011
NP_416516,EBHIBJHK_04464,P33014,NP_416516.1,b2012,CDS,tsuB,putative thiosulfate sulfurtransferase,946539,b2012
NP_416517,EBHIBJHK_04463,P33015,NP_416517.1,b2013,CDS,tsuA,thiosulfate transporter,946526,b2013
NP_416518,EBHIBJHK_04462,P0AA47,NP_416518.2,b2014,CDS,plaP,putrescine:H(+) symporter PlaP,946533,b2014
NP_416519,EBHIBJHK_04461,P76369,NP_416519.4,b2015,CDS,yeeY,putative DNA-binding transcriptional regulator YeeY,946532,b2015
NP_416520,EBHIBJHK_04460,P0AD12,NP_416520.1,b2016,CDS,yeeZ,putative epimerase YeeZ,946538,b2016
NP_416521,EBHIBJHK_04458,P69346,NP_416521.2,b2017,CDS,yefM,YefM antitoxin of the YoeB-YefM toxin-antitoxin pair and DNA binding transcriptional repressor,946542,b2017
NP_416523,EBHIBJHK_04457,P60757,NP_416523.1,b2019,CDS,hisG,ATP phosphoribosyltransferase,946549,b2019
NP_416524,EBHIBJHK_04456,P06988,NP_416524.1,b2020,CDS,hisD,histidinal/histidinol dehydrogenase,946531,b2020
NP_416525,EBHIBJHK_04455,P06986,NP_416525.1,b2021,CDS,hisC,histidinol-phosphate aminotransferase,946551,b2021
NP_416526,EBHIBJHK_04454,P06987,NP_416526.4,b2022,CDS,hisB,imidazoleglycerol-phosphate dehydratase/histidinol-phosphatase,946552,b2022
NP_416527,EBHIBJHK_04453,P60595,NP_416527.1,b2023,CDS,hisH,imidazole glycerol phosphate synthase subunit HisH,946544,b2023
NP_416528,EBHIBJHK_04452,P10371,NP_416528.2,b2024,CDS,hisA,1-(5-phosphoribosyl)-5-[(5-phosphoribosylamino)methylideneamino,946521,b2024
NP_416529,EBHIBJHK_04451,P60664,NP_416529.1,b2025,CDS,hisF,imidazole glycerol phosphate synthase subunit HisF,946516,b2025
NP_416530,EBHIBJHK_04450,P06989,NP_416530.1,b2026,CDS,hisI,putative bifunctional phosphoribosyl-AMP cyclohydrolase/phosphoribosyl-ATP pyrophosphatase,946515,b2026
NP_416531,EBHIBJHK_04449,P76372,NP_416531.4,b2027,CDS,wzzB,O-antigen co-polymerase,946553,b2027
NP_416532,EBHIBJHK_04448,P76373,NP_416532.1,b2028,CDS,ugd,UDP-glucose 6-dehydrogenase,946571,b2028
NP_416533,EBHIBJHK_01968,P00350,NP_416533.1,b2029,CDS,gnd,"6-phosphogluconate dehydrogenase, decarboxylating",946554,b2029
NP_416542,EBHIBJHK_01960,P37745,NP_416542.1,b2038,CDS,rfbC,"dTDP-4-dehydrorhamnose 3,5-epimerase",947482,b2038
NP_416543,EBHIBJHK_01959,P37744,NP_416543.1,b2039,CDS,rfbA,glucose-1-phosphate thymidylyltransferase 1,945154,b2039
NP_416544,EBHIBJHK_01958,P37760,NP_416544.1,b2040,CDS,rfbD,dTDP-4-dehydrorhamnose reductase,947117,b2040
NP_416545,EBHIBJHK_01957,P37759,NP_416545.1,b2041,CDS,rfbB,"dTDP-glucose 4,6-dehydratase 1",945276,b2041
NP_416546,EBHIBJHK_01956,P0AAB6,NP_416546.1,b2042,CDS,galF,"UTP:glucose-1-phosphate uridylyltransferase, low activity",946560,b2042
NP_416547,EBHIBJHK_01954,P71244,NP_416547.1,b2043,CDS,wcaM,putative colanic acid biosynthesis protein WcaM,946561,b2043
NP_416548,EBHIBJHK_01953,P71243,NP_416548.1,b2044,CDS,wcaL,putative colanic acid biosynthesis glycosyl transferase WcaL,946565,b2044
NP_416549,EBHIBJHK_01952,P71242,NP_416549.1,b2045,CDS,wcaK,colanic acid biosynthesis pyruvyl transferase WcaK,946569,b2045
NP_416550,EBHIBJHK_01951,P77377,NP_416550.1,b2046,CDS,wzxC,colanic acid repeat unit flippase,946581,b2046
NP_416551,EBHIBJHK_01950,P71241,NP_416551.1,b2047,CDS,wcaJ,UDP-glucose:undecaprenyl-phosphate glucose-1-phosphate transferase,946583,b2047
NP_416552,EBHIBJHK_01949,P24175,NP_416552.1,b2048,CDS,cpsG,phosphomannomutase,946574,b2048
NP_416553,EBHIBJHK_01948,P24174,NP_416553.1,b2049,CDS,cpsB,mannose-1-phosphate guanylyltransferase,946580,b2049
NP_416554,EBHIBJHK_01947,P32057,NP_416554.1,b2050,CDS,wcaI,colanic acid biosynthesis fucosyltransferase WcaI,946588,b2050
NP_416555,EBHIBJHK_01946,P32056,NP_416555.2,b2051,CDS,gmm,GDP-mannose mannosyl hydrolase,946559,b2051
NP_416556,EBHIBJHK_01945,P32055,NP_416556.1,b2052,CDS,fcl,GDP-L-fucose synthase,946563,b2052
NP_416557,EBHIBJHK_01944,P0AC88,NP_416557.1,b2053,CDS,gmd,"GDP-mannose 4,6-dehydratase",946562,b2053
NP_416558,EBHIBJHK_01943,P0ACD2,NP_416558.1,b2054,CDS,wcaF,colanic acid biosynthesis acetyltransferase WcaF,946578,b2054
NP_416559,EBHIBJHK_01942,P71239,NP_416559.1,b2055,CDS,wcaE,"GDP-Fuc:2/3-O-Ac-alpha-L-Fuc-(1->3)-alpha-D-Glc-PP-Und alpha-(1,4)-fucosyltransferase",946543,b2055
NP_416560,EBHIBJHK_01941,P71238,NP_416560.1,b2056,CDS,wcaD,colanic acid polymerase,946550,b2056
NP_416561,EBHIBJHK_01940,P71237,NP_416561.1,b2057,CDS,wcaC,colanic acid biosynthesis galactosyltransferase WcaC,946579,b2057
NP_416562,EBHIBJHK_01939,P0ACC9,NP_416562.1,b2058,CDS,wcaB,colanic acid biosynthesis acetyltransferase WcaB,946573,b2058
NP_416563,EBHIBJHK_01938,P77414,NP_416563.1,b2059,CDS,wcaA,"UDP-glucuronate:2-O-Ac-beta-D-Gal-(1->3)-alpha-L-Fuc-(1->4)-2/3-O-Ac-alpha-L-Fuc-(1->3)-beta-D-Glc-PP-Und beta-(1,3)-glucuronosyltransferase",946570,b2059
NP_416564,EBHIBJHK_01937,P76387,NP_416564.4,b2060,CDS,wzc,protein-tyrosine kinase Wzc,946567,b2060
NP_416565,EBHIBJHK_01936,P0AAB2,NP_416565.1,b2061,CDS,wzb,protein-tyrosine phosphatase,946564,b2061
NP_416566,EBHIBJHK_01935,P0A930,NP_416566.1,b2062,CDS,wza,outer membrane polysaccharide export protein Wza,946558,b2062
NP_416567,EBHIBJHK_01934,P76389,NP_416567.4,b2063,CDS,yegH,inner membrane protein YegH,946566,b2063
NP_416568,EBHIBJHK_01933,P28249,NP_416568.1,b2064,CDS,asmA,putative assembly protein AsmA,946582,b2064
NP_416569,EBHIBJHK_01932,P28248,NP_416569.1,b2065,CDS,dcd,dCTP deaminase,946593,b2065
NP_416570,EBHIBJHK_01931,P0A8F4,NP_416570.2,b2066,CDS,udk,uridine/cytidine kinase,946597,b2066
NP_416571,EBHIBJHK_01930,P38097,NP_416571.1,b2067,CDS,dgcE,putative diguanylate cyclase DgcE,946600,b2067
NP_416572,EBHIBJHK_01929,P04395,NP_416572.1,b2068,CDS,alkA,DNA-3-methyladenine glycosylase 2,947371,b2068
NP_416573,EBHIBJHK_01928,P36928,NP_416573.4,b2069,CDS,yegD,HSP70 family protein YegD,947234,b2069
NP_416574,EBHIBJHK_01927,P76393,NP_416574.1,b2070,CDS,yegI,putative serine/threonine-protein kinase YegI,947159,b2070
NP_416575,EBHIBJHK_01926,P76394,NP_416575.1,b2071,CDS,yegJ,DUF2314 domain-containing protein YegJ,947201,b2071
NP_416576,EBHIBJHK_01925,P76395,NP_416576.1,b2072,CDS,pphC,protein-serine/threonine phosphatase PphC,947269,b2072
NP_416577,EBHIBJHK_01924,P76396,NP_416577.1,b2073,CDS,yegL,IPR002035 domain-containing protein YegL,946602,b2073
NP_416578,EBHIBJHK_01922,P76397,NP_416578.2,b2074,CDS,mdtA,multidrug efflux pump membrane fusion protein MdtA,946604,b2074
NP_416579,EBHIBJHK_01921,P76398,NP_416579.1,b2075,CDS,mdtB,multidrug efflux pump RND permease subunit MdtB,946606,b2075
NP_416580,EBHIBJHK_01920,P76399,NP_416580.1,b2076,CDS,mdtC,multidrug efflux pump RND permease subunit MdtC,946608,b2076
NP_416581,EBHIBJHK_01919,P36554,NP_416581.1,b2077,CDS,mdtD,putative multidrug efflux pump MdtD,946601,b2077
NP_416582,EBHIBJHK_01918,P30847,NP_416582.1,b2078,CDS,baeS,sensor histidine kinase BaeS,946611,b2078
NP_416583,EBHIBJHK_01917,P69228,NP_416583.1,b2079,CDS,baeR,DNA-binding transcriptional activator BaeR,946605,b2079
NP_416584,EBHIBJHK_01916,P76402,NP_416584.4,b2080,CDS,yegP,DUF1508 domain-containing protein YegP,947095,b2080
NP_416585,EBHIBJHK_01915,P76403,NP_416585.1,b2081,CDS,trhP,tRNA wobble base hydroxylation protein TrhP,946609,b2081
NP_416586,EBHIBJHK_01914,P37057,NP_416586.1,b2082,CDS,ogrK,prophage P2 late control protein OgrK,945404,b2082
NP_416589,EBHIBJHK_01871,P76406,NP_416589.2,b2085,CDS,yegR,uncharacterized protein YegR,946613,b2085
NP_416590,EBHIBJHK_01870,P76407,NP_416590.1,b2086,CDS,yegS,lipid kinase YegS,946626,b2086
NP_416592,EBHIBJHK_02603,P0CF70,NP_416592.2,b2088,CDS,insE5,IS3 element protein InsE,946616,b2088
NP_416593,EBHIBJHK_02604,P0CF83,NP_416593.1,b2089,CDS,insF5,IS3 element protein InsF,946629,b2089
NP_416593,EBHIBJHK_02604,P0CF83,NP_416593.1,b2089,CDS,insF5,IS3 element protein InsF,946629,b2089
NP_416594,EBHIBJHK_01868,P0A9S3,NP_416594.1,b2091,CDS,gatD,galactitol-1-phosphate 5-dehydrogenase,946598,b2091
NP_416596,EBHIBJHK_01866,P37188,NP_416596.1,b2093,CDS,gatB,galactitol-specific PTS enzyme IIB component,946610,b2093
NP_416597,EBHIBJHK_01865,P69828,NP_416597.1,b2094,CDS,gatA,galactitol-specific PTS enzyme IIA component,946633,b2094
NP_416598,EBHIBJHK_01864,P0C8J8,NP_416598.1,b2095,CDS,gatZ,"putative tagatose-1,6-bisphosphate aldolase 2 chaperone",946641,b2095
NP_416599,EBHIBJHK_01862,P0C8J6,NP_416599.2,b2096,CDS,gatY,"tagatose-1,6-bisphosphate aldolase 2",946636,b2096
NP_416600,EBHIBJHK_01861,P0A991,NP_416600.4,b2097,CDS,fbaB,fructose-bisphosphate aldolase class I,946632,b2097
NP_416601,EBHIBJHK_01860,P76417,NP_416601.1,b2098,CDS,yegT,putative transporter YegT,946638,b2098
NP_416602,EBHIBJHK_01859,P76418,NP_416602.1,b2099,CDS,yegU,putative ADP-ribosylglycohydrolase YegU,946630,b2099
NP_416603,EBHIBJHK_01858,P76419,NP_416603.1,b2100,CDS,yegV,putative sugar kinase YegV,946637,b2100
NP_416604,EBHIBJHK_01857,P0ACM5,NP_416604.1,b2101,CDS,yegW,putative DNA-binding transcriptional regulator YegW,946639,b2101
NP_416605,EBHIBJHK_01856,P76421,NP_416605.2,b2102,CDS,yegX,putative glycosyl hydrolase YegX,945543,b2102
NP_416606,EBHIBJHK_01855,P76422,NP_416606.1,b2103,CDS,thiD,bifunctional hydroxymethylpyrimidine kinase/phosphomethylpyrimidine kinase,946459,b2103
NP_416607,EBHIBJHK_01854,P76423,NP_416607.1,b2104,CDS,thiM,hydroxyethylthiazole kinase,945142,b2104
NP_416608,EBHIBJHK_01853,P64530,NP_416608.1,b2105,CDS,rcnR,DNA-binding transcriptional repressor RcnR,947114,b2105
NP_416609,EBHIBJHK_01852,P76425,NP_416609.1,b2106,CDS,rcnA,Ni(2(+))/Co(2(+)) exporter,949078,b2106
NP_416610,EBHIBJHK_01851,P64534,NP_416610.4,b2107,CDS,rcnB,periplasmic protein involved in nickel/cobalt export,949080,b2107
NP_416611,EBHIBJHK_01850,P33340,NP_416611.1,b2108,CDS,yehA,putative fimbrial adhesin YehA,946642,b2108
NP_416612,EBHIBJHK_01849,P33341,NP_416612.1,b2109,CDS,yehB,putative fimbrial usher protein YehB,946617,b2109
NP_416613,EBHIBJHK_01848,P33342,NP_416613.1,b2110,CDS,yehC,putative fimbrial chaperone YehC,946621,b2110
NP_416614,EBHIBJHK_01847,P33343,NP_416614.1,b2111,CDS,yehD,putative fimbrial protein YehD,946619,b2111
NP_416615,EBHIBJHK_03046,P33344,NP_416615.1,b2112,CDS,yehE,DUF2574 domain-containing protein YehE,946615,b2112
NP_416616,EBHIBJHK_03045,P0AF08,NP_416616.4,b2113,CDS,mrp,P-loop NTPase family protein Mrp,946627,b2113
NP_416617,EBHIBJHK_03044,P00959,NP_416617.1,b2114,CDS,metG,methionine--tRNA ligase,946643,b2114
NP_416621,EBHIBJHK_03041,P33346,NP_416621.1,b2118,CDS,yehI,DUF4132 domain-containing protein YehI,946649,b2118
NP_416624,EBHIBJHK_03040,P33349,NP_416624.1,b2120,CDS,yehM,uncharacterized protein YehM,946651,b2120
NP_416625,EBHIBJHK_03039,P33352,NP_416625.1,b2121,CDS,yehP,VWA domain-containing protein YehP,946652,b2121
NP_416627,EBHIBJHK_03037,P33354,NP_416627.2,b2123,CDS,yehR,DUF1307 domain-containing lipoprotein YehR,949023,b2123
NP_416628,EBHIBJHK_03036,P33355,NP_416628.1,b2124,CDS,yehS,DUF1456 domain-containing protein YehS,949026,b2124
NP_416629,EBHIBJHK_03035,P0AFT5,NP_416629.4,b2125,CDS,btsR,DNA-binding transcriptional dual regulator BtsR,949024,b2125
NP_416630,EBHIBJHK_03034,P0AD14,NP_416630.1,b2126,CDS,btsS,high-affinity pyruvate receptor,949027,b2126
NP_416631,EBHIBJHK_03033,P33358,NP_416631.1,b2127,CDS,mlrA,DNA-binding transcriptional activator MlrA,949029,b2127
NP_416632,EBHIBJHK_03031,P33359,NP_416632.1,b2128,CDS,yehW,glycine betaine ABC transporter membrane subunit YehW,949028,b2128
NP_416633,EBHIBJHK_03030,P33360,NP_416633.1,b2129,CDS,yehX,glycine betaine ABC transporter ATP binding subunit YehX,946659,b2129
NP_416634,EBHIBJHK_03029,P33361,NP_416634.1,b2130,CDS,yehY,glycine betaine ABC transporter membrane subunit YehY,946660,b2130
NP_416635,EBHIBJHK_03028,P33362,NP_416635.1,b2131,CDS,osmF,glycine betaine ABC transporter periplasmic binding protein OsmF,946681,b2131
NP_416636,EBHIBJHK_03027,P33363,NP_416636.1,b2132,CDS,bglX,"beta-D-glucoside glucohydrolase, periplasmic",946682,b2132
NP_416637,EBHIBJHK_04733,P06149,NP_416637.1,b2133,CDS,dld,quinone-dependent D-lactate dehydrogenase,946653,b2133
NP_416637,EBHIBJHK_03026,P06149,NP_416637.1,b2133,CDS,dld,quinone-dependent D-lactate dehydrogenase,946653,b2133
NP_416638,EBHIBJHK_03025,P0AFI5,NP_416638.4,b2134,CDS,pbpG,peptidoglycan DD-endopeptidase PbpG,946662,b2134
NP_416639,EBHIBJHK_03024,P0AD17,NP_416639.2,b2135,CDS,yohC,putative inner membrane protein,946666,b2135
NP_416640,EBHIBJHK_03023,P33366,NP_416640.2,b2136,CDS,yohD,DedA family protein YohD,946661,b2136
NP_416641,EBHIBJHK_03022,P33368,NP_416641.1,b2137,CDS,yohF,putative oxidoreductase YohF,949126,b2137
NP_416645,EBHIBJHK_03020,P33371,NP_416645.1,b2140,CDS,dusC,tRNA-dihydrouridine(16) synthase,945458,b2140
NP_416646,EBHIBJHK_03019,P60632,NP_416646.1,b2141,CDS,yohJ,putative 3-hydroxypropanoate export protein YohJ,949127,b2141
NP_416647,EBHIBJHK_03018,P0AD19,NP_416647.1,b2142,CDS,yohK,putative 3-hydroxypropanoate export protein YohK,949125,b2142
NP_416648,EBHIBJHK_03017,P0ABF6,NP_416648.1,b2143,CDS,cdd,cytidine/deoxycytidine deaminase,946663,b2143
NP_416649,EBHIBJHK_03016,P0AFY2,NP_416649.1,b2144,CDS,sanA,DUF218 domain-containing protein SanA,949003,b2144
NP_416650,EBHIBJHK_03015,P64536,NP_416650.1,b2145,CDS,yeiS,DUF2542 domain-containing protein YeiS,948983,b2145
NP_416651,EBHIBJHK_03014,P76440,NP_416651.1,b2146,CDS,preT,dihydropyrimidine dehydrogenase (NAD(+)) subunit PreT,949049,b2146
NP_416652,EBHIBJHK_03013,P25889,NP_416652.4,b2147,CDS,preA,dihydropyrimidine dehydrogenase (NAD(+)) subunit PreA,949037,b2147
NP_416653,EBHIBJHK_03012,P23200,NP_416653.1,b2148,CDS,mglC,D-galactose/methyl-galactoside ABC transporter membrane subunit,949039,b2148
NP_416654,EBHIBJHK_03011,P0AAG8,NP_416654.1,b2149,CDS,mglA,D-galactose/methyl-galactoside ABC transporter ATP binding subunit,949036,b2149
NP_416655,EBHIBJHK_03010,P0AEE5,NP_416655.1,b2150,CDS,mglB,D-galactose/methyl-galactoside ABC transporter periplasmic binding protein,949041,b2150
NP_416656,EBHIBJHK_03009,P25748,NP_416656.1,b2151,CDS,galS,DNA-binding transcriptional dual regulator GalS,949043,b2151
NP_416657,EBHIBJHK_03008,P25747,NP_416657.1,b2152,CDS,yeiB,DUF418 domain-containing protein YeiB,949044,b2152
NP_416658,EBHIBJHK_03007,P0A6T5,NP_416658.1,b2153,CDS,folE,GTP cyclohydrolase 1,949040,b2153
NP_416659,EBHIBJHK_03006,P33018,NP_416659.1,b2154,CDS,yeiG,S-formylglutathione hydrolase/S-lactoylglutathione hydrolase,949045,b2154
NP_416660,EBHIBJHK_03005,P17315,NP_416660.1,b2155,CDS,cirA,iron-catecholate outer membrane transporter CirA,949042,b2155
NP_416661,EBHIBJHK_03004,P25737,NP_416661.1,b2156,CDS,lysP,lysine:H(+) symporter,946667,b2156
NP_416662,EBHIBJHK_03003,P0ACR4,NP_416662.1,b2157,CDS,yeiE,DNA-binding transcriptional regulator YeiE,946657,b2157
NP_416663,EBHIBJHK_03002,P62723,NP_416663.1,b2158,CDS,yeiH,PF03601 family inner membrane protein YeiH,946668,b2158
NP_416664,EBHIBJHK_03001,P0A6C1,NP_416664.1,b2159,CDS,nfo,endonuclease IV,946669,b2159
NP_416665,EBHIBJHK_04576,P33020,NP_416665.1,b2160,CDS,yeiI,putative sugar kinase YeiI,946640,b2160
NP_416665,EBHIBJHK_03000,P33020,NP_416665.1,b2160,CDS,yeiI,putative sugar kinase YeiI,946640,b2160
NP_416666,EBHIBJHK_02999,P33021,NP_416666.1,b2161,CDS,nupX,putative nucleoside transporter,946655,b2161
NP_416667,EBHIBJHK_02998,P33022,NP_416667.1,b2162,CDS,rihB,pyrimidine-specific ribonucleoside hydrolase RihB,946646,b2162
NP_416668,EBHIBJHK_02997,P0A9E9,NP_416668.3,b2163,CDS,yeiL,DNA-binding transcriptional activator YeiL,946670,b2163
NP_416669,EBHIBJHK_04577,P33024,NP_416669.1,b2164,CDS,psuT,putative pseudouridine transporter,946671,b2164
NP_416669,EBHIBJHK_02996,P33024,NP_416669.1,b2164,CDS,psuT,putative pseudouridine transporter,946671,b2164
NP_416670,EBHIBJHK_02995,P33025,NP_416670.1,b2165,CDS,psuG,pseudouridine-5'-phosphate glycosidase,946699,b2165
NP_416670,EBHIBJHK_04578,P33025,NP_416670.1,b2165,CDS,psuG,pseudouridine-5'-phosphate glycosidase,946699,b2165
NP_416671,EBHIBJHK_02994,P30235,NP_416671.1,b2166,CDS,psuK,putative pseudouridine kinase,946664,b2166
NP_416671,EBHIBJHK_04579,P30235,NP_416671.1,b2166,CDS,psuK,putative pseudouridine kinase,946664,b2166
NP_416672,EBHIBJHK_00382,P20966,NP_416672.1,b2167,CDS,fruA,fructose-specific PTS multiphosphoryl transfer protein FruA,946672,b2167
NP_416673,EBHIBJHK_00383,P0AEW9,NP_416673.1,b2168,CDS,fruK,1-phosphofructokinase,946676,b2168
NP_416674,EBHIBJHK_00384,P69811,NP_416674.1,b2169,CDS,fruB,fructose-specific PTS multiphosphoryl transfer protein FruB,946677,b2169
NP_416675,EBHIBJHK_00385,P33026,NP_416675.1,b2170,CDS,setB,sugar exporter SetB,946673,b2170
NP_416676,EBHIBJHK_00387,P0A6N8,NP_416676.4,b2171,CDS,yeiP,elongation factor P-like protein YeiP,946674,b2171
NP_416677,EBHIBJHK_00388,P33029,NP_416677.1,b2172,CDS,yeiQ,putative oxidoreductase YeiQ,946688,b2172
NP_416678,EBHIBJHK_00389,P33030,NP_416678.1,b2173,CDS,yeiR,zinc-binding GTPase YeiR,946701,b2173
NP_416679,EBHIBJHK_00390,P76445,NP_416679.4,b2174,CDS,lpxT,lipid A-core phosphotransferase,946693,b2174
NP_416680,EBHIBJHK_00391,P0AFV4,NP_416680.1,b2175,CDS,mepS,"peptidoglycan endopeptidase/peptidoglycan L,D-carboxypeptidase",946686,b2175
NP_416681,EBHIBJHK_00392,P76446,NP_416681.1,b2176,CDS,pdeN,putative c-di-GMP phosphodiesterase PdeN,946695,b2176
NP_416682,EBHIBJHK_00393,P33913,NP_416682.4,b2177,CDS,yejA,putative oligopeptide ABC transporter periplasmic binding protein YejA,946675,b2177
NP_416683,EBHIBJHK_00394,P0AFU0,NP_416683.1,b2178,CDS,yejB,putative oligopeptide ABC transporter membrane subunit YejB,946679,b2178
NP_416684,EBHIBJHK_00395,P33915,NP_416684.1,b2179,CDS,yejE,putative oligopeptide ABC transporter membrane subunit YejE,946683,b2179
NP_416685,EBHIBJHK_00396,P33916,NP_416685.1,b2180,CDS,yejF,putative oligopeptide ABC transporter ATP binding subunit YejF,946689,b2180
NP_416686,EBHIBJHK_00397,P0AD21,NP_416686.1,b2181,CDS,yejG,protein YejG,945319,b2181
NP_416687,EBHIBJHK_00398,P28246,NP_416687.1,b2182,CDS,bcr,multidrug efflux pump Bcr,944808,b2182
NP_416688,EBHIBJHK_00399,P0AA43,NP_416688.1,b2183,CDS,rsuA,16S rRNA pseudouridine(516) synthase,945378,b2183
NP_416689,EBHIBJHK_00400,P33919,NP_416689.1,b2184,CDS,radD,putative DNA repair helicase RadD,945529,b2184
NP_416690,EBHIBJHK_00401,P68919,NP_416690.1,b2185,CDS,rplY,50S ribosomal subunit protein L25,945618,b2185
NP_416691,EBHIBJHK_00402,P33920,NP_416691.1,b2186,CDS,yejK,nucleoid-associated protein YejK,946690,b2186
NP_416692,EBHIBJHK_00403,P0AD24,NP_416692.1,b2187,CDS,yejL,DUF1414 domain-containing protein YejL,946694,b2187
NP_416693,EBHIBJHK_00404,P0AD27,NP_416693.1,b2188,CDS,lapC,lipopolysaccharide signal transducer LapC,946685,b2188
NP_416697,EBHIBJHK_00407,P31802,NP_416697.1,b2193,CDS,narP,DNA-binding transcriptional dual regulator NarP,949081,b2193
NP_416698,EBHIBJHK_00408,P0ABM9,NP_416698.1,b2194,CDS,ccmH,holocytochrome c synthase CcmH component,946623,b2194
NP_416699,EBHIBJHK_00409,P0AA86,NP_416699.1,b2195,CDS,ccmG,thiol:disulfide oxidoreductase CcmG,949073,b2195
NP_416700,EBHIBJHK_00410,P33927,NP_416700.1,b2196,CDS,ccmF,holocytochrome c synthase CcmF component,948783,b2196
NP_416701,EBHIBJHK_00411,P69490,NP_416701.1,b2197,CDS,ccmE,periplasmic heme chaperone,946697,b2197
NP_416702,EBHIBJHK_00412,P0ABM5,NP_416702.1,b2198,CDS,ccmD,cytochrome c maturation protein D,946709,b2198
NP_416703,EBHIBJHK_00413,P0ABM1,NP_416703.1,b2199,CDS,ccmC,cytochrome c maturation protein C,946703,b2199
NP_416704,EBHIBJHK_00414,P0ABL8,NP_416704.1,b2200,CDS,ccmB,cytochrome c maturation protein B,946692,b2200
NP_416705,EBHIBJHK_00415,P33931,NP_416705.2,b2201,CDS,ccmA,cytochrome c maturation protein A,946714,b2201
NP_416706,EBHIBJHK_00416,P0ABL5,NP_416706.1,b2202,CDS,napC,periplasmic nitrate reductase cytochrome c protein,946706,b2202
NP_416707,EBHIBJHK_00417,P0ABL3,NP_416707.4,b2203,CDS,napB,periplasmic nitrate reductase cytochrome c550 protein,946698,b2203
NP_416708,EBHIBJHK_00418,P33934,NP_416708.1,b2204,CDS,napH,ferredoxin-type protein NapH,945984,b2204
NP_416709,EBHIBJHK_00419,P0AAL3,NP_416709.1,b2205,CDS,napG,ferredoxin-type protein NapG,945544,b2205
NP_416710,EBHIBJHK_00420,P33937,NP_416710.1,b2206,CDS,napA,periplasmic nitrate reductase subunit NapA,947093,b2206
NP_416711,EBHIBJHK_00421,P0A9I5,NP_416711.1,b2207,CDS,napD,NapA signal peptide-binding chaperone NapD,945187,b2207
NP_416712,EBHIBJHK_00422,P0AAL0,NP_416712.1,b2208,CDS,napF,ferredoxin-type protein,946813,b2208
NP_416713,EBHIBJHK_00424,P23827,NP_416713.1,b2209,CDS,eco,serine protease inhibitor ecotin,946700,b2209
NP_416714,EBHIBJHK_00425,P33940,NP_416714.1,b2210,CDS,mqo,malate:quinone oxidoreductase,946702,b2210
NP_416715,EBHIBJHK_00426,P33941,NP_416715.1,b2211,CDS,yojI,ABC transporter family protein/microcin J25 efflux protein,946705,b2211
NP_416716,EBHIBJHK_00427,P05050,NP_416716.1,b2212,CDS,alkB,DNA oxidative demethylase,946708,b2212
NP_416717,EBHIBJHK_00428,P06134,NP_416717.1,b2213,CDS,ada,DNA-binding transcriptional dual regulator/DNA repair protein Ada,946710,b2213
NP_416718,EBHIBJHK_00429,P0AB85,NP_416718.1,b2214,CDS,ftp,FAD:protein FMN transferase,946711,b2214
NP_416719,EBHIBJHK_00430,P06996,NP_416719.1,b2215,CDS,ompC,outer membrane porin C,946716,b2215
NP_416720,EBHIBJHK_00431,P39838,NP_416720.1,b2216,CDS,rcsD,RcsD phosphotransferase,946717,b2216
NP_416721,EBHIBJHK_00432,P0DMC7,NP_416721.1,b2217,CDS,rcsB,DNA-binding transcriptional activator RcsB,947441,b2217
NP_416722,EBHIBJHK_00433,P0DMC5,NP_416722.2,b2218,CDS,rcsC,histidine kinase RcsC,948993,b2218
NP_416723,EBHIBJHK_00434,Q06067,NP_416723.1,b2219,CDS,atoS,sensor histidine kinase AtoS,949011,b2219
NP_416724,EBHIBJHK_00435,Q06065,NP_416724.1,b2220,CDS,atoC,DNA-binding transcriptional activator/ornithine decarboxylase inhibitor AtoC,947444,b2220
NP_416725,EBHIBJHK_00436,P76458,NP_416725.1,b2221,CDS,atoD,acetyl-CoA:acetoacetyl-CoA transferase subunit alpha,947525,b2221
NP_416726,EBHIBJHK_00437,P76459,NP_416726.1,b2222,CDS,atoA,acetyl-CoA:acetoacetyl-CoA transferase subunit beta,946719,b2222
NP_416727,EBHIBJHK_00438,P76460,NP_416727.1,b2223,CDS,atoE,short chain fatty acid transporter,946721,b2223
NP_416728,EBHIBJHK_00439,P76461,NP_416728.1,b2224,CDS,atoB,acetyl-CoA acetyltransferase,946727,b2224
NP_416729,EBHIBJHK_00440,P76462,NP_416729.1,b2225,CDS,yfaP,DUF2135 domain-containing protein YfaP,946728,b2225
NP_416730,EBHIBJHK_00441,P76463,NP_416730.1,b2226,CDS,yfaQ,tandem DUF2300 domain-containing protein YfaQ,946730,b2226
NP_416732,EBHIBJHK_00443,P76466,NP_416732.4,b2229,CDS,yfaT,DUF1175 domain-containing protein YfaT,946622,b2229
NP_416733,EBHIBJHK_00444,P17994,NP_416733.4,b2230,CDS,yfaA,DUF2138 domain-containing protein YfaA,946618,b2230
NP_416734,EBHIBJHK_00445,P0AES4,NP_416734.1,b2231,CDS,gyrA,DNA gyrase subunit A,946614,b2231
NP_416735,EBHIBJHK_00446,P17993,NP_416735.1,b2232,CDS,ubiG,bifunctional 3-demethylubiquinone-8 3-O-methyltransferase and 2-octaprenyl-6-hydroxyphenol methylase,946607,b2232
NP_416736,EBHIBJHK_00447,P45508,NP_416736.1,b2233,CDS,yfaL,putative autotransporter adhesin YfaL,946595,b2233
NP_416737,EBHIBJHK_00448,P00452,NP_416737.1,b2234,CDS,nrdA,ribonucleoside-diphosphate reductase 1 subunit alpha,946612,b2234
NP_416738,EBHIBJHK_00449,P69924,NP_416738.1,b2235,CDS,nrdB,ribonucleoside-diphosphate reductase 1 subunit beta,946732,b2235
NP_416739,EBHIBJHK_00450,P0ABW3,NP_416739.1,b2236,CDS,yfaE,ferredoxin-like diferric-tyrosyl radical cofactor maintenance protein YfaE,946729,b2236
NP_416740,EBHIBJHK_00451,P27294,NP_416740.1,b2237,CDS,inaA,putative lipopolysaccharide kinase InaA,946731,b2237
NP_416742,EBHIBJHK_00454,P09394,NP_416742.1,b2239,CDS,glpQ,glycerophosphoryl diester phosphodiesterase GlpQ,946725,b2239
NP_416743,EBHIBJHK_00455,P08194,NP_416743.1,b2240,CDS,glpT,sn-glycerol 3-phosphate:phosphate antiporter,946704,b2240
NP_416744,EBHIBJHK_00456,P0A9C0,NP_416744.1,b2241,CDS,glpA,anaerobic glycerol-3-phosphate dehydrogenase subunit A,946713,b2241
NP_416745,EBHIBJHK_00457,P13033,NP_416745.1,b2242,CDS,glpB,anaerobic glycerol-3-phosphate dehydrogenase subunit B,946733,b2242
NP_416746,EBHIBJHK_00458,P0A996,NP_416746.1,b2243,CDS,glpC,anaerobic glycerol-3-phosphate dehydrogenase subunit C,946735,b2243
NP_416747,EBHIBJHK_00459,P37014,NP_416747.1,b2244,CDS,rpnE,inactive recombination-promoting nuclease-like protein RpnE,946737,b2244
NP_416747,EBHIBJHK_00459,P37014,NP_416747.1,b2244,CDS,rpnE,inactive recombination-promoting nuclease-like protein RpnE,946737,b2244
NP_416748,EBHIBJHK_00461,P76469,NP_416748.1,b2245,CDS,yfaU,2-keto-3-deoxy-L-rhamnonate aldolase,948054,b2245
NP_416749,EBHIBJHK_00462,P76470,NP_416749.4,b2246,CDS,yfaV,putative transporter YfaV,945796,b2246
NP_416750,EBHIBJHK_00463,P77215,NP_416750.2,b2247,CDS,rhmD,L-rhamnonate dehydratase,945881,b2247
NP_416751,EBHIBJHK_00464,P77732,NP_416751.1,b2248,CDS,yfaX,putative DNA-binding transcriptional regulator YfaX,944752,b2248
NP_416752,EBHIBJHK_00465,P77808,NP_416752.1,b2249,CDS,yfaY,IPR008135 CinA family protein YfaY,945478,b2249
NP_416753,EBHIBJHK_00466,P76471,NP_416753.4,b2250,CDS,yfaZ,putative porin YfaZ,946739,b2250
NP_416754,EBHIBJHK_00467,P52006,NP_416754.1,b2251,CDS,nudI,pyrimidine deoxynucleotide diphosphatase NudI,946740,b2251
NP_416755,EBHIBJHK_00468,P45565,NP_416755.1,b2252,CDS,ais,putative lipopolysaccharide core heptose(II)-phosphate phosphatase,944945,b2252
NP_416756,EBHIBJHK_00469,P77690,NP_416756.6,b2253,CDS,arnB,UDP-4-amino-4-deoxy-L-arabinose aminotransferase,947375,b2253
NP_416757,EBHIBJHK_00470,P77757,NP_416757.1,b2254,CDS,arnC,undecaprenyl-phosphate 4-deoxy-4-formamido-L-arabinose transferase,945275,b2254
NP_416758,EBHIBJHK_00471,P77398,NP_416758.1,b2255,CDS,arnA,fused UDP-4-amino-4-deoxy-L-arabinose formyltransferase/UDP-glucuronate dehydrogenase,947683,b2255
NP_416759,EBHIBJHK_00472,P76472,NP_416759.1,b2256,CDS,arnD,putative 4-deoxy-4-formamido-L-arabinose-phosphoundecaprenol deformylase ArnD,945334,b2256
NP_416760,EBHIBJHK_00473,P76473,NP_416760.1,b2257,CDS,arnT,lipid IVA 4-amino-4-deoxy-L-arabinosyltransferase,947297,b2257
NP_416761,EBHIBJHK_00475,P76474,NP_416761.4,b2258,CDS,arnF,undecaprenyl-phosphate-alpha-L-Ara4N flippase - ArnF subunit,945344,b2258
NP_416762,EBHIBJHK_00476,P37590,NP_416762.2,b2259,CDS,pmrD,signal transduction protein PmrD,945130,b2259
NP_416763,EBHIBJHK_00477,P37353,NP_416763.1,b2260,CDS,menE,o-succinylbenzoate--CoA ligase,946741,b2260
NP_416764,EBHIBJHK_00478,P29208,NP_416764.1,b2261,CDS,menC,o-succinylbenzoate synthase,946734,b2261
NP_416765,EBHIBJHK_00479,P0ABU0,NP_416765.1,b2262,CDS,menB,"1,4-dihydroxy-2-naphthoyl-CoA synthase",946747,b2262
NP_416766,EBHIBJHK_00480,P37355,NP_416766.1,b2263,CDS,menH,"2-succinyl-6-hydroxy-2,4-cyclohexadiene-1-carboxylate synthase",946736,b2263
NP_416767,EBHIBJHK_00481,P17109,NP_416767.1,b2264,CDS,menD,2-succinyl-5-enolpyruvyl-6-hydroxy-3-cyclohexene-1-carboxylate synthase,946720,b2264
NP_416768,EBHIBJHK_00482,P38051,NP_416768.4,b2265,CDS,menF,isochorismate synthase MenF,946712,b2265
NP_416769,EBHIBJHK_00483,P0AEH5,NP_416769.1,b2266,CDS,elaB,tail-anchored inner membrane protein ElaB,946751,b2266
NP_416770,EBHIBJHK_00484,P0AEH3,NP_416770.1,b2267,CDS,elaA,putative acetyltransferase ElaA,946750,b2267
NP_416771,EBHIBJHK_00485,P0A8V0,NP_416771.4,b2268,CDS,rbn,ribonuclease BN,946760,b2268
NP_416772,EBHIBJHK_00487,Q47013,NP_416772.1,b2269,CDS,elaD,protease ElaD,946742,b2269
NP_416774,EBHIBJHK_00488,P76482,NP_416774.2,b2271,CDS,yfbL,putative peptidase YfbL,945832,b2271
NP_416775,EBHIBJHK_00489,P76483,NP_416775.1,b2272,CDS,yfbM,DUF1877 domain-containing protein YfbM,946745,b2272
NP_416779,EBHIBJHK_00490,P0AFF0,NP_416779.2,b2276,CDS,nuoN,NADH:quinone oxidoreductase subunit N,945136,b2276
NP_416780,EBHIBJHK_00491,P0AFE8,NP_416780.1,b2277,CDS,nuoM,NADH:quinone oxidoreductase subunit M,947731,b2277
NP_416781,EBHIBJHK_00492,P33607,NP_416781.1,b2278,CDS,nuoL,NADH:quinone oxidoreductase subunit L,945540,b2278
NP_416782,EBHIBJHK_00493,P0AFE4,NP_416782.1,b2279,CDS,nuoK,NADH:quinone oxidoreductase subunit K,947580,b2279
NP_416783,EBHIBJHK_00494,P0AFE0,NP_416783.1,b2280,CDS,nuoJ,NADH:quinone oxidoreductase subunit J,946756,b2280
NP_416784,EBHIBJHK_00495,P0AFD6,NP_416784.1,b2281,CDS,nuoI,NADH:quinone oxidoreductase subunit I,946757,b2281
NP_416785,EBHIBJHK_00496,P0AFD4,NP_416785.1,b2282,CDS,nuoH,NADH:quinone oxidoreductase subunit H,946761,b2282
NP_416786,EBHIBJHK_00497,P33602,NP_416786.4,b2283,CDS,nuoG,NADH:quinone oxidoreductase subunit G,946762,b2283
NP_416787,EBHIBJHK_00498,P31979,NP_416787.1,b2284,CDS,nuoF,NADH:quinone oxidoreductase subunit F,946753,b2284
NP_416788,EBHIBJHK_00499,P0AFD1,NP_416788.1,b2285,CDS,nuoE,NADH:quinone oxidoreductase subunit E,946746,b2285
NP_416789,EBHIBJHK_00500,P33599,NP_416789.2,b2286,CDS,nuoC,NADH:quinone oxidoreductase subunit CD,946759,b2286
NP_416790,EBHIBJHK_00501,P0AFC7,NP_416790.1,b2287,CDS,nuoB,NADH:quinone oxidoreductase subunit B,946738,b2287
NP_416791,EBHIBJHK_00502,P0AFC3,NP_416791.3,b2288,CDS,nuoA,NADH:quinone oxidoreductase subunit A,946764,b2288
NP_416792,EBHIBJHK_00504,P36771,NP_416792.1,b2289,CDS,lrhA,DNA-binding transcriptional dual regulator LrhA,946769,b2289
NP_416793,EBHIBJHK_00505,P0A959,NP_416793.1,b2290,CDS,alaA,glutamate--pyruvate aminotransferase AlaA,946772,b2290
NP_416794,EBHIBJHK_00506,P76491,NP_416794.1,b2291,CDS,yfbR,dCMP phosphohydrolase,946771,b2291
NP_416795,EBHIBJHK_00507,P0AFU2,NP_416795.1,b2292,CDS,yfbS,putative transporter YfbS,946766,b2292
NP_416795,EBHIBJHK_00507,P0AFU2,NP_416795.1,b2292,CDS,yfbS,putative transporter YfbS,946766,b2292
NP_416795,EBHIBJHK_00507,P0AFU2,NP_416795.1,b2292,CDS,yfbS,putative transporter YfbS,946766,b2292
NP_416795,EBHIBJHK_00507,P0AFU2,NP_416795.1,b2292,CDS,yfbS,putative transporter YfbS,946766,b2292
NP_416795,EBHIBJHK_00507,P0AFU2,NP_416795.1,b2292,CDS,yfbS,putative transporter YfbS,946766,b2292
NP_416796,EBHIBJHK_00508,P77625,NP_416796.2,b2293,CDS,hxpA,hexitol phosphatase A,946777,b2293
NP_416797,EBHIBJHK_00509,P0A8W8,NP_416797.2,b2294,CDS,yfbU,PF03887 family protein YfbU,946767,b2294
NP_416798,EBHIBJHK_00510,P0A8D9,NP_416798.1,b2295,CDS,yfbV,PF04217 family membrane protein YfbV,946774,b2295
NP_416799,EBHIBJHK_00511,P0A6A3,NP_416799.1,b2296,CDS,ackA,acetate kinase,946775,b2296
NP_416800,EBHIBJHK_00512,P0A9M8,NP_416800.1,b2297,CDS,pta,phosphate acetyltransferase,946778,b2297
NP_416801,EBHIBJHK_00513,P39263,NP_416801.2,b2298,CDS,yfcC,putative transporter YfcC,946780,b2298
NP_416801,EBHIBJHK_00513,P39263,NP_416801.2,b2298,CDS,yfcC,putative transporter YfcC,946780,b2298
NP_416801,EBHIBJHK_00513,P39263,NP_416801.2,b2298,CDS,yfcC,putative transporter YfcC,946780,b2298
NP_416801,EBHIBJHK_00513,P39263,NP_416801.2,b2298,CDS,yfcC,putative transporter YfcC,946780,b2298
NP_416801,EBHIBJHK_00513,P39263,NP_416801.2,b2298,CDS,yfcC,putative transporter YfcC,946780,b2298
NP_416802,EBHIBJHK_00514,P65556,NP_416802.1,b2299,CDS,yfcD,putative Nudix hydrolase YfcD,946783,b2299
NP_416803,EBHIBJHK_00515,P67095,NP_416803.3,b2300,CDS,yfcE,phosphodiesterase YfcE,946755,b2300
NP_416804,EBHIBJHK_00516,P77544,NP_416804.1,b2301,CDS,yfcF,glutathione S-transferase YfcF,946749,b2301
NP_416805,EBHIBJHK_00517,P77526,NP_416805.1,b2302,CDS,yfcG,disulfide bond oxidoreductase YfcG,946763,b2302
NP_416806,EBHIBJHK_00518,P0AC19,NP_416806.1,b2303,CDS,folX,dihydroneopterin triphosphate 2'-epimerase,946781,b2303
NP_416807,EBHIBJHK_00519,P77775,NP_416807.1,b2304,CDS,yfcH,epimerase family protein YfcH,946784,b2304
NP_416808,EBHIBJHK_00520,P77768,NP_416808.1,b2305,CDS,rpnB,recombination-promoting nuclease RpnB,946787,b2305
NP_416808,EBHIBJHK_00520,P77768,NP_416808.1,b2305,CDS,rpnB,recombination-promoting nuclease RpnB,946787,b2305
NP_416808,EBHIBJHK_02379,P77768,NP_416808.1,b2305,CDS,rpnB,recombination-promoting nuclease RpnB,946787,b2305
NP_416808,EBHIBJHK_02379,P77768,NP_416808.1,b2305,CDS,rpnB,recombination-promoting nuclease RpnB,946787,b2305
NP_416809,EBHIBJHK_00521,P07109,NP_416809.1,b2306,CDS,hisP,"lysine/arginine/ornithine ABC transporter/histidine ABC transporter, ATP binding subunit",946789,b2306
NP_416810,EBHIBJHK_00522,P0AEU3,NP_416810.1,b2307,CDS,hisM,"lysine/arginine/ornithine ABC transporter/histidine ABC transporter, membrane subunit HisM",946790,b2307
NP_416811,EBHIBJHK_00523,P52094,NP_416811.1,b2308,CDS,hisQ,"lysine/arginine/ornithine ABC transporter/histidine ABC transporter, membrane subunit HisQ",947235,b2308
NP_416812,EBHIBJHK_00524,P0AEU0,NP_416812.1,b2309,CDS,hisJ,histidine ABC transporter periplasmic binding protein,945309,b2309
NP_416813,EBHIBJHK_00525,P09551,NP_416813.1,b2310,CDS,argT,lysine/arginine/ornithine ABC transporter periplasmic binding protein,949030,b2310
NP_416814,EBHIBJHK_00526,P0AG03,NP_416814.1,b2311,CDS,ubiX,flavin prenyltransferase,949033,b2311
NP_416815,EBHIBJHK_00527,P0AG16,NP_416815.1,b2312,CDS,purF,amidophosphoribosyltransferase,946794,b2312
NP_416816,EBHIBJHK_00528,P08550,NP_416816.1,b2313,CDS,cvpA,colicin V production protein,945055,b2313
NP_416817,EBHIBJHK_00529,P09549,NP_416817.2,b2314,CDS,dedD,cell division protein DedD,944971,b2314
NP_416818,EBHIBJHK_00530,P08192,NP_416818.1,b2315,CDS,folC,bifunctional folylpolyglutamate synthetase/dihydrofolate synthetase,945451,b2315
NP_416819,EBHIBJHK_00531,P0A9Q5,NP_416819.1,b2316,CDS,accD,acetyl-CoA carboxyltransferase subunit beta,946796,b2316
NP_416820,EBHIBJHK_00532,P0ABP6,NP_416820.1,b2317,CDS,dedA,DedA family protein DedA,946798,b2317
NP_416821,EBHIBJHK_00533,P07649,NP_416821.1,b2318,CDS,truA,tRNA pseudouridine(38-40) synthase,946793,b2318
NP_416822,EBHIBJHK_00534,P08390,NP_416822.1,b2319,CDS,usg,putative semialdehyde dehydrogenase Usg,946797,b2319
NP_416823,EBHIBJHK_00535,P05459,NP_416823.1,b2320,CDS,pdxB,erythronate-4-phosphate dehydrogenase,946785,b2320
NP_416824,EBHIBJHK_00536,P15286,NP_416824.1,b2321,CDS,flk,putative flagella assembly protein,946776,b2321
NP_416825,EBHIBJHK_00537,P77549,NP_416825.1,b2322,CDS,yfcJ,putative transporter YfcJ,946791,b2322
NP_416826,EBHIBJHK_00538,P0A953,NP_416826.1,b2323,CDS,fabB,3-oxoacyl-[acyl carrier protein,946799,b2323
NP_416827,EBHIBJHK_00539,P77182,NP_416827.4,b2324,CDS,mnmC,fused tRNA 5-aminomethyl-2-thiouridylate methyltransferase and tRNA 5-aminomethyl-2-thiouridylate synthase,946800,b2324
NP_416828,EBHIBJHK_00540,P64540,NP_416828.1,b2325,CDS,yfcL,PF08891 family protein YfcL,946804,b2325
NP_416829,EBHIBJHK_00541,P76938,NP_416829.1,b2326,CDS,epmC,EF-P-Lys34 hydroxylase,946807,b2326
NP_416830,EBHIBJHK_00542,P0AD30,NP_416830.1,b2327,CDS,yfcA,putative transporter YfcA,946808,b2327
NP_416831,EBHIBJHK_00543,P0C0T5,NP_416831.1,b2328,CDS,mepA,peptidoglycan DD-endopeptidase/peptidoglycan LD-endopeptidase,946812,b2328
NP_416832,EBHIBJHK_00544,P12008,NP_416832.1,b2329,CDS,aroC,chorismate synthase,946814,b2329
NP_416833,EBHIBJHK_00545,P39199,NP_416833.4,b2330,CDS,prmB,ribosomal protein L3 N(5)-glutamine methyltransferase,946805,b2330
NP_416834,EBHIBJHK_00547,P0A8B2,NP_416834.1,b2331,CDS,smrB,putative endonuclease SmrB,944847,b2331
NP_416836,EBHIBJHK_00549,P76499,NP_416836.1,b2333,CDS,yfcP,putative fimbrial protein YfcP,946788,b2333
NP_416838,EBHIBJHK_00551,P76501,NP_416838.1,b2335,CDS,yfcR,putative fimbrial protein YfcR,946818,b2335
NP_416839,EBHIBJHK_00552,P77599,NP_416839.1,b2336,CDS,yfcS,putative fimbrial chaperone YfcS,946418,b2336
NP_416841,EBHIBJHK_00554,P77288,NP_416841.1,b2339,CDS,yfcV,putative fimbrial protein YfcV,949109,b2339
NP_416842,EBHIBJHK_00555,P76502,NP_416842.1,b2340,CDS,sixA,phosphohistidine phosphatase SixA,946815,b2340
NP_416843,EBHIBJHK_00556,P77399,NP_416843.1,b2341,CDS,fadJ,3-hydroxyacyl-CoA dehydrogenase FadJ,949097,b2341
NP_416844,EBHIBJHK_00557,P76503,NP_416844.1,b2342,CDS,fadI,3-ketoacyl-CoA thiolase FadI,948823,b2342
NP_416845,EBHIBJHK_00558,P0AD33,NP_416845.2,b2343,CDS,yfcZ,DUF406 domain-containing protein YfcZ,948817,b2343
NP_416846,EBHIBJHK_00559,P10384,NP_416846.2,b2344,CDS,fadL,long-chain fatty acid outer membrane channel/bacteriophage T2 receptor,946820,b2344
NP_416847,EBHIBJHK_00560,P76505,NP_416847.1,b2345,CDS,yfdF,protein YfdF,946819,b2345
NP_416848,EBHIBJHK_00561,P76506,NP_416848.1,b2346,CDS,mlaA,intermembrane phospholipid transport system - outer membrane lipoprotein MlaA,945582,b2346
NP_416849,EBHIBJHK_00562,P37327,NP_416849.1,b2347,CDS,yfdC,inner membrane protein YfdC,944801,b2347
NP_416867,EBHIBJHK_00580,P00926,NP_416867.1,b2366,CDS,dsdA,D-serine ammonia-lyase,946837,b2366
NP_416868,EBHIBJHK_00581,P52600,NP_416868.1,b2367,CDS,emrY,tripartite efflux pump membrane subunit EmrY,946835,b2367
NP_416869,EBHIBJHK_00582,P52599,NP_416869.1,b2368,CDS,emrK,tripartite efflux pump membrane fusion protein EmrK,946840,b2368
NP_416870,EBHIBJHK_00583,P0ACZ4,NP_416870.1,b2369,CDS,evgA,DNA-binding transcriptional activator EvgA,946841,b2369
NP_416871,EBHIBJHK_00584,P30855,NP_416871.1,b2370,CDS,evgS,sensor histidine kinase EvgS,946844,b2370
NP_416872,EBHIBJHK_00585,P76518,NP_416872.4,b2371,CDS,yfdE,acetyl-CoA:oxalate CoA-transferase,946432,b2371
NP_416873,EBHIBJHK_00586,P0AA49,NP_416873.1,b2372,CDS,yfdV,putative transport protein YfdV,949110,b2372
NP_416874,EBHIBJHK_00587,P0AFI0,NP_416874.1,b2373,CDS,oxc,oxalyl-CoA decarboxylase,946845,b2373
NP_416875,EBHIBJHK_00588,P69902,NP_416875.1,b2374,CDS,frc,formyl-CoA transferase,946842,b2374
NP_416876,EBHIBJHK_00589,P76520,NP_416876.1,b2375,CDS,yfdX,protein YfdX,949108,b2375
NP_416877,EBHIBJHK_00590,O32528,NP_416877.1,b2376,CDS,ypdI,colanic acid synthesis putative lipoprotein YpdI,949107,b2376
NP_416878,EBHIBJHK_00591,P76521,NP_416878.1,b2377,CDS,yfdY,DUF2545 domain-containing protein YfdY,948842,b2377
NP_416879,EBHIBJHK_00592,P0ACV2,NP_416879.4,b2378,CDS,lpxP,palmitoleoyl acyltransferase,946847,b2378
NP_416880,EBHIBJHK_00593,P77434,NP_416880.1,b2379,CDS,alaC,glutamate--pyruvate aminotransferase AlaC,946850,b2379
NP_416881,EBHIBJHK_00594,P0AA93,NP_416881.1,b2380,CDS,pyrS,sensor histidine kinase PyrS,946723,b2380
NP_416882,EBHIBJHK_00595,P0AE39,NP_416882.1,b2381,CDS,pyrR,DNA-binding transcriptional activator PyrR,947395,b2381
NP_416883,EBHIBJHK_00596,P77396,NP_416883.1,b2382,CDS,ypdC,putative AraC-type DNA-binding transcriptional regulator YpdC,946856,b2382
NP_416884,EBHIBJHK_00597,P77439,NP_416884.1,b2383,CDS,fryA,putative PTS multiphosphoryl transfer protein FryA,946852,b2383
NP_416885,EBHIBJHK_00598,P77585,NP_416885.1,b2384,CDS,ypdE,aminopeptidase YpdE,946848,b2384
NP_416886,EBHIBJHK_00599,P76524,NP_416886.1,b2385,CDS,ypdF,aminopeptidase YpdF,946853,b2385
NP_416887,EBHIBJHK_00600,P77579,NP_416887.1,b2386,CDS,fryC,putative PTS enzyme IIC component FryC,949111,b2386
NP_416888,EBHIBJHK_00601,P69808,NP_416888.1,b2387,CDS,fryB,putative PTS enzyme IIB component FryB,949087,b2387
NP_416889,EBHIBJHK_00602,P0A6V8,NP_416889.1,b2388,CDS,glk,glucokinase,946858,b2388
NP_416890,EBHIBJHK_00603,P67729,NP_416890.1,b2389,CDS,yfeO,putative transport protein YfeO,946854,b2389
NP_416891,EBHIBJHK_00604,P64542,NP_416891.1,b2390,CDS,ypeC,DUF2502 domain-containing protein YpeC,946855,b2390
NP_416893,EBHIBJHK_00605,P0A769,NP_416893.1,b2392,CDS,mntH,Mn(2(+))/Fe(2(+)): H(+) symporter MntH,946899,b2392
NP_416894,EBHIBJHK_00606,P0AFF2,NP_416894.1,b2393,CDS,nupC,nucleoside:H(+) symporter NupC,946895,b2393
NP_416896,EBHIBJHK_00607,P23842,NP_416896.4,b2395,CDS,pdeA,putative c-di-GMP phosphodiesterase PdeA,946864,b2395
NP_416897,EBHIBJHK_00610,P0AD37,NP_416897.2,b2398,CDS,yfeC,DNA-binding transcriptional dual regulator YfeC,946857,b2398
NP_416898,EBHIBJHK_00611,P27238,NP_416898.3,b2399,CDS,yfeD,putative DNA-binding transcriptional regulator YfeD,946865,b2399
NP_416899,EBHIBJHK_00612,P04805,NP_416899.1,b2400,CDS,gltX,glutamate--tRNA ligase,946906,b2400
NP_416900,EBHIBJHK_04371,P23841,NP_416900.1,b2405,CDS,xapR,DNA-binding transcriptional activator XapR,946862,b2405
NP_416901,EBHIBJHK_04370,P45562,NP_416901.1,b2406,CDS,xapB,xanthosine:H(+) symporter XapB,946868,b2406
NP_416902,EBHIBJHK_04369,P45563,NP_416902.1,b2407,CDS,xapA,xanthosine phosphorylase,946878,b2407
NP_416903,EBHIBJHK_04368,P45564,NP_416903.1,b2408,CDS,yfeN,putative outer membrane porin YfeN,946872,b2408
NP_416904,EBHIBJHK_04367,P0ACR7,NP_416904.1,b2409,CDS,yfeR,putative DNA-binding transcriptional regulator YfeR,946873,b2409
NP_416905,EBHIBJHK_04366,P39836,NP_416905.1,b2410,CDS,yfeH,putative solute:Na(+) symporter,946874,b2410
NP_416906,EBHIBJHK_04364,P15042,NP_416906.1,b2411,CDS,ligA,DNA ligase,946885,b2411
NP_416907,EBHIBJHK_04363,P77173,NP_416907.1,b2412,CDS,zipA,cell division protein ZipA,946869,b2412
NP_416908,EBHIBJHK_04362,P0A6J3,NP_416908.1,b2413,CDS,cysZ,sulfate:H(+) symporter,946875,b2413
NP_416909,EBHIBJHK_04361,P0ABK5,NP_416909.1,b2414,CDS,cysK,cysteine synthase A,946877,b2414
NP_416910,EBHIBJHK_04360,P0AA04,NP_416910.1,b2415,CDS,ptsH,phosphocarrier protein HPr,946886,b2415
NP_416911,EBHIBJHK_04359,P08839,NP_416911.1,b2416,CDS,ptsI,PTS enzyme I,946879,b2416
NP_416912,EBHIBJHK_03346,P69783,NP_416912.1,b2417,CDS,crr,Enzyme IIA(Glc),946880,b2417
NP_416912,EBHIBJHK_04358,P69783,NP_416912.1,b2417,CDS,crr,Enzyme IIA(Glc),946880,b2417
NP_416913,EBHIBJHK_04357,P40191,NP_416913.1,b2418,CDS,pdxK,pyridoxine/pyridoxal/pyridoxamine kinase,946881,b2418
NP_416914,EBHIBJHK_04356,Q47702,NP_416914.1,b2419,CDS,yfeK,DUF5329 domain-containing protein YfeK,946876,b2419
NP_416916,EBHIBJHK_04355,P16703,NP_416916.1,b2421,CDS,cysM,cysteine synthase B,946888,b2421
NP_416917,EBHIBJHK_04354,P16676,NP_416917.1,b2422,CDS,cysA,sulfate/thiosulfate ABC transporter ATP binding subunit,946889,b2422
NP_416919,EBHIBJHK_04352,P16701,NP_416919.1,b2424,CDS,cysU,sulfate/thiosulfate ABC transporter inner membrane subunit CysU,946882,b2424
NP_416920,EBHIBJHK_04351,P16700,NP_416920.1,b2425,CDS,cysP,thiosulfate/sulfate ABC transporter periplasmic binding protein CysP,946883,b2425
NP_416921,EBHIBJHK_04350,P37440,NP_416921.4,b2426,CDS,ucpA,oxidoreductase UcpA,946898,b2426
NP_416922,EBHIBJHK_04349,P77245,NP_416922.1,b2427,CDS,murR,DNA-binding transcriptional dual regulator MurR,946568,b2427
NP_416923,EBHIBJHK_04348,P76535,NP_416923.1,b2428,CDS,murQ,N-acetylmuramic acid 6-phosphate etherase,946893,b2428
NP_416924,EBHIBJHK_04347,P77272,NP_416924.1,b2429,CDS,murP,N-acetylmuramic acid-specific PTS enzyme IICB component/anhydro-N-acetylmuramic acid transporter,946894,b2429
NP_416925,EBHIBJHK_04346,P77619,NP_416925.2,b2430,CDS,yfeW,penicillin binding protein 4B,946907,b2430
NP_416926,EBHIBJHK_02196,P76536,NP_416926.4,b2431,CDS,yfeX,porphyrinogen peroxidase,946913,b2431
NP_416927,EBHIBJHK_02197,P76537,NP_416927.1,b2432,CDS,yfeY,DUF1131 domain-containing lipoprotein YfeY,946919,b2432
NP_416928,EBHIBJHK_02198,P76538,NP_416928.4,b2433,CDS,yfeZ,putative inner membrane protein,946918,b2433
NP_416929,EBHIBJHK_02199,P76539,NP_416929.4,b2434,CDS,ypeA,putative acetyltransferase YpeA,946917,b2434
NP_416930,EBHIBJHK_02200,P36548,NP_416930.1,b2435,CDS,amiA,N-acetylmuramoyl-L-alanine amidase A,946916,b2435
NP_416931,EBHIBJHK_02201,P36553,NP_416931.1,b2436,CDS,hemF,coproporphyrinogen III oxidase,946908,b2436
NP_416932,EBHIBJHK_02202,P36547,NP_416932.1,b2437,CDS,eutR,putative DNA-binding transcriptional regulator EutR,946911,b2437
NP_416933,EBHIBJHK_02203,P76540,NP_416933.4,b2438,CDS,eutK,"putative structural protein, ethanolamine utilization microcompartment",946912,b2438
NP_416934,EBHIBJHK_02204,P76541,NP_416934.1,b2439,CDS,eutL,"putative structural protein, ethanolamine utilization microcompartment",946914,b2439
NP_416935,EBHIBJHK_02205,P19636,NP_416935.1,b2440,CDS,eutC,ethanolamine ammonia-lyase subunit beta,946925,b2440
NP_416936,EBHIBJHK_02206,P0AEJ6,NP_416936.4,b2441,CDS,eutB,ethanolamine ammonia-lyase subunit alpha,946924,b2441
NP_416946,EBHIBJHK_02207,P76551,NP_416946.1,b2451,CDS,eutA,ethanolamine ammonia-lyase reactivase EutA,946937,b2451
NP_416947,EBHIBJHK_02208,P76552,NP_416947.1,b2452,CDS,eutH,putative ethanolamine permease EutH,944979,b2452
NP_416947,EBHIBJHK_02208,P76552,NP_416947.1,b2452,CDS,eutH,putative ethanolamine permease EutH,944979,b2452
NP_416947,EBHIBJHK_02208,P76552,NP_416947.1,b2452,CDS,eutH,putative ethanolamine permease EutH,944979,b2452
NP_416947,EBHIBJHK_02208,P76552,NP_416947.1,b2452,CDS,eutH,putative ethanolamine permease EutH,944979,b2452
NP_416948,EBHIBJHK_02209,P76553,NP_416948.4,b2453,CDS,eutG,putative alcohol dehydrogenase EutG,946233,b2453
NP_416949,EBHIBJHK_02210,P77277,NP_416949.1,b2454,CDS,eutJ,putative ethanolamine utilization chaperonin EutJ,947588,b2454
NP_416950,EBHIBJHK_02211,P77445,NP_416950.1,b2455,CDS,eutE,acetaldehyde dehydrogenase (acetylating) EutE,946943,b2455
NP_416951,EBHIBJHK_02212,P0AEJ8,NP_416951.1,b2456,CDS,eutN,putative ethanolamine catabolic microcompartment shell protein EutN,946945,b2456
NP_416952,EBHIBJHK_04305,P0ABF4,NP_416952.2,b2457,CDS,eutM,putative ethanolamine catabolic microcompartment shell protein EutM,946942,b2457
NP_416952,EBHIBJHK_02213,P0ABF4,NP_416952.2,b2457,CDS,eutM,putative ethanolamine catabolic microcompartment shell protein EutM,946942,b2457
NP_416953,EBHIBJHK_02214,P77218,NP_416953.1,b2458,CDS,eutD,phosphate acetyltransferase EutD,946940,b2458
NP_416954,EBHIBJHK_02215,P65643,NP_416954.1,b2459,CDS,eutT,putative ethanolamine utilization cobalamin adenosyltransferase,946939,b2459
NP_416955,EBHIBJHK_02216,P76555,NP_416955.1,b2460,CDS,eutQ,putative ethanolamine utilization acetate kinase EutQ,946935,b2460
NP_416956,EBHIBJHK_02217,P76556,NP_416956.1,b2461,CDS,eutP,putative ethanolamine utilization acetate kinase EutP,946933,b2461
NP_416957,EBHIBJHK_02218,P63746,NP_416957.4,b2462,CDS,eutS,putative ethanolamine catabolic microcompartment shell protein EutS,946936,b2462
NP_416958,EBHIBJHK_02219,P76558,NP_416958.1,b2463,CDS,maeB,malate dehydrogenase (oxaloacetate-decarboxylating) (NADP(+)),946947,b2463
NP_416959,EBHIBJHK_02220,P0A867,NP_416959.1,b2464,CDS,talA,transaldolase A,947006,b2464
NP_416960,EBHIBJHK_02221,P33570,NP_416960.1,b2465,CDS,tktB,transketolase 2,945865,b2465
NP_416961,EBHIBJHK_02222,P76559,NP_416961.1,b2466,CDS,ypfG,DUF1176 domain-containing protein YpfG,946828,b2466
NP_416962,EBHIBJHK_02223,P37128,NP_416962.1,b2467,CDS,nudK,GDP-mannose hydrolase,947072,b2467
NP_416963,EBHIBJHK_02224,P37127,NP_416963.1,b2468,CDS,aegA,putative oxidoreductase AegA,947383,b2468
NP_416964,EBHIBJHK_02225,P27896,NP_416964.1,b2469,CDS,narQ,sensor histidine kinase NarQ,946948,b2469
NP_416965,EBHIBJHK_02226,P24177,NP_416965.1,b2470,CDS,acrD,multidrug efflux pump RND permease AcrD,945464,b2470
NP_416966,EBHIBJHK_02227,P24178,NP_416966.1,b2471,CDS,yffB,putative reductase YffB,946953,b2471
NP_416967,EBHIBJHK_02228,P0AED7,NP_416967.1,b2472,CDS,dapE,succinyl-diaminopimelate desuccinylase,948313,b2472
NP_416968,EBHIBJHK_02230,P76561,NP_416968.2,b2473,CDS,ypfH,esterase YpfH,947571,b2473
NP_416969,EBHIBJHK_02231,P76562,NP_416969.1,b2474,CDS,tmcA,tRNA(Met) cytidine acetyltransferase,946053,b2474
NP_416970,EBHIBJHK_02232,P64429,NP_416970.1,b2475,CDS,ypfJ,uncharacterized protein YpfJ,946956,b2475
NP_416971,EBHIBJHK_02233,P0A7D7,NP_416971.1,b2476,CDS,purC,phosphoribosylaminoimidazole-succinocarboxamide synthase,946957,b2476
NP_416972,EBHIBJHK_02235,P0A903,NP_416972.4,b2477,CDS,bamC,outer membrane protein assembly factor BamC,946954,b2477
NP_416973,EBHIBJHK_02236,P0A6L2,NP_416973.1,b2478,CDS,dapA,4-hydroxy-tetrahydrodipicolinate synthase,946952,b2478
NP_416974,EBHIBJHK_02237,P0A9I3,NP_416974.4,b2479,CDS,gcvR,putative transcriptional regulator GcvR,946950,b2479
NP_416975,EBHIBJHK_02238,P0AE52,NP_416975.1,b2480,CDS,bcp,thiol peroxidase,946949,b2480
NP_416976,EBHIBJHK_02239,P23481,NP_416976.4,b2481,CDS,hyfA,hydrogenase 4 component A,946959,b2481
NP_416977,EBHIBJHK_02240,P23482,NP_416977.1,b2482,CDS,hyfB,hydrogenase 4 component B,946961,b2482
NP_416978,EBHIBJHK_02241,P77858,NP_416978.4,b2483,CDS,hyfC,hydrogenase 4 component C,947492,b2483
NP_416979,EBHIBJHK_02242,P77416,NP_416979.1,b2484,CDS,hyfD,hydrogenase 4 component D,947290,b2484
NP_416980,EBHIBJHK_02243,P0AEW1,NP_416980.1,b2485,CDS,hyfE,hydrogenase 4 component E,945298,b2485
NP_416981,EBHIBJHK_02244,P77437,NP_416981.1,b2486,CDS,hyfF,hydrogenase 4 component F,946962,b2486
NP_416982,EBHIBJHK_02245,P77329,NP_416982.1,b2487,CDS,hyfG,hydrogenase 4 catalytic subunit HyfG,946964,b2487
NP_416983,EBHIBJHK_02246,P77423,NP_416983.1,b2488,CDS,hyfH,hydrogenase 4 component H,946965,b2488
NP_416983,EBHIBJHK_02246,P77423,NP_416983.1,b2488,CDS,hyfH,hydrogenase 4 component H,946965,b2488
NP_416984,EBHIBJHK_02247,P77668,NP_416984.1,b2489,CDS,hyfI,hydrogenase 4 catalytic subunit HyfI,946966,b2489
NP_416985,EBHIBJHK_02248,P77453,NP_416985.4,b2490,CDS,hyfJ,putative hydrogenase 4 assembly protein,947713,b2490
NP_416986,EBHIBJHK_02249,P71229,NP_416986.4,b2491,CDS,hyfR,DNA-binding transcriptional activator HyfR,948886,b2491
NP_416987,EBHIBJHK_02250,P77733,NP_416987.1,b2492,CDS,focB,formate channel FocB,949032,b2492
NP_416988,EBHIBJHK_02251,P0AFI9,NP_416988.1,b2493,CDS,yfgO,putative transporter YfgO,945894,b2493
NP_416989,EBHIBJHK_02252,P66948,NP_416989.1,b2494,CDS,bepA,beta-barrel assembly-enhancing protease,947029,b2494
NP_416990,EBHIBJHK_02253,P76569,NP_416990.1,b2495,CDS,yfgD,putative oxidoreductase YfgD,946974,b2495
NP_416991,EBHIBJHK_02254,P69931,NP_416991.2,b2496,CDS,hda,inibitor of reinitiation of DNA replication,946977,b2496
NP_416992,EBHIBJHK_02255,P0AGM7,NP_416992.1,b2497,CDS,uraA,uracil:H(+) symporter UraA,946978,b2497
NP_416993,EBHIBJHK_02256,P0A8F0,NP_416993.2,b2498,CDS,upp,uracil phosphoribosyltransferase,946979,b2498
NP_416994,EBHIBJHK_02257,P08178,NP_416994.1,b2499,CDS,purM,phosphoribosylformylglycinamide cyclo-ligase,946975,b2499
NP_416995,EBHIBJHK_02258,P08179,NP_416995.1,b2500,CDS,purN,phosphoribosylglycinamide formyltransferase 1,946973,b2500
NP_416996,EBHIBJHK_02259,P0A7B1,NP_416996.1,b2501,CDS,ppk,polyphosphate kinase,946971,b2501
NP_416997,EBHIBJHK_02260,P0AFL6,NP_416997.1,b2502,CDS,ppx,exopolyphosphatase,946970,b2502
NP_416998,EBHIBJHK_02261,P77172,NP_416998.1,b2503,CDS,pdeF,cyclic di-GMP phosphodiesterase PdeF,946968,b2503
NP_416999,EBHIBJHK_02263,P64545,NP_416999.1,b2504,CDS,yfgG,nickel/cobalt stress response protein YfgG,946980,b2504
NP_417000,EBHIBJHK_02264,P65290,NP_417000.1,b2505,CDS,yfgH,lipoprotein YfgH,945709,b2505
NP_417001,EBHIBJHK_02265,P76573,NP_417001.1,b2506,CDS,yfgI,nalidixic acid resistance protein YfgI,945168,b2506
NP_417002,EBHIBJHK_02112,P04079,NP_417002.1,b2507,CDS,guaA,GMP synthetase,947334,b2507
NP_417003,EBHIBJHK_02113,P0ADG7,NP_417003.1,b2508,CDS,guaB,inosine 5'-monophosphate dehydrogenase,946985,b2508
NP_417004,EBHIBJHK_02114,P04994,NP_417004.1,b2509,CDS,xseA,exodeoxyribonuclease VII subunit XseA,946988,b2509
NP_417005,EBHIBJHK_02118,P76575,NP_417005.2,b2510,CDS,yfgJ,zinc ribbon domain-containing protein YfgJ,946984,b2510
NP_417006,EBHIBJHK_02119,P0A6P5,NP_417006.2,b2511,CDS,der,50S ribosomal subunit stability factor,946983,b2511
NP_417007,EBHIBJHK_02120,P77774,NP_417007.1,b2512,CDS,bamB,outer membrane protein assembly factor BamB,946982,b2512
NP_417008,EBHIBJHK_02121,P76576,NP_417008.1,b2513,CDS,yfgM,ancillary SecYEG translocon subunit,946981,b2513
NP_417009,EBHIBJHK_02122,P60906,NP_417009.1,b2514,CDS,hisS,histidine--tRNA ligase,946989,b2514
NP_417010,EBHIBJHK_02123,P62620,NP_417010.1,b2515,CDS,ispG,(E)-4-hydroxy-3-methylbut-2-enyl-diphosphate synthase (flavodoxin),946991,b2515
NP_417011,EBHIBJHK_02124,P27434,NP_417011.1,b2516,CDS,rodZ,cytoskeleton protein RodZ,946992,b2516
NP_417012,EBHIBJHK_02125,P36979,NP_417012.1,b2517,CDS,rlmN,23S rRNA m(2)A2503 methyltransferase/tRNA m(2)A37 methyltransferase,946249,b2517
NP_417013,EBHIBJHK_02126,P0A763,NP_417013.1,b2518,CDS,ndk,nucleoside diphosphate kinase,945611,b2518
NP_417014,EBHIBJHK_02127,P76577,NP_417014.1,b2519,CDS,pbpC,peptidoglycan glycosyltransferase PbpC,947152,b2519
NP_417015,EBHIBJHK_02128,P76578,NP_417015.1,b2520,CDS,yfhM,alpha2-macroglobulin,947302,b2520
NP_417016,EBHIBJHK_02129,P31142,NP_417016.4,b2521,CDS,sseA,3-mercaptopyruvate sulfurtransferase,946993,b2521
NP_417017,EBHIBJHK_02130,P0AFZ1,NP_417017.4,b2522,CDS,sseB,protein SseB,946994,b2522
NP_417018,EBHIBJHK_02131,P37095,NP_417018.4,b2523,CDS,pepB,aminopeptidase B,948766,b2523
NP_417019,EBHIBJHK_02132,P0C0L9,NP_417019.1,b2524,CDS,iscX,accessory iron-sulfur cluster assembly protein IscX,945196,b2524
NP_417020,EBHIBJHK_02133,P0A9R4,NP_417020.1,b2525,CDS,fdx,reduced ferredoxin,947160,b2525
NP_417021,EBHIBJHK_02134,P0A6Z1,NP_417021.1,b2526,CDS,hscA,iron-sulfur cluster biosynthesis chaperone HscA,944885,b2526
NP_417022,EBHIBJHK_02135,P0A6L9,NP_417022.1,b2527,CDS,hscB,[Fe-S,946995,b2527
NP_417023,EBHIBJHK_02136,P0AAC8,NP_417023.1,b2528,CDS,iscA,iron-sulfur cluster insertion protein IscA,946999,b2528
NP_417024,EBHIBJHK_02137,P0ACD4,NP_417024.1,b2529,CDS,iscU,scaffold protein for iron-sulfur cluster assembly,947002,b2529
NP_417026,EBHIBJHK_02139,P0AGK8,NP_417026.1,b2531,CDS,iscR,DNA-binding transcriptional dual regulator IscR,945279,b2531
NP_417027,EBHIBJHK_02140,P0AE01,NP_417027.1,b2532,CDS,trmJ,tRNA Cm32/Um32 methyltransferase,948610,b2532
NP_417028,EBHIBJHK_02141,P0ADG4,NP_417028.1,b2533,CDS,suhB,Nus factor SuhB,947285,b2533
NP_417029,EBHIBJHK_02142,P77538,NP_417029.4,b2534,CDS,yfhR,putative peptidase,945059,b2534
NP_417030,EBHIBJHK_02143,P54901,NP_417030.2,b2535,CDS,csiE,stationary phase-inducible protein CsiE,947009,b2535
NP_417031,EBHIBJHK_02144,Q47142,NP_417031.1,b2536,CDS,hcaT,putative 3-phenylpropionate transporter,947007,b2536
NP_417032,EBHIBJHK_02145,Q47141,NP_417032.1,b2537,CDS,hcaR,DNA-binding transcriptional dual regulator HcaR,947000,b2537
NP_417033,EBHIBJHK_02146,P0ABR5,NP_417033.1,b2538,CDS,hcaE,putative 3-phenylpropionate/cinnamate dioxygenase subunit alpha,946998,b2538
NP_417034,EBHIBJHK_02147,Q47140,NP_417034.1,b2539,CDS,hcaF,putative 3-phenylpropionate/cinnamate dioxygenase subunit beta,946997,b2539
NP_417035,EBHIBJHK_02148,P0ABW0,NP_417035.1,b2540,CDS,hcaC,putative 3-phenylpropionate/cinnamate dioxygenase ferredoxin subunit,947015,b2540
NP_417036,EBHIBJHK_02149,P0CI31,NP_417036.1,b2541,CDS,hcaB,"2,3-dihydroxy-2,3-dihydrophenylpropionate dehydrogenase",945346,b2541
NP_417037,EBHIBJHK_02150,P77650,NP_417037.1,b2542,CDS,hcaD,putative 3-phenylpropionate/cinnamate dioxygenase ferredoxin reductase subunit,945427,b2542
NP_417038,EBHIBJHK_02151,P0AD47,NP_417038.4,b2543,CDS,yphA,putative inner membrane protein,947365,b2543
NP_417039,EBHIBJHK_02152,P76584,NP_417039.1,b2544,CDS,yphB,putative aldose 1-epimerase YphB,947017,b2544
NP_417040,EBHIBJHK_02153,P77360,NP_417040.2,b2545,CDS,yphC,putative zinc-binding dehydrogenase YphC,947019,b2545
NP_417041,EBHIBJHK_02154,P77315,NP_417041.1,b2546,CDS,yphD,putative ABC transporter membrane subunit YphD,949063,b2546
NP_417042,EBHIBJHK_02155,P77509,NP_417042.1,b2547,CDS,yphE,putative ABC transporter ATP-binding protein YphE,948990,b2547
NP_417043,EBHIBJHK_02156,P77269,NP_417043.1,b2548,CDS,yphF,putative ABC transporter periplasmic binding protein YphF,947020,b2548
NP_417044,EBHIBJHK_02157,P76585,NP_417044.4,b2549,CDS,yphG,DUF5107 domain-containing protein YphG,947021,b2549
NP_417045,EBHIBJHK_02158,P76586,NP_417045.4,b2550,CDS,yphH,"putative DNA-binding transcriptional regulator, NAGC-like",947023,b2550
NP_417046,EBHIBJHK_02159,P0A825,NP_417046.1,b2551,CDS,glyA,serine hydroxymethyltransferase,947022,b2551
NP_417047,EBHIBJHK_02160,P24232,NP_417047.1,b2552,CDS,hmp,nitric oxide dioxygenase,947018,b2552
NP_417048,EBHIBJHK_02161,P0A9Z1,NP_417048.1,b2553,CDS,glnB,nitrogen regulatory protein PII-1,947016,b2553
NP_417049,EBHIBJHK_02162,P0AFU4,NP_417049.1,b2554,CDS,glrR,DNA-binding transcriptional activator GlrR,947042,b2554
NP_417050,EBHIBJHK_02163,P0AD44,NP_417050.1,b2555,CDS,qseG,outer membrane lipoprotein QseG,947010,b2555
NP_417051,EBHIBJHK_02164,P52101,NP_417051.2,b2556,CDS,glrK,histidine kinase GlrK,947013,b2556
NP_417053,EBHIBJHK_02166,P0AGC5,NP_417053.2,b2558,CDS,mltF,membrane-bound lytic murein transglycosylase F,947028,b2558
NP_417054,EBHIBJHK_02167,P68398,NP_417054.2,b2559,CDS,tadA,tRNA adenosine(34) deaminase,947027,b2559
NP_417055,EBHIBJHK_02168,P0AD42,NP_417055.4,b2560,CDS,pgpC,phosphatidylglycerophosphatase C,947026,b2560
NP_417056,EBHIBJHK_02169,P37767,NP_417056.2,b2561,CDS,yfhH,putative DNA-binding transcriptional regulator YfhH,947030,b2561
NP_417057,EBHIBJHK_02170,P52102,NP_417057.1,b2562,CDS,yfhL,putative 4Fe-4S cluster-containing protein YfhL,947031,b2562
NP_417058,EBHIBJHK_02171,P24224,NP_417058.1,b2563,CDS,acpS,holo-[acyl-carrier-protein,947037,b2563
NP_417059,EBHIBJHK_02172,P0A794,NP_417059.1,b2564,CDS,pdxJ,pyridoxine 5'-phosphate synthase,947039,b2564
NP_417060,EBHIBJHK_02173,P0A7H3,NP_417060.1,b2565,CDS,recO,recombination mediator protein RecO,947038,b2565
NP_417061,EBHIBJHK_02174,P06616,NP_417061.1,b2566,CDS,era,30S ribosomal subunit maturation GTPase Era,947036,b2566
NP_417062,EBHIBJHK_02175,P0A7Y0,NP_417062.1,b2567,CDS,rnc,RNase III,947033,b2567
NP_417063,EBHIBJHK_02176,P00803,NP_417063.1,b2568,CDS,lepB,signal peptidase I,947040,b2568
NP_417064,EBHIBJHK_02177,P60785,NP_417064.1,b2569,CDS,lepA,30S ribosomal subunit biogenesis factor LepA,947051,b2569
NP_417065,EBHIBJHK_02178,P46187,NP_417065.1,b2570,CDS,rseC,protein RseC,947052,b2570
NP_417066,EBHIBJHK_02179,P0AFX9,NP_417066.1,b2571,CDS,rseB,anti-sigma factor stabilizing protein RseB,947054,b2571
NP_417067,EBHIBJHK_02180,P0AFX7,NP_417067.1,b2572,CDS,rseA,anti-sigma-E factor RseA,947053,b2572
NP_417068,EBHIBJHK_02181,P0AGB6,NP_417068.1,b2573,CDS,rpoE,RNA polymerase sigma factor RpoE,947050,b2573
NP_417069,EBHIBJHK_02182,P10902,NP_417069.1,b2574,CDS,nadB,L-aspartate oxidase,947049,b2574
NP_417070,EBHIBJHK_02183,P31825,NP_417070.2,b2575,CDS,yfiC,tRNA m(6)A37 methyltransferase,947047,b2575
NP_417071,EBHIBJHK_02184,P21507,NP_417071.1,b2576,CDS,srmB,ATP-dependent RNA helicase SrmB,947055,b2576
NP_417072,EBHIBJHK_02185,P33634,NP_417072.4,b2577,CDS,yfiE,putative LysR-type DNA-binding transcriptional regulator YfiE,947064,b2577
NP_417073,EBHIBJHK_02186,P38101,NP_417073.1,b2578,CDS,eamB,cysteine/O-acetylserine exporter EamB,947065,b2578
NP_417074,EBHIBJHK_02187,P68066,NP_417074.1,b2579,CDS,grcA,stress-induced alternate pyruvate formate-lyase subunit,947068,b2579
NP_417075,EBHIBJHK_02188,P12295,NP_417075.1,b2580,CDS,ung,uracil-DNA glycosylase,947067,b2580
NP_417076,EBHIBJHK_02189,P0AGJ5,NP_417076.1,b2581,CDS,yfiF,putative methyltransferase YfiF,947066,b2581
NP_417077,EBHIBJHK_02190,P0AGG4,NP_417077.1,b2582,CDS,trxC,reduced thioredoxin 2,947062,b2582
NP_417078,EBHIBJHK_02191,Q47319,NP_417078.4,b2583,CDS,tapT,tRNA 3-amino-3-carboxypropyltransferase,947057,b2583
NP_417079,EBHIBJHK_02192,P76594,NP_417079.1,b2584,CDS,patZ,peptidyl-lysine N-acetyltransferase,947056,b2584
NP_417080,EBHIBJHK_02193,P23830,NP_417080.4,b2585,CDS,pssA,phosphatidylserine synthase,947059,b2585
NP_417081,EBHIBJHK_02194,P46126,NP_417081.2,b2586,CDS,yfiM,DUF2279 domain-containing protein YfiM,947060,b2586
NP_417082,EBHIBJHK_02195,P0AEX3,NP_417082.1,b2587,CDS,kgtP,alpha-ketoglutarate:H(+) symporter,947069,b2587
NP_417083,EBHIBJHK_04419,P63284,NP_417083.1,b2592,CDS,clpB,chaperone protein ClpB,947077,b2592
NP_417084,EBHIBJHK_04420,P33644,NP_417084.1,b2593,CDS,yfiH,purine nucleoside phosphorylase YfiH,947089,b2593
NP_417085,EBHIBJHK_04421,P33643,NP_417085.1,b2594,CDS,rluD,23S rRNA pseudouridine(1911/1915/1917) synthase,947087,b2594
NP_417086,EBHIBJHK_04422,P0AC02,NP_417086.1,b2595,CDS,bamD,outer membrane protein assembly factor BamD,947086,b2595
NP_417088,EBHIBJHK_04423,P0AD49,NP_417088.1,b2597,CDS,raiA,ribosome-associated inhibitor A,947129,b2597
NP_417090,EBHIBJHK_04424,P0A9J8,NP_417090.1,b2599,CDS,pheA,fused chorismate mutase/prephenate dehydratase,947081,b2599
NP_417091,EBHIBJHK_04425,P07023,NP_417091.1,b2600,CDS,tyrA,fused chorismate mutase/prephenate dehydrogenase,947115,b2600
NP_417092,EBHIBJHK_04426,P00888,NP_417092.1,b2601,CDS,aroF,"3-deoxy-7-phosphoheptulonate synthase, Tyr-sensitive",947084,b2601
NP_417093,EBHIBJHK_04427,P11289,NP_417093.2,b2602,CDS,yfiL,DUF2799 domain-containing lipoprotein YfiL,947106,b2602
NP_417094,EBHIBJHK_04428,P64548,NP_417094.1,b2603,CDS,yfiR,DUF4154 domain-containing protein YfiR,947090,b2603
NP_417095,EBHIBJHK_04429,P46139,NP_417095.1,b2604,CDS,dgcN,diguanylate cyclase DgcN,947091,b2604
NP_417096,EBHIBJHK_04430,P07021,NP_417096.1,b2605,CDS,yfiB,lipoprotein YfiB,947094,b2605
NP_417097,EBHIBJHK_04431,P0A7K6,NP_417097.1,b2606,CDS,rplS,50S ribosomal subunit protein L19,947096,b2606
NP_417098,EBHIBJHK_04432,P0A873,NP_417098.1,b2607,CDS,trmD,tRNA m(1)G37 methyltransferase,947099,b2607
NP_417099,EBHIBJHK_04433,P0A7X6,NP_417099.4,b2608,CDS,rimM,ribosome maturation factor RimM,947101,b2608
NP_417100,EBHIBJHK_04434,P0A7T3,NP_417100.1,b2609,CDS,rpsP,30S ribosomal subunit protein S16,947103,b2609
NP_417101,EBHIBJHK_04435,P0AGD7,NP_417101.1,b2610,CDS,ffh,signal recognition particle protein component,947102,b2610
NP_417102,EBHIBJHK_04436,P64432,NP_417102.4,b2611,CDS,ypjD,cytochrome c assembly family protein,947098,b2611
NP_417104,EBHIBJHK_04438,P09372,NP_417104.1,b2614,CDS,grpE,nucleotide exchange factor GrpE,947097,b2614
NP_417105,EBHIBJHK_04439,P0A7B3,NP_417105.1,b2615,CDS,nadK,NAD kinase,947092,b2615
NP_417107,EBHIBJHK_04441,P0A937,NP_417107.2,b2617,CDS,bamE,outer membrane protein assembly factor BamE,945583,b2617
NP_417108,EBHIBJHK_04442,P52119,NP_417108.4,b2618,CDS,yfjF,putative component of the Rsx system,945078,b2618
NP_417109,EBHIBJHK_04443,P0AGL5,NP_417109.1,b2619,CDS,ratA,ribosome association toxin RatA,945614,b2619
NP_417110,EBHIBJHK_04444,P0A832,NP_417110.1,b2620,CDS,smpB,SsrA-binding protein,947296,b2620
NP_417122,EBHIBJHK_04962,P52132,NP_417122.1,b2633,CDS,yfjQ,DUF932 domain-containing protein YfjQ,947127,b2633
NP_417122,EBHIBJHK_04801,P52132,NP_417122.1,b2633,CDS,yfjQ,DUF932 domain-containing protein YfjQ,947127,b2633
NP_417122,EBHIBJHK_04589,P52132,NP_417122.1,b2633,CDS,yfjQ,DUF932 domain-containing protein YfjQ,947127,b2633
NP_417122,EBHIBJHK_04476,P52132,NP_417122.1,b2633,CDS,yfjQ,DUF932 domain-containing protein YfjQ,947127,b2633
NP_417122,EBHIBJHK_04986,P52132,NP_417122.1,b2633,CDS,yfjQ,DUF932 domain-containing protein YfjQ,947127,b2633
NP_417130,EBHIBJHK_04475,P52139,NP_417130.1,b2643,CDS,yfjX,putative antirestriction protein YfjX,947126,b2643
NP_417145,EBHIBJHK_02087,P76621,NP_417145.4,b2659,CDS,glaH,glutarate dioxygenase GlaH,948076,b2659
NP_417146,EBHIBJHK_02086,P37339,NP_417146.2,b2660,CDS,lhgD,L-2-hydroxyglutarate dehydrogenase,948069,b2660
NP_417147,EBHIBJHK_02085,P25526,NP_417147.1,b2661,CDS,gabD,succinate-semialdehyde dehydrogenase (NADP(+)) GabD,948060,b2661
NP_417148,EBHIBJHK_02084,P22256,NP_417148.1,b2662,CDS,gabT,4-aminobutyrate aminotransferase GabT,948067,b2662
NP_417149,EBHIBJHK_02083,P25527,NP_417149.1,b2663,CDS,gabP,4-aminobutanoate:H(+) symporter,948049,b2663
NP_417150,EBHIBJHK_02082,P37338,NP_417150.4,b2664,CDS,glaR,DNA-binding transcriptional repressor GlaR,948055,b2664
NP_417151,EBHIBJHK_02081,P0ADE6,NP_417151.1,b2665,CDS,kbp,K(+) binding protein,947144,b2665
NP_417152,EBHIBJHK_02080,P0AE42,NP_417152.1,b2666,CDS,yqaE,Pmp3 family protein YqaE,947138,b2666
NP_417153,EBHIBJHK_02079,P77295,NP_417153.1,b2667,CDS,ygaV,putative DNA-binding transcriptional regulator YgaV,947136,b2667
NP_417154,EBHIBJHK_02078,P55734,NP_417154.1,b2668,CDS,ygaP,thiosulfate sulfurtransferase YgaP,947135,b2668
NP_417155,EBHIBJHK_02077,P0ACG1,NP_417155.1,b2669,CDS,stpA,DNA-binding transcriptional repressor StpA with RNA chaperone activity,947130,b2669
NP_417156,EBHIBJHK_02076,P64550,NP_417156.1,b2670,CDS,alaE,L-alanine exporter,947147,b2670
NP_417157,EBHIBJHK_02075,P0AD53,NP_417157.1,b2671,CDS,ygaC,DUF2002 domain-containing protein YgaC,947156,b2671
NP_417158,EBHIBJHK_02074,P0ADQ7,NP_417158.4,b2672,CDS,ygaM,DUF883 domain-containing protein YgaM,947157,b2672
NP_417159,EBHIBJHK_02073,P0AC65,NP_417159.1,b2673,CDS,nrdH,glutaredoxin-like protein NrdH,947161,b2673
NP_417160,EBHIBJHK_02072,P0A772,NP_417160.1,b2674,CDS,nrdI,dimanganese-tyrosyl radical cofactor maintenance flavodoxin NrdI,947158,b2674
NP_417161,EBHIBJHK_02071,P39452,NP_417161.1,b2675,CDS,nrdE,ribonucleoside-diphosphate reductase 2 subunit alpha,947155,b2675
NP_417162,EBHIBJHK_02070,P37146,NP_417162.1,b2676,CDS,nrdF,ribonucleoside-diphosphate reductase 2 subunit beta,947149,b2676
NP_417163,EBHIBJHK_02069,P14175,NP_417163.1,b2677,CDS,proV,glycine betaine ABC transporter ATP binding subunit ProV,947148,b2677
NP_417164,EBHIBJHK_02068,P14176,NP_417164.1,b2678,CDS,proW,glycine betaine ABC transporter membrane subunit ProW,947145,b2678
NP_417165,EBHIBJHK_02067,P0AFM2,NP_417165.1,b2679,CDS,proX,glycine betaine ABC transporter periplasmic binding protein ProX,947165,b2679
NP_417167,EBHIBJHK_02065,P76630,NP_417167.1,b2682,CDS,ygaZ,"L-valine exporter, YgaZ component",945093,b2682
NP_417168,EBHIBJHK_02064,P43667,NP_417168.1,b2683,CDS,ygaH,"L-valine exporter, YgaH component",945111,b2683
NP_417169,EBHIBJHK_02063,P0ACR9,NP_417169.1,b2684,CDS,mprA,DNA-binding transcriptional regulator MprA,945282,b2684
NP_417170,EBHIBJHK_02062,P27303,NP_417170.1,b2685,CDS,emrA,multidrug efflux pump membrane fusion protein EmrA,947166,b2685
NP_417171,EBHIBJHK_02061,P0AEJ0,NP_417171.1,b2686,CDS,emrB,multidrug efflux pump membrane subunit EmrB,947167,b2686
NP_417172,EBHIBJHK_02060,P45578,NP_417172.1,b2687,CDS,luxS,S-ribosylhomocysteine lyase,947168,b2687
NP_417173,EBHIBJHK_02059,P0A6W9,NP_417173.1,b2688,CDS,gshA,glutamate--cysteine ligase,944881,b2688
NP_417174,EBHIBJHK_02058,P0ADR0,NP_417174.1,b2689,CDS,yqaA,DedA family protein YqaA,945419,b2689
NP_417175,EBHIBJHK_02057,P77475,NP_417175.1,b2690,CDS,yqaB,fructose-1-phosphate phosphatase YqaB,945776,b2690
NP_417176,EBHIBJHK_02050,P69913,NP_417176.1,b2696,CDS,csrA,carbon storage regulator,947176,b2696
NP_417177,EBHIBJHK_02049,P00957,NP_417177.1,b2697,CDS,alaS,alanine--tRNA ligase/DNA-binding transcriptional repressor,947175,b2697
NP_417178,EBHIBJHK_02048,P33596,NP_417178.1,b2698,CDS,recX,RecA inhibitor RecX,947172,b2698
NP_417179,EBHIBJHK_02047,P0A7G6,NP_417179.1,b2699,CDS,recA,DNA recombination/repair protein RecA,947170,b2699
NP_417180,EBHIBJHK_02046,P0A6G3,NP_417180.1,b2700,CDS,pncC,NMN aminohydrolase,947169,b2700
NP_417181,EBHIBJHK_02045,P41052,NP_417181.1,b2701,CDS,mltB,membrane-bound lytic murein transglycosylase B,947184,b2701
NP_417184,EBHIBJHK_02042,P05706,NP_417184.1,b2704,CDS,srlB,sorbitol-specific PTS enzyme IIA component,948971,b2704
NP_417185,EBHIBJHK_02041,P05707,NP_417185.1,b2705,CDS,srlD,sorbitol-6-phosphate 2-dehydrogenase,948937,b2705
NP_417186,EBHIBJHK_02040,P15081,NP_417186.1,b2706,CDS,gutM,DNA-binding transcriptional activator GutM,948938,b2706
NP_417187,EBHIBJHK_02039,P15082,NP_417187.1,b2707,CDS,srlR,DNA-binding transcriptional repressor SrlR,948942,b2707
NP_417188,EBHIBJHK_02038,P17115,NP_417188.4,b2708,CDS,gutQ,D-arabinose 5-phosphate isomerase GutQ,947587,b2708
NP_417189,EBHIBJHK_02037,P37013,NP_417189.2,b2709,CDS,norR,DNA-binding transcriptional dual regulator NorR,947186,b2709
NP_417190,EBHIBJHK_02036,Q46877,NP_417190.1,b2710,CDS,norV,anaerobic nitric oxide reductase flavorubredoxin,948979,b2710
NP_417191,EBHIBJHK_02035,P37596,NP_417191.1,b2711,CDS,norW,NADH:flavorubredoxin reductase,947088,b2711
NP_417192,EBHIBJHK_02034,P30131,NP_417192.1,b2712,CDS,hypF,carbamoyl--[HypE,944963,b2712
NP_417193,EBHIBJHK_02033,P0AAK4,NP_417193.1,b2713,CDS,hydN,putative electron transport protein HydN,947190,b2713
NP_417194,EBHIBJHK_02032,P24242,NP_417194.2,b2714,CDS,ascG,DNA-binding transcriptional repressor AscG,947305,b2714
NP_417196,EBHIBJHK_02030,P24240,NP_417196.1,b2716,CDS,ascB,6-phospho-beta-glucosidase AscB,947460,b2716
NP_417197,EBHIBJHK_02027,P0AEV9,NP_417197.1,b2717,CDS,hycI,hydrogenase 3 maturation protease,947428,b2717
NP_417198,EBHIBJHK_02026,P0AEV7,NP_417198.1,b2718,CDS,hycH,formate hydrogenlyase assembly protein,947438,b2718
NP_417199,EBHIBJHK_02025,P16433,NP_417199.1,b2719,CDS,hycG,formate hydrogenlyase subunit HycG,947191,b2719
NP_417200,EBHIBJHK_02024,P16432,NP_417200.1,b2720,CDS,hycF,formate hydrogenlyase subunit HycF,947048,b2720
NP_417200,EBHIBJHK_02024,P16432,NP_417200.1,b2720,CDS,hycF,formate hydrogenlyase subunit HycF,947048,b2720
NP_417201,EBHIBJHK_02023,P16431,NP_417201.1,b2721,CDS,hycE,formate hydrogenlyase subunit HycE,947396,b2721
NP_417202,EBHIBJHK_02022,P16430,NP_417202.1,b2722,CDS,hycD,formate hydrogenlyase subunit HycD,948994,b2722
NP_417203,EBHIBJHK_02021,P16429,NP_417203.1,b2723,CDS,hycC,formate hydrogenlyase subunit HycC,945327,b2723
NP_417204,EBHIBJHK_02020,P0AAK1,NP_417204.1,b2724,CDS,hycB,formate hydrogenlyase subunit HycB,948002,b2724
NP_417205,EBHIBJHK_02019,P0AEV4,NP_417205.1,b2725,CDS,hycA,regulator of the transcriptional regulator FhlA,947193,b2725
NP_417206,EBHIBJHK_02018,P0A700,NP_417206.1,b2726,CDS,hypA,hydrogenase 3 nickel incorporation protein HypA,947195,b2726
NP_417207,EBHIBJHK_02017,P0AAN3,NP_417207.1,b2727,CDS,hypB,hydrogenase isoenzymes nickel incorporation protein HypB,947194,b2727
NP_417208,EBHIBJHK_02016,P0AAM3,NP_417208.1,b2728,CDS,hypC,hydrogenase maturation factor HypC,947192,b2728
NP_417209,EBHIBJHK_02015,P24192,NP_417209.1,b2729,CDS,hypD,Fe-(CN)2CO cofactor assembly scaffold protein HypD,947189,b2729
NP_417210,EBHIBJHK_02014,P24193,NP_417210.2,b2730,CDS,hypE,carbamoyl dehydratase HypE,947182,b2730
NP_417211,EBHIBJHK_02013,P19323,NP_417211.1,b2731,CDS,fhlA,DNA-binding transcriptional activator FhlA,947181,b2731
NP_417212,EBHIBJHK_02011,P25728,NP_417212.1,b2732,CDS,ygbA,protein YgbA,947187,b2732
NP_417213,EBHIBJHK_02009,P23909,NP_417213.1,b2733,CDS,mutS,DNA mismatch repair protein MutS,947206,b2733
NP_417214,EBHIBJHK_02008,P55799,NP_417214.1,b2734,CDS,pphB,phosphoprotein phosphatase 2,947196,b2734
NP_417215,EBHIBJHK_02007,P52598,NP_417215.2,b2735,CDS,ygbI,DNA-binding transcriptional repressor YgbI,947204,b2735
NP_417216,EBHIBJHK_02006,Q46888,NP_417216.1,b2736,CDS,ygbJ,putative L-threonate dehydrogenase,947200,b2736
NP_417217,EBHIBJHK_02005,Q46889,NP_417217.1,b2737,CDS,ygbK,putative 3-oxo-tetronate kinase YgbK,947199,b2737
NP_417218,EBHIBJHK_02004,Q46890,NP_417218.1,b2738,CDS,ygbL,putative 3-oxo-tetronate 4-phosphate decarboxylase YgbL,947197,b2738
NP_417219,EBHIBJHK_02003,Q46891,NP_417219.1,b2739,CDS,ygbM,putative 2-oxo-tetronate isomerase YgbM,947207,b2739
NP_417220,EBHIBJHK_02002,Q46892,NP_417220.1,b2740,CDS,ygbN,putative transporter YgbN,947208,b2740
NP_417221,EBHIBJHK_01997,P13445,NP_417221.1,b2741,CDS,rpoS,RNA polymerase sigma factor RpoS,947210,b2741
NP_417222,EBHIBJHK_01996,P0ADA3,NP_417222.1,b2742,CDS,nlpD,murein hydrolase activator NlpD,947011,b2742
NP_417223,EBHIBJHK_01995,P0A7A5,NP_417223.1,b2743,CDS,pcm,protein-L-isoaspartate O-methyltransferase,944923,b2743
NP_417224,EBHIBJHK_01994,P0A840,NP_417224.1,b2744,CDS,umpG,broad specificity 5'(3')-nucleotidase and polyphosphatase,947211,b2744
NP_417225,EBHIBJHK_01993,Q57261,NP_417225.1,b2745,CDS,truD,tRNA pseudouridine(13) synthase,947214,b2745
NP_417226,EBHIBJHK_01992,P62617,NP_417226.1,b2746,CDS,ispF,"2-C-methyl-D-erythritol 2,4-cyclodiphosphate synthase",945057,b2746
NP_417227,EBHIBJHK_01991,Q46893,NP_417227.1,b2747,CDS,ispD,2-C-methyl-D-erythritol 4-phosphate cytidylyltransferase,948269,b2747
NP_417228,EBHIBJHK_01990,P0A6S5,NP_417228.1,b2748,CDS,ftsB,cell division protein FtsB,946033,b2748
NP_417229,EBHIBJHK_01989,P46141,NP_417229.1,b2749,CDS,ygbE,DUF3561 domain-containing inner membrane protein YgbE,947268,b2749
NP_417230,EBHIBJHK_01988,P0A6J1,NP_417230.1,b2750,CDS,cysC,adenylyl-sulfate kinase,947221,b2750
NP_417231,EBHIBJHK_01987,P23845,NP_417231.1,b2751,CDS,cysN,sulfate adenylyltransferase subunit 1,947219,b2751
NP_417232,EBHIBJHK_01986,P21156,NP_417232.1,b2752,CDS,cysD,sulfate adenylyltransferase subunit 2,947217,b2752
NP_417233,EBHIBJHK_01985,P10423,NP_417233.1,b2753,CDS,iap,alkaline phosphatase isozyme conversion protein,947215,b2753
NP_417234,EBHIBJHK_01984,P45956,NP_417234.2,b2754,CDS,cas2,CRISPR-associated endoribonuclease Cas2,947213,b2754
NP_417235,EBHIBJHK_01983,Q46896,NP_417235.1,b2755,CDS,cas1,multifunctional nuclease Cas1,947228,b2755
NP_417242,EBHIBJHK_01975,P17854,NP_417242.1,b2762,CDS,cysH,phosphoadenosine phosphosulfate reductase,947230,b2762
NP_417243,EBHIBJHK_01974,P17846,NP_417243.1,b2763,CDS,cysI,"sulfite reductase, hemoprotein subunit",947231,b2763
NP_417244,EBHIBJHK_01973,P38038,NP_417244.1,b2764,CDS,cysJ,"sulfite reductase, flavoprotein subunit",947239,b2764
NP_417245,EBHIBJHK_01972,P65870,NP_417245.1,b2765,CDS,queD,"6-carboxy-5,6,7,8-tetrahydropterin synthase",945123,b2765
NP_417246,EBHIBJHK_01971,Q46904,NP_417246.4,b2766,CDS,ygcN,putative oxidoreductase with FAD/NAD(P)-binding domain,946114,b2766
NP_417247,EBHIBJHK_01970,Q46905,NP_417247.2,b2767,CDS,ygcO,putative 4Fe-4S cluster-containing protein,945120,b2767
NP_417248,EBHIBJHK_01969,Q46906,NP_417248.1,b2768,CDS,ygcP,putative anti-terminator regulatory protein,947536,b2768
NP_417249,EBHIBJHK_02520,Q46907,NP_417249.4,b2769,CDS,ygcQ,putative flavoprotein,946413,b2769
NP_417249,EBHIBJHK_02520,Q46907,NP_417249.4,b2769,CDS,ygcQ,putative flavoprotein,946413,b2769
NP_417249,EBHIBJHK_02520,Q46907,NP_417249.4,b2769,CDS,ygcQ,putative flavoprotein,946413,b2769
NP_417249,EBHIBJHK_02520,Q46907,NP_417249.4,b2769,CDS,ygcQ,putative flavoprotein,946413,b2769
NP_417249,EBHIBJHK_02520,Q46907,NP_417249.4,b2769,CDS,ygcQ,putative flavoprotein,946413,b2769
NP_417250,EBHIBJHK_02521,Q46908,NP_417250.4,b2770,CDS,ygcR,putative flavoprotein,947240,b2770
NP_417250,EBHIBJHK_02521,Q46908,NP_417250.4,b2770,CDS,ygcR,putative flavoprotein,947240,b2770
NP_417250,EBHIBJHK_02521,Q46908,NP_417250.4,b2770,CDS,ygcR,putative flavoprotein,947240,b2770
NP_417250,EBHIBJHK_02521,Q46908,NP_417250.4,b2770,CDS,ygcR,putative flavoprotein,947240,b2770
NP_417251,EBHIBJHK_02522,Q46909,NP_417251.2,b2771,CDS,ygcS,putative transporter YgcS,947238,b2771
NP_417254,EBHIBJHK_02524,P76633,NP_417254.4,b2774,CDS,ygcW,putative deoxygluconate dehydrogenase,947232,b2774
NP_417255,EBHIBJHK_02525,P77031,NP_417255.1,b2775,CDS,yqcE,putative transport protein YqcE,947248,b2775
NP_417256,EBHIBJHK_02526,P55138,NP_417256.1,b2776,CDS,ygcE,putative sugar kinase YgcE,946193,b2776
NP_417257,EBHIBJHK_02527,P64554,NP_417257.1,b2777,CDS,queE,putative 7-carboxy-7-deazaguanine synthase QueE,947527,b2777
NP_417258,EBHIBJHK_02529,P55140,NP_417258.4,b2778,CDS,ygcG,TPM domain-containing protein YgcG,945247,b2778
NP_417259,EBHIBJHK_02530,P0A6P9,NP_417259.1,b2779,CDS,eno,enolase,945032,b2779
NP_417260,EBHIBJHK_02531,P0A7E5,NP_417260.1,b2780,CDS,pyrG,CTP synthetase,946116,b2780
NP_417261,EBHIBJHK_02532,P0AEY3,NP_417261.1,b2781,CDS,mazG,nucleoside triphosphate pyrophosphohydrolase,947254,b2781
NP_417262,EBHIBJHK_02533,P0AE70,NP_417262.1,b2782,CDS,mazF,endoribonuclease toxin MazF,947252,b2782
NP_417263,EBHIBJHK_02534,P0AE72,NP_417263.1,b2783,CDS,mazE,antitoxin of the MazF-MazE toxin-antitoxin system MazE,947245,b2783
NP_417264,EBHIBJHK_02535,P0AG20,NP_417264.1,b2784,CDS,relA,GDP/GTP pyrophosphokinase,947244,b2784
NP_417265,EBHIBJHK_02536,P55135,NP_417265.1,b2785,CDS,rlmD,23S rRNA m(5)U1939 methyltransferase,947243,b2785
NP_417266,EBHIBJHK_02537,P0AEC5,NP_417266.1,b2786,CDS,barA,sensor histidine kinase BarA,947255,b2786
NP_417267,EBHIBJHK_02538,P0AES2,NP_417267.1,b2787,CDS,gudD,D-glucarate dehydratase,947258,b2787
NP_417268,EBHIBJHK_02539,Q46915,NP_417268.1,b2788,CDS,gudX,glucarate dehydratase-related protein,947261,b2788
NP_417269,EBHIBJHK_02540,Q46916,NP_417269.1,b2789,CDS,gudP,galactarate/D-glucarate transporter GudP,947265,b2789
NP_417270,EBHIBJHK_02541,P65367,NP_417270.1,b2790,CDS,yqcA,putative flavodoxin YqcA,947151,b2790
NP_417271,EBHIBJHK_02542,P0AA41,NP_417271.1,b2791,CDS,truC,tRNA pseudouridine(65) synthase,947242,b2791
NP_417272,EBHIBJHK_02543,Q46919,NP_417272.1,b2792,CDS,yqcC,DUF446 domain-containing protein YqcC,946027,b2792
NP_417273,EBHIBJHK_02544,P0A8U0,NP_417273.1,b2793,CDS,syd,SecY-interacting protein,947271,b2793
NP_417274,EBHIBJHK_02545,Q46920,NP_417274.1,b2794,CDS,queF,7-cyano-7-deazaguanine reductase,947270,b2794
NP_417275,EBHIBJHK_02546,P0ADR8,NP_417275.1,b2795,CDS,ppnN,nucleotide 5'-monophosphate nucleosidase,947266,b2795
NP_417276,EBHIBJHK_02547,P0AAD6,NP_417276.1,b2796,CDS,sdaC,L-serine:H(+) symporter SdaC,947264,b2796
NP_417277,EBHIBJHK_02548,P30744,NP_417277.1,b2797,CDS,sdaB,L-serine deaminase II,947262,b2797
NP_417278,EBHIBJHK_02549,P38506,NP_417278.4,b2798,CDS,ygdG,flap endonuclease,947256,b2798
NP_417279,EBHIBJHK_02550,P0A9S1,NP_417279.2,b2799,CDS,fucO,"L-1,2-propanediol oxidoreductase",947273,b2799
NP_417280,EBHIBJHK_02551,P0AB87,NP_417280.1,b2800,CDS,fucA,L-fuculose-phosphate aldolase,947282,b2800
NP_417282,EBHIBJHK_02557,P69922,NP_417282.1,b2802,CDS,fucI,L-fucose isomerase,946195,b2802
NP_417283,EBHIBJHK_02558,P11553,NP_417283.2,b2803,CDS,fucK,L-fuculokinase,946022,b2803
NP_417284,EBHIBJHK_02559,P0AEN8,NP_417284.1,b2804,CDS,fucU,L-fucose mutarotase,945842,b2804
NP_417285,EBHIBJHK_02560,P0ACK8,NP_417285.1,b2805,CDS,fucR,DNA-binding transcriptional activator FucR,946905,b2805
NP_417286,EBHIBJHK_02561,P0ADR6,NP_417286.1,b2806,CDS,rlmM,23S rRNA 2'-O-ribose C2498 methyltransferase,947283,b2806
NP_417287,EBHIBJHK_02562,P0ADR2,NP_417287.1,b2807,CDS,ygdD,DUF423 domain-containing inner membrane protein YgdD,947279,b2807
NP_417288,EBHIBJHK_02563,P0A9F6,NP_417288.1,b2808,CDS,gcvA,DNA-binding transcriptional dual regulator GcvA,947278,b2808
NP_417289,EBHIBJHK_02564,P65292,NP_417289.2,b2809,CDS,ygdI,DUF903 domain-containing lipoprotein YgdI,947276,b2809
NP_417290,EBHIBJHK_02565,Q46925,NP_417290.1,b2810,CDS,csdA,cysteine sulfinate desulfinase,947275,b2810
NP_417291,EBHIBJHK_02566,P0AGF2,NP_417291.1,b2811,CDS,csdE,sulfur acceptor protein CsdE,947274,b2811
NP_417292,EBHIBJHK_02567,Q46927,NP_417292.1,b2812,CDS,tcdA,tRNA threonylcarbamoyladenosine dehydratase,947291,b2812
NP_417293,EBHIBJHK_02568,P0A935,NP_417293.1,b2813,CDS,mltA,membrane-bound lytic murein transglycosylase A,944964,b2813
NP_417294,EBHIBJHK_02572,P63883,NP_417294.4,b2817,CDS,amiC,N-acetylmuramoyl-L-alanine amidase C,947293,b2817
NP_417295,EBHIBJHK_02573,P0A6C5,NP_417295.1,b2818,CDS,argA,N-acetylglutamate synthase,947289,b2818
NP_417296,EBHIBJHK_02574,P04993,NP_417296.1,b2819,CDS,recD,exodeoxyribonuclease V subunit RecD,947287,b2819
NP_417297,EBHIBJHK_02575,P08394,NP_417297.1,b2820,CDS,recB,exodeoxyribonuclease V subunit RecB,947286,b2820
NP_417298,EBHIBJHK_02576,P05458,NP_417298.1,b2821,CDS,ptrA,protease 3,947284,b2821
NP_417299,EBHIBJHK_02577,P07648,NP_417299.1,b2822,CDS,recC,exodeoxyribonuclease V subunit RecC,947294,b2822
NP_417300,EBHIBJHK_02578,P08372,NP_417300.1,b2823,CDS,ppdC,prepilin-type N-terminal cleavage/methylation domain-containing protein PpdC,945797,b2823
NP_417301,EBHIBJHK_02579,P08370,NP_417301.4,b2824,CDS,ygdB,DUF2509 domain-containing protein YgdB,944763,b2824
NP_417302,EBHIBJHK_02580,P08371,NP_417302.1,b2825,CDS,ppdB,prepilin-type N-terminal cleavage/methylation domain-containing protein PpdB,948985,b2825
NP_417303,EBHIBJHK_02581,P33554,NP_417303.1,b2826,CDS,ppdA,prepilin-type N-terminal cleavage/methylation domain-containing protein PpdA,945393,b2826
NP_417304,EBHIBJHK_02582,P0A884,NP_417304.1,b2827,CDS,thyA,thymidylate synthase,949035,b2827
NP_417305,EBHIBJHK_02583,P60955,NP_417305.1,b2828,CDS,lgt,phosphatidylglycerol--prolipoprotein diacylglyceryl transferase,947303,b2828
NP_417306,EBHIBJHK_02584,P37177,NP_417306.1,b2829,CDS,ptsP,phosphoenolpyruvate-protein phosphotransferase PtsP,947301,b2829
NP_417307,EBHIBJHK_02585,P0A776,NP_417307.1,b2830,CDS,rppH,RNA pyrophosphohydrolase,947300,b2830
NP_417308,EBHIBJHK_02587,P06722,NP_417308.1,b2831,CDS,mutH,DNA mismatch repair protein MutH,947299,b2831
NP_417309,EBHIBJHK_02588,P67127,NP_417309.1,b2832,CDS,ygdQ,PF03741 family inner membrane protein YgdQ,947295,b2832
NP_417310,EBHIBJHK_02589,P65294,NP_417310.1,b2833,CDS,ygdR,DUF903 domain-containing lipoprotein YgdR,947304,b2833
NP_417311,EBHIBJHK_02590,P0A9T4,NP_417311.1,b2834,CDS,tas,putative NADP(H)-dependent aldo-keto reductase Tas,947306,b2834
NP_417312,EBHIBJHK_02591,P39196,NP_417312.1,b2835,CDS,lplT,lysophospholipid transporter,947317,b2835
NP_417313,EBHIBJHK_02592,P31119,NP_417313.1,b2836,CDS,aas,fused 2-acylglycerophospho-ethanolamine acyltransferase/acyl-acyl carrier protein synthetase,947315,b2836
NP_417314,EBHIBJHK_02593,P03024,NP_417314.1,b2837,CDS,galR,DNA-binding transcriptional dual regulator GalR,947314,b2837
NP_417315,EBHIBJHK_02594,P00861,NP_417315.1,b2838,CDS,lysA,diaminopimelate decarboxylase,947313,b2838
NP_417316,EBHIBJHK_02595,P03030,NP_417316.1,b2839,CDS,lysR,DNA-binding transcriptional dual regulator LysR,947311,b2839
NP_417317,EBHIBJHK_02596,P03813,NP_417317.1,b2840,CDS,ygeA,amino acid racemase YgeA,947348,b2840
NP_417318,EBHIBJHK_02597,P0AE24,NP_417318.1,b2841,CDS,araE,arabinose:H(+) symporter,947341,b2841
NP_417319,EBHIBJHK_02598,P37769,NP_417319.1,b2842,CDS,kduD,putative 2-keto-3-deoxy-D-gluconate dehydrogenase,947323,b2842
NP_417320,EBHIBJHK_02599,Q46938,NP_417320.1,b2843,CDS,kduI,5-dehydro-4-deoxy-D-glucuronate isomerase,947319,b2843
NP_417321,EBHIBJHK_02600,Q46939,NP_417321.2,b2844,CDS,yqeF,putative acyltransferase,947324,b2844
NP_417322,EBHIBJHK_02601,P63340,NP_417322.1,b2845,CDS,yqeG,putative transporter YqeG,945028,b2845
NP_417323,EBHIBJHK_02602,Q46941,NP_417323.2,b2846,CDS,yqeH,putative LuxR family transcriptional regulator YqeH,945263,b2846
NP_417337,EBHIBJHK_03351,P0CF56,NP_417337.1,b2860,CDS,insD4,IS2 insertion element protein InsB,947346,b2860
NP_417337,EBHIBJHK_04814,P0CF56,NP_417337.1,b2860,CDS,insD4,IS2 insertion element protein InsB,947346,b2860
NP_417338,EBHIBJHK_04813,P0CF43,NP_417338.3,b2861,CDS,insC4,IS2 insertion element repressor InsA,947347,b2861
NP_417341,EBHIBJHK_02607,Q46798,NP_417341.4,b2865,CDS,actS,amidase activator,947352,b2865
NP_417364,EBHIBJHK_02777,Q46821,NP_417364.2,b2888,CDS,uacT,urate:H(+) symporter,949017,b2888
NP_417365,EBHIBJHK_02775,Q46822,NP_417365.1,b2889,CDS,idi,isopentenyl-diphosphate Delta-isomerase,949020,b2889
NP_417366,EBHIBJHK_02774,P0A8N3,NP_417366.1,b2890,CDS,lysS,lysine--tRNA ligase,947372,b2890
NP_417367,EBHIBJHK_02773,P07012,NP_417367.1,b2891,CDS,prfB,peptide chain release factor RF2,947369,b2891
NP_417368,EBHIBJHK_02772,P21893,NP_417368.1,b2892,CDS,recJ,ssDNA-specific exonuclease RecJ,947367,b2892
NP_417369,EBHIBJHK_02771,P0AEG6,NP_417369.1,b2893,CDS,dsbC,protein disulfide isomerase DsbC,947363,b2893
NP_417370,EBHIBJHK_02770,P0A8P8,NP_417370.1,b2894,CDS,xerD,site-specific recombinase,947362,b2894
NP_417371,EBHIBJHK_02769,P0ABY4,NP_417371.1,b2895,CDS,fldB,flavodoxin 2,947361,b2895
NP_417372,EBHIBJHK_02768,Q46824,NP_417372.1,b2896,CDS,ygfX,protein YgfX,947379,b2896
NP_417373,EBHIBJHK_02767,P64559,NP_417373.1,b2897,CDS,sdhE,FAD assembly factor,947382,b2897
NP_417374,EBHIBJHK_02766,P0ADE8,NP_417374.1,b2898,CDS,ygfZ,folate-binding protein,947384,b2898
NP_417375,EBHIBJHK_02765,P67153,NP_417375.1,b2899,CDS,yqfA,hemolysin-III family protein YqfA,947381,b2899
NP_417376,EBHIBJHK_02764,P67603,NP_417376.1,b2900,CDS,yqfB,N(4)-acetylcytidine amidohydrolase,947380,b2900
NP_417377,EBHIBJHK_03887,Q46829,NP_417377.1,b2901,CDS,bglA,6-phospho-beta-glucosidase A,947378,b2901
NP_417377,EBHIBJHK_02763,Q46829,NP_417377.1,b2901,CDS,bglA,6-phospho-beta-glucosidase A,947378,b2901
NP_417378,EBHIBJHK_02762,P52037,NP_417378.1,b2902,CDS,ygfF,putative oxidoreductase YgfF,947373,b2902
NP_417379,EBHIBJHK_02761,P33195,NP_417379.1,b2903,CDS,gcvP,glycine decarboxylase,947394,b2903
NP_417380,EBHIBJHK_02760,P0A6T9,NP_417380.1,b2904,CDS,gcvH,glycine cleavage system H protein,947393,b2904
NP_417381,EBHIBJHK_02759,P27248,NP_417381.1,b2905,CDS,gcvT,aminomethyltransferase,947390,b2905
NP_417382,EBHIBJHK_02758,P25535,NP_417382.1,b2906,CDS,ubiI,2-octaprenylphenol 6-hydroxylase,947389,b2906
NP_417383,EBHIBJHK_02757,P25534,NP_417383.1,b2907,CDS,ubiH,2-octaprenyl-6-methoxyphenol 4-hydroxylase,947388,b2907
NP_417384,EBHIBJHK_02756,P15034,NP_417384.1,b2908,CDS,pepP,Xaa-Pro aminopeptidase,947385,b2908
NP_417385,EBHIBJHK_02755,P0A8C4,NP_417385.4,b2909,CDS,ygfB,PF03695 family protein YgfB,947400,b2909
NP_417386,EBHIBJHK_02754,P0ADS2,NP_417386.1,b2910,CDS,zapA,cell division protein ZapA,947404,b2910
NP_417387,EBHIBJHK_02753,P0AC28,NP_417387.3,b2912,CDS,fau,putative 5-formyltetrahydrofolate cyclo-ligase,945167,b2912
NP_417388,EBHIBJHK_02752,P0A9T0,NP_417388.1,b2913,CDS,serA,phosphoglycerate dehydrogenase,945258,b2913
NP_417389,EBHIBJHK_02751,P0A7Z0,NP_417389.1,b2914,CDS,rpiA,ribose-5-phosphate isomerase A,947407,b2914
NP_417391,EBHIBJHK_02749,P0A8S1,NP_417391.1,b2916,CDS,argP,DNA-binding transcriptional dual regulator ArgP,944867,b2916
NP_417392,EBHIBJHK_02748,P27253,NP_417392.1,b2917,CDS,scpA,methylmalonyl-CoA mutase,945576,b2917
NP_417393,EBHIBJHK_02747,P27254,NP_417393.1,b2918,CDS,argK,methylmalonyl-CoA mutase-interacting GTPase YgfD,947412,b2918
NP_417394,EBHIBJHK_02746,P52045,NP_417394.4,b2919,CDS,scpB,methylmalonyl-CoA decarboxylase,947408,b2919
NP_417395,EBHIBJHK_02745,P52043,NP_417395.1,b2920,CDS,scpC,propionyl-CoA:succinate CoA transferase,947402,b2920
NP_417396,EBHIBJHK_02744,P52044,NP_417396.4,b2921,CDS,ygfI,putative DNA-binding transcriptional regulator YgfI,947401,b2921
NP_417397,EBHIBJHK_02743,P0ADS6,NP_417397.1,b2922,CDS,yggE,DUF541 domain-containing protein YggE,947398,b2922
NP_417398,EBHIBJHK_02742,P11667,NP_417398.1,b2923,CDS,argO,L-arginine exporter,947418,b2923
NP_417399,EBHIBJHK_02741,P0C0S1,NP_417399.1,b2924,CDS,mscS,small conductance mechanosensitive channel MscS,947416,b2924
NP_417400,EBHIBJHK_02740,P0AB71,NP_417400.1,b2925,CDS,fbaA,fructose-bisphosphate aldolase class II,947415,b2925
NP_417401,EBHIBJHK_02739,P0A799,NP_417401.1,b2926,CDS,pgk,phosphoglycerate kinase,947414,b2926
NP_417402,EBHIBJHK_02738,P0A9B6,NP_417402.1,b2927,CDS,epd,D-erythrose-4-phosphate dehydrogenase,947413,b2927
NP_417403,EBHIBJHK_02737,P11664,NP_417403.1,b2928,CDS,yggC,P-loop NTPase domain-containing protein YggC,947419,b2928
NP_417404,EBHIBJHK_02736,P11663,NP_417404.1,b2929,CDS,fumE,fumarase E,946861,b2929
NP_417405,EBHIBJHK_02735,P21437,NP_417405.1,b2930,CDS,yggF,"fructose 1,6-bisphosphatase YggF",947410,b2930
NP_417408,EBHIBJHK_02733,P69826,NP_417408.1,b2933,CDS,cmtA,mannitol-specific PTS enzyme IICB component CmtA,945256,b2933
NP_417409,EBHIBJHK_02732,P69824,NP_417409.1,b2934,CDS,cmtB,mannitol-specific PTS enzyme IIA component CmtB,945125,b2934
NP_417411,EBHIBJHK_02730,P25894,NP_417411.2,b2936,CDS,loiP,metalloprotease LoiP,945173,b2936
NP_417412,EBHIBJHK_02729,P60651,NP_417412.1,b2937,CDS,speB,agmatinase,947715,b2937
NP_417413,EBHIBJHK_02728,P21170,NP_417413.1,b2938,CDS,speA,biosynthetic arginine decarboxylase,947432,b2938
NP_417417,EBHIBJHK_02726,P0A817,NP_417417.1,b2942,CDS,metK,methionine adenosyltransferase,945389,b2942
NP_417417,EBHIBJHK_04318,P0A817,NP_417417.1,b2942,CDS,metK,methionine adenosyltransferase,945389,b2942
NP_417418,EBHIBJHK_02725,P0AEP1,NP_417418.1,b2943,CDS,galP,galactose:H(+) symporter,947434,b2943
NP_417419,EBHIBJHK_02724,P39902,NP_417419.1,b2944,CDS,yggI,protein YggI,947443,b2944
NP_417420,EBHIBJHK_02723,P25736,NP_417420.1,b2945,CDS,endA,DNA-specific endonuclease I,949092,b2945
NP_417421,EBHIBJHK_02722,P0AGL7,NP_417421.4,b2946,CDS,rsmE,16S rRNA m(3)U1498 methyltransferase,945816,b2946
NP_417422,EBHIBJHK_02721,P04425,NP_417422.1,b2947,CDS,gshB,glutathione synthetase,947445,b2947
NP_417423,EBHIBJHK_02720,P0A8W5,NP_417423.4,b2948,CDS,yqgE,DUF179 domain-containing protein YqgE,947442,b2948
NP_417424,EBHIBJHK_02719,P0A8I1,NP_417424.1,b2949,CDS,yqgF,ribonuclease H-like domain-containing nuclease,947439,b2949
NP_417425,EBHIBJHK_02718,P52052,NP_417425.2,b2950,CDS,yggR,Type II/IV secretion system family protein,947430,b2950
NP_417426,EBHIBJHK_02717,P67080,NP_417426.1,b2951,CDS,yggS,PLP homeostasis protein,947423,b2951
NP_417427,EBHIBJHK_02716,P64564,NP_417427.1,b2952,CDS,yggT,uncharacterized protein YggT,947421,b2952
NP_417428,EBHIBJHK_02715,P52060,NP_417428.2,b2953,CDS,yggU,DUF167 domain-containing protein YggU,947424,b2953
NP_417429,EBHIBJHK_02714,P52061,NP_417429.1,b2954,CDS,rdgB,dITP/XTP pyrophosphatase,947429,b2954
NP_417430,EBHIBJHK_02713,P52062,NP_417430.1,b2955,CDS,hemW,heme chaperone HemW,947446,b2955
NP_417431,EBHIBJHK_02709,P46142,NP_417431.1,b2956,CDS,yggM,DUF1202 domain-containing protein YggM,947455,b2956
NP_417432,EBHIBJHK_02708,P00805,NP_417432.1,b2957,CDS,ansB,L-asparaginase 2,947454,b2957
NP_417433,EBHIBJHK_02707,P0ADS9,NP_417433.1,b2958,CDS,yggN,DUF2884 domain-containing protein YggN,947453,b2958
NP_417434,EBHIBJHK_02706,P38521,NP_417434.4,b2959,CDS,yggL,putative ribosome assembly factor YggL,947449,b2959
NP_417435,EBHIBJHK_02705,P0A8I5,NP_417435.1,b2960,CDS,trmB,tRNA m(7)G46 methyltransferase,947448,b2960
NP_417436,EBHIBJHK_02704,P17802,NP_417436.1,b2961,CDS,mutY,adenine DNA glycosylase,947447,b2961
NP_417437,EBHIBJHK_02703,P0A8P3,NP_417437.1,b2962,CDS,yggX,putative Fe(2(+))-trafficking protein,947461,b2962
NP_417438,EBHIBJHK_02702,P0C066,NP_417438.2,b2963,CDS,mltC,membrane-bound lytic murein transglycosylase C,945428,b2963
NP_417439,EBHIBJHK_02701,P0AFF4,NP_417439.4,b2964,CDS,nupG,nucleoside:H(+) symporter NupG,946282,b2964
NP_417440,EBHIBJHK_02700,P21169,NP_417440.4,b2965,CDS,speC,constitutive ornithine decarboxylase,947457,b2965
NP_417441,EBHIBJHK_02699,Q46831,NP_417441.1,b2966,CDS,yqgA,DUF554 domain-containing protein YqgA,947462,b2966
NP_417442,EBHIBJHK_01709,Q46832,NP_417442.1,b2968,CDS,yghD,putative type II secretion system M-type protein YghD,947025,b2968
NP_417445,EBHIBJHK_01698,Q46835,NP_417445.1,b2971,CDS,yghG,lipoprotein YghG,947470,b2971
NP_417446,EBHIBJHK_01697,Q46836,NP_417446.4,b2972,CDS,pppA,prepilin peptidase,947467,b2972
NP_417449,EBHIBJHK_01695,Q46839,NP_417449.1,b2975,CDS,glcA,glycolate/lactate:H(+) symporter GlcA,947259,b2975
NP_417450,EBHIBJHK_01694,P37330,NP_417450.1,b2976,CDS,glcB,malate synthase G,948857,b2976
NP_417451,EBHIBJHK_01693,P0AEQ1,NP_417451.1,b2977,CDS,glcG,putative heme-binding protein GlcG,947473,b2977
NP_417453,EBHIBJHK_01690,P0AEP9,NP_417453.1,b2979,CDS,glcD,"glycolate dehydrogenase, putative FAD-linked subunit",947353,b2979
NP_417454,EBHIBJHK_01689,P0ACL5,NP_417454.1,b2980,CDS,glcC,DNA-binding transcriptional dual regulator GlcC,947466,b2980
NP_417458,EBHIBJHK_01678,P64572,NP_417458.1,b2984,CDS,yghR,putative ATP-binding protein YghR,947310,b2984
NP_417459,EBHIBJHK_01677,Q46843,NP_417459.1,b2985,CDS,yghS,putative ATP-binding protein YghS,947476,b2985
NP_417460,EBHIBJHK_01676,Q46844,NP_417460.1,b2986,CDS,yghT,putative ATP-binding protein YghT,947477,b2986
NP_417461,EBHIBJHK_01675,P43676,NP_417461.1,b2987,CDS,pitB,metal phosphate:H(+) symporter PitB,947475,b2987
NP_417462,EBHIBJHK_01674,P0AES0,NP_417462.1,b2988,CDS,gss,fused glutathionylspermidine amidase/glutathionylspermidine synthetase,947474,b2988
NP_417463,EBHIBJHK_01673,Q46845,NP_417463.4,b2989,CDS,yghU,disulfide reductase/organic hydroperoxide reductase,947472,b2989
NP_417464,EBHIBJHK_01672,P0AAM7,NP_417464.1,b2990,CDS,hybG,hydrogenase maturation factor HybG,948020,b2990
NP_417465,EBHIBJHK_01671,P0A703,NP_417465.1,b2991,CDS,hybF,hydrogenase maturation protein HybF,948004,b2991
NP_417466,EBHIBJHK_01670,P0AAN1,NP_417466.1,b2992,CDS,hybE,hydrogenase 2-specific chaperone,947483,b2992
NP_417467,EBHIBJHK_01669,P37182,NP_417467.1,b2993,CDS,hybD,hydrogenase 2 maturation protease,948982,b2993
NP_417468,EBHIBJHK_01668,P0ACE0,NP_417468.1,b2994,CDS,hybC,hydrogenase 2 large subunit,945182,b2994
NP_417469,EBHIBJHK_01667,P37180,NP_417469.1,b2995,CDS,hybB,hydrogenase 2 membrane subunit,948615,b2995
NP_417470,EBHIBJHK_01666,P0AAJ8,NP_417470.1,b2996,CDS,hybA,hydrogenase 2 iron-sulfur protein,944842,b2996
NP_417471,EBHIBJHK_01665,P69741,NP_417471.1,b2997,CDS,hybO,hydrogenase 2 small subunit,945902,b2997
NP_417472,EBHIBJHK_01664,P64574,NP_417472.1,b2998,CDS,yghW,DUF2623 domain-containing protein YghW,947485,b2998
NP_417474,EBHIBJHK_01660,Q46851,NP_417474.1,b3001,CDS,gpr,L-glyceraldehyde 3-phosphate reductase,947480,b3001
NP_417475,EBHIBJHK_01659,P67244,NP_417475.1,b3002,CDS,yqhA,UPF0114 family protein YqhA,947479,b3002
NP_417476,EBHIBJHK_01658,P0AG84,NP_417476.1,b3003,CDS,yghA,NADP(+)-dependent aldehyde reductase,947478,b3003
NP_417478,EBHIBJHK_01657,P0ABV2,NP_417478.1,b3005,CDS,exbD,Ton complex subunit ExbD,946345,b3005
NP_417479,EBHIBJHK_01656,P0ABU7,NP_417479.1,b3006,CDS,exbB,Ton complex subunit ExbB,945420,b3006
NP_417481,EBHIBJHK_01655,P06721,NP_417481.1,b3008,CDS,metC,cystathionine beta-lyase/L-cysteine desulfhydrase/alanine racemase,946240,b3008
NP_417482,EBHIBJHK_01654,P0AA60,NP_417482.1,b3009,CDS,yghB,DedA family protein YghB,947490,b3009
NP_417483,EBHIBJHK_01653,Q46855,NP_417483.2,b3010,CDS,yqhC,DNA-binding transcriptional activator YqhC,947491,b3010
NP_417484,EBHIBJHK_01652,Q46856,NP_417484.1,b3011,CDS,yqhD,NADPH-dependent aldehyde reductase YqhD,947493,b3011
NP_417485,EBHIBJHK_01651,Q46857,NP_417485.4,b3012,CDS,dkgA,methylglyoxal reductase DkgA,947495,b3012
NP_417487,EBHIBJHK_01649,P65298,NP_417487.1,b3014,CDS,yqhH,lipoprotein YqhH,946832,b3014
NP_417489,EBHIBJHK_01647,P26648,NP_417489.1,b3017,CDS,ftsP,cell division protein FtsP,944982,b3017
NP_417490,EBHIBJHK_01646,P26647,NP_417490.1,b3018,CDS,plsC,1-acylglycerol-3-phosphate O-acyltransferase PlsC,947496,b3018
NP_417491,EBHIBJHK_01645,P0AFI2,NP_417491.1,b3019,CDS,parC,DNA topoisomerase IV subunit A,947499,b3019
NP_417492,EBHIBJHK_01644,Q46863,NP_417492.1,b3020,CDS,ygiS,putative deoxycholate binding periplasmic protein,947140,b3020
NP_417493,EBHIBJHK_01643,Q46864,NP_417493.1,b3021,CDS,mqsA,antitoxin of the MqsRA toxin-antitoxin system/DNA-binding transcriptional repressor MqsA,945814,b3021
NP_417494,EBHIBJHK_01642,Q46865,NP_417494.1,b3022,CDS,mqsR,mRNA interferase toxin MqsR,947500,b3022
NP_417496,EBHIBJHK_01640,P0ADU5,NP_417496.1,b3024,CDS,ygiW,BOF family protein YgiW,946051,b3024
NP_417497,EBHIBJHK_01639,P52076,NP_417497.1,b3025,CDS,qseB,DNA-binding transcriptional activator QseB,945369,b3025
NP_417498,EBHIBJHK_01638,P40719,NP_417498.1,b3026,CDS,qseC,sensor histidine kinase QseC,947174,b3026
NP_417500,EBHIBJHK_01637,P0AEY5,NP_417500.1,b3028,CDS,mdaB,NADPH:quinone oxidoreductase MdaB,947512,b3028
NP_417501,EBHIBJHK_01636,P0ADU2,NP_417501.1,b3029,CDS,ygiN,putative quinol monooxygenase YgiN,947506,b3029
NP_417502,EBHIBJHK_01635,P20083,NP_417502.1,b3030,CDS,parE,DNA topoisomerase IV subunit B,947501,b3030
NP_417503,EBHIBJHK_01634,P0A8Z7,NP_417503.1,b3031,CDS,yqiA,esterase YqiA,947488,b3031
NP_417504,EBHIBJHK_01633,P0AEW4,NP_417504.1,b3032,CDS,cpdA,cAMP phosphodiesterase,947515,b3032
NP_417505,EBHIBJHK_01632,P0ADU7,NP_417505.1,b3033,CDS,yqiB,DUF1249 domain-containing protein YqiB,947518,b3033
NP_417505,EBHIBJHK_01632,P0ADU7,NP_417505.1,b3033,CDS,yqiB,DUF1249 domain-containing protein YqiB,947518,b3033
NP_417505,EBHIBJHK_01632,P0ADU7,NP_417505.1,b3033,CDS,yqiB,DUF1249 domain-containing protein YqiB,947518,b3033
NP_417506,EBHIBJHK_01631,Q93K97,NP_417506.1,b3034,CDS,nudF,ADP-sugar pyrophosphatase,947519,b3034
NP_417507,EBHIBJHK_01630,P02930,NP_417507.2,b3035,CDS,tolC,outer membrane channel TolC,947521,b3035
NP_417509,EBHIBJHK_01629,P0ADT2,NP_417509.3,b3037,CDS,ygiB,DUF1190 domain-containing protein YgiB,945086,b3037
NP_417510,EBHIBJHK_01628,P0ADT5,NP_417510.1,b3038,CDS,ygiC,putative acid--amine ligase YgiC,947249,b3038
NP_417511,EBHIBJHK_01627,P24197,NP_417511.3,b3039,CDS,ygiD,"4,5-DOPA dioxygenase extradiol",946447,b3039
NP_417512,EBHIBJHK_01626,P0A8H3,NP_417512.1,b3040,CDS,zupT,divalent metal ion transporter ZupT,947035,b3040
NP_417513,EBHIBJHK_01624,P0A7J0,NP_417513.1,b3041,CDS,ribB,"3,4-dihydroxy-2-butanone-4-phosphate synthase",947526,b3041
NP_417514,EBHIBJHK_01623,Q46868,NP_417514.4,b3042,CDS,ubiK,ubiquinone biosynthesis accessory factor UbiK,947524,b3042
NP_417515,EBHIBJHK_01622,P39834,NP_417515.1,b3043,CDS,ygiL,putative fimbrial protein YgiL,947522,b3043
NP_417516,EBHIBJHK_04813,P0CF44,NP_417516.3,b3044,CDS,insC5,IS2 insertion element repressor InsA,947520,b3044
NP_417517,EBHIBJHK_03351,P0CF57,NP_417517.1,b3045,CDS,insD5,IS2 insertion element protein InsB,947517,b3045
NP_417517,EBHIBJHK_04814,P0CF57,NP_417517.1,b3045,CDS,insD5,IS2 insertion element protein InsB,947517,b3045
NP_417519,EBHIBJHK_01620,P77616,NP_417519.4,b3047,CDS,yqiH,putative fimbrial chaperone YqiH,947531,b3047
NP_417520,EBHIBJHK_01619,P76656,NP_417520.1,b3048,CDS,yqiI,putative fimbrial protein YqiI,947535,b3048
NP_417521,EBHIBJHK_01618,P26649,NP_417521.1,b3049,CDS,glgS,surface composition regulator,947533,b3049
NP_417522,EBHIBJHK_01617,P76657,NP_417522.1,b3050,CDS,yqiJ,DUF1449 domain-containing inner membrane protein YqiJ,947530,b3050
NP_417523,EBHIBJHK_01616,P77306,NP_417523.1,b3051,CDS,yqiK,flotillin family inner membrane protein YqiK,947537,b3051
NP_417524,EBHIBJHK_01615,P76658,NP_417524.1,b3052,CDS,hldE,fused heptose 7-phosphate kinase/heptose 1-phosphate adenyltransferase,947548,b3052
NP_417525,EBHIBJHK_01614,P30870,NP_417525.1,b3053,CDS,glnE,fused glutamine synthetase deadenylase/glutamine synthetase adenylyltransferase,947552,b3053
NP_417526,EBHIBJHK_01613,P30871,NP_417526.1,b3054,CDS,ygiF,inorganic triphosphatase,947554,b3054
NP_417527,EBHIBJHK_01612,P0ADT8,NP_417527.1,b3055,CDS,ygiM,putative signal transduction protein (SH3 domain),947555,b3055
NP_417528,EBHIBJHK_01611,P06961,NP_417528.1,b3056,CDS,cca,fused CCA tRNA nucleotidyltransferase/phosphohydrolase,947553,b3056
NP_417529,EBHIBJHK_01610,P60932,NP_417529.1,b3057,CDS,bacA,undecaprenyl pyrophosphate phosphatase,947551,b3057
NP_417530,EBHIBJHK_01609,P0AC16,NP_417530.2,b3058,CDS,folB,dihydroneopterin aldolase,947544,b3058
NP_417531,EBHIBJHK_01608,P60782,NP_417531.1,b3059,CDS,plsY,putative glycerol-3-phosphate acyltransferase,947561,b3059
NP_417532,EBHIBJHK_01607,P45463,NP_417532.1,b3060,CDS,ttdR,DNA-binding transcriptional activator Dan,947562,b3060
NP_417533,EBHIBJHK_01606,P05847,NP_417533.1,b3061,CDS,ttdA,L(+)-tartrate dehydratase subunit alpha,947565,b3061
NP_417534,EBHIBJHK_01605,P0AC35,NP_417534.1,b3062,CDS,ttdB,L(+)-tartrate dehydratase subunit beta,947568,b3062
NP_417535,EBHIBJHK_01604,P39414,NP_417535.1,b3063,CDS,ttdT,L-tartrate:succinate antiporter,947576,b3063
NP_417536,EBHIBJHK_01603,P05852,NP_417536.1,b3064,CDS,tsaD,"N(6)-L-threonylcarbamoyladenine synthase, TsaD subunit",947578,b3064
NP_417537,EBHIBJHK_01602,P68679,NP_417537.1,b3065,CDS,rpsU,30S ribosomal subunit protein S21,947577,b3065
NP_417538,EBHIBJHK_01601,P0ABS5,NP_417538.1,b3066,CDS,dnaG,DNA primase,947570,b3066
NP_417539,EBHIBJHK_01600,P00579,NP_417539.1,b3067,CDS,rpoD,RNA polymerase sigma factor RpoD,947567,b3067
NP_417540,EBHIBJHK_01599,P0A9H1,NP_417540.1,b3068,CDS,mug,stationary phase mismatch/uracil DNA glycosylase,947560,b3068
NP_417541,EBHIBJHK_03360,Q46871,NP_417541.1,b3070,CDS,nfeF,NADPH-dependent ferric-chelate reductase,947582,b3070
NP_417542,EBHIBJHK_03361,P64588,NP_417542.1,b3071,CDS,nfeR,DNA-binding transcriptional repressor NfeR,947584,b3071
NP_417543,EBHIBJHK_03362,P50466,NP_417543.1,b3072,CDS,aer,aerotaxis receptor,945301,b3072
NP_417544,EBHIBJHK_03363,P42588,NP_417544.5,b3073,CDS,patA,putrescine aminotransferase,947120,b3073
NP_417545,EBHIBJHK_03364,P42589,NP_417545.1,b3074,CDS,ygjH,putative tRNA-binding protein YgjH,946251,b3074
NP_417546,EBHIBJHK_03365,P06846,NP_417546.1,b3075,CDS,ebgR,DNA-binding transcriptional repressor EbgR,947586,b3075
NP_417548,EBHIBJHK_03367,P0AC73,NP_417548.1,b3077,CDS,ebgC,DUF386 domain-containing evolved beta-D-galactosidase subunit beta,947581,b3077
NP_417550,EBHIBJHK_03369,P42591,NP_417550.1,b3079,CDS,ygjJ,protein YgjJ,947597,b3079
NP_417551,EBHIBJHK_03370,P42592,NP_417551.1,b3080,CDS,ygjK,glycoside hydrolase,947596,b3080
NP_417552,EBHIBJHK_03371,P42593,NP_417552.1,b3081,CDS,fadH,"2,4-dienoyl-CoA reductase",947594,b3081
NP_417555,EBHIBJHK_03372,P42596,NP_417555.4,b3084,CDS,rlmG,23S rRNA m(2)G1835 methyltransferase,947589,b3084
NP_417556,EBHIBJHK_03373,P42597,NP_417556.2,b3085,CDS,ygjP,putative metal-dependent hydrolase,947650,b3085
NP_417557,EBHIBJHK_03374,P42598,NP_417557.1,b3086,CDS,ygjQ,DUF218 domain-containing protein YgjQ,947598,b3086
NP_417558,EBHIBJHK_03375,P42599,NP_417558.2,b3087,CDS,ygjR,putative oxidoreductase YgjR,947600,b3087
NP_417560,EBHIBJHK_03378,P0AGE4,NP_417560.1,b3089,CDS,sstT,serine/threonine:Na(+) symporter,947605,b3089
NP_417561,EBHIBJHK_03379,P42603,NP_417561.1,b3090,CDS,ygjV,inner membrane protein,947604,b3090
NP_417562,EBHIBJHK_03380,P42604,NP_417562.1,b3091,CDS,uxaA,D-altronate dehydratase,947603,b3091
NP_417563,EBHIBJHK_03381,P0A8G3,NP_417563.1,b3092,CDS,uxaC,D-glucoronate/D-galacturonate isomerase,947599,b3092
NP_417564,EBHIBJHK_03382,P0AA78,NP_417564.2,b3093,CDS,exuT,hexuronate transporter,947601,b3093
NP_417565,EBHIBJHK_03383,P0ACL2,NP_417565.2,b3094,CDS,exuR,DNA-binding transcriptional repressor ExuR,947602,b3094
NP_417566,EBHIBJHK_03384,P0AA63,NP_417566.1,b3095,CDS,yqjA,DedA family protein YqjA,947643,b3095
NP_417567,EBHIBJHK_03385,P42615,NP_417567.1,b3096,CDS,mzrA,modulator protein MzrA,947619,b3096
NP_417568,EBHIBJHK_03386,P42616,NP_417568.2,b3097,CDS,yqjC,DUF1090 domain-containing protein YqjC,947622,b3097
NP_417569,EBHIBJHK_03387,P64581,NP_417569.1,b3098,CDS,yqjD,ribosome- and membrane-associated DUF883 domain-containing protein YqjD,947614,b3098
NP_417570,EBHIBJHK_03388,P64585,NP_417570.1,b3099,CDS,yqjE,inner membrane protein YqjE,947611,b3099
NP_417571,EBHIBJHK_03389,Q47710,NP_417571.1,b3100,CDS,yqjK,PF13997 family protein YqjK,947610,b3100
NP_417572,EBHIBJHK_03390,P42619,NP_417572.2,b3101,CDS,yqjF,DoxX family protein,947608,b3101
NP_417573,EBHIBJHK_03391,P42620,NP_417573.1,b3102,CDS,yqjG,glutathionyl-hydroquinone reductase YqjG,947615,b3102
NP_417574,EBHIBJHK_01301,P64590,NP_417574.1,b3103,CDS,yhaH,putative inner membrane protein,947617,b3103
NP_417575,EBHIBJHK_01300,P64592,NP_417575.1,b3104,CDS,yhaI,putative inner membrane protein,947612,b3104
NP_417576,EBHIBJHK_01299,P67660,NP_417576.1,b3105,CDS,yhaJ,DNA-binding transcriptional activator YhaJ,947621,b3105
NP_417577,EBHIBJHK_01298,P42624,NP_417577.1,b3106,CDS,yhaK,bicupin-related protein,947620,b3106
NP_417578,EBHIBJHK_01297,P42625,NP_417578.2,b3107,CDS,yhaL,uncharacterized protein YhaL,947618,b3107
NP_417583,EBHIBJHK_01293,P0AGL2,NP_417583.4,b3113,CDS,tdcF,putative enamine/imine deaminase,947624,b3113
NP_417585,EBHIBJHK_01291,P11868,NP_417585.2,b3115,CDS,tdcD,propionate kinase,947635,b3115
NP_417586,EBHIBJHK_01290,P0AAD8,NP_417586.1,b3116,CDS,tdcC,threonine/serine:H(+) symporter,947629,b3116
NP_417587,EBHIBJHK_01289,P0AGF6,NP_417587.1,b3117,CDS,tdcB,catabolic threonine dehydratase,947633,b3117
NP_417588,EBHIBJHK_01288,P0ACQ7,NP_417588.1,b3118,CDS,tdcA,DNA-binding transcriptional activator TdcA,947494,b3118
NP_417589,EBHIBJHK_01287,P11866,NP_417589.4,b3119,CDS,tdcR,DNA-binding transcriptional activator TdcR,944907,b3119
NP_417590,EBHIBJHK_01286,P11865,NP_417590.2,b3120,CDS,yhaB,protein YhaB,947705,b3120
NP_417591,EBHIBJHK_01285,P11864,NP_417591.1,b3121,CDS,yhaC,uncharacterized protein YhaC,947557,b3121
NP_417593,EBHIBJHK_01284,P23524,NP_417593.4,b3124,CDS,garK,glycerate 2-kinase 1,947632,b3124
NP_417594,EBHIBJHK_01283,P0ABQ2,NP_417594.3,b3125,CDS,garR,tartronate semialdehyde reductase,947631,b3125
NP_417595,EBHIBJHK_01282,P23522,NP_417595.1,b3126,CDS,garL,alpha-dehydro-beta-deoxy-D-glucarate aldolase,947630,b3126
NP_417596,EBHIBJHK_01281,P0AA80,NP_417596.1,b3127,CDS,garP,galactarate/D-glucarate transporter GarP,947642,b3127
NP_417597,EBHIBJHK_01280,P39829,NP_417597.1,b3128,CDS,garD,GarD,947641,b3128
NP_417598,EBHIBJHK_01279,P15373,NP_417598.1,b3129,CDS,prlF,antitoxin PrlF,947639,b3129
NP_417599,EBHIBJHK_01278,P64594,NP_417599.1,b3130,CDS,yhaV,ribosome-dependent mRNA interferase toxin YhaV,947638,b3130
NP_417600,EBHIBJHK_01277,P0ACK2,NP_417600.1,b3131,CDS,agaR,DNA-binding transcriptional repressor AgaR,947636,b3131
NP_417601,EBHIBJHK_01276,P0C8K0,NP_417601.1,b3132,CDS,kbaZ,"putative tagatose-1,6-bisphosphate aldolase 1 chaperone",947637,b3132
NP_417602,EBHIBJHK_01275,P42904,NP_417602.4,b3133,CDS,agaV,N-acetyl-D-galactosamine specific PTS enzyme IIB component,947648,b3133
NP_417605,EBHIBJHK_01270,P42907,NP_417605.1,b3136,CDS,agaS,putative galactosamine-6-phosphate deaminase/isomerase,947645,b3136
NP_417606,EBHIBJHK_01269,P0AB74,NP_417606.1,b3137,CDS,kbaY,"tagatose-1,6-bisphosphate aldolase 1",947644,b3137
NP_417607,EBHIBJHK_01268,P42909,NP_417607.1,b3138,CDS,agaB,galactosamine-specific PTS enzyme IIB component,947653,b3138
NP_417608,EBHIBJHK_01267,P42910,NP_417608.1,b3139,CDS,agaC,galactosamine-specific PTS enzyme IIC component,947652,b3139
NP_417609,EBHIBJHK_01266,P42911,NP_417609.1,b3140,CDS,agaD,galactosamine-specific PTS enzyme IID component,947649,b3140
NP_417610,EBHIBJHK_01265,P42912,NP_417610.1,b3141,CDS,agaI,putative deaminase AgaI,947985,b3141
NP_417615,EBHIBJHK_01264,P67087,NP_417615.1,b3146,CDS,rsmI,16S rRNA 2'-O-ribose C1402 methyltransferase,947664,b3146
NP_417616,EBHIBJHK_01263,P45464,NP_417616.1,b3147,CDS,lpoA,outer membrane lipoprotein - activator of MrcA activity,947663,b3147
NP_417617,EBHIBJHK_01262,P45465,NP_417617.1,b3148,CDS,yraN,PF02021 family protein YraN,947662,b3148
NP_417618,EBHIBJHK_01261,P66817,NP_417618.1,b3149,CDS,diaA,DnaA initiator-associating protein DiaA,947661,b3149
NP_417619,EBHIBJHK_01260,P64596,NP_417619.1,b3150,CDS,dolP,division and outer membrane stress-associated lipid-binding lipoprotein,947659,b3150
NP_417620,EBHIBJHK_01259,P45468,NP_417620.1,b3151,CDS,yraQ,permease family protein YraQ,947668,b3151
NP_417621,EBHIBJHK_01258,P45469,NP_417621.2,b3152,CDS,yraR,putative nucleoside-diphosphate-sugar epimerase,947667,b3152
NP_417622,EBHIBJHK_01257,P45470,NP_417622.2,b3153,CDS,yhbO,protein/nucleic acid deglycase 2,947666,b3153
NP_417623,EBHIBJHK_01256,P67762,NP_417623.1,b3154,CDS,yhbP,putative FMN binding protein YhbP,947665,b3154
NP_417624,EBHIBJHK_01255,P45472,NP_417624.1,b3155,CDS,yhbQ,DNA damage response nuclease YhbQ,947671,b3155
NP_417625,EBHIBJHK_01254,P63417,NP_417625.1,b3156,CDS,yhbS,putative N-acetyltransferase YhbS,947670,b3156
NP_417626,EBHIBJHK_01253,P64599,NP_417626.1,b3157,CDS,ubiT,anaerobic ubiquinone biosynthesis accessory factor UbiT,947669,b3157
NP_417627,EBHIBJHK_01252,P45527,NP_417627.1,b3158,CDS,ubiU,ubiquinone biosynthesis protein UbiU,949115,b3158
NP_417628,EBHIBJHK_01251,P45475,NP_417628.2,b3159,CDS,ubiV,ubiquinone biosynthesis protein UbiV,949117,b3159
NP_417629,EBHIBJHK_01250,P0ADV5,NP_417629.1,b3160,CDS,yhbW,putative luciferase-like monooxygenase YhbW,947677,b3160
NP_417630,EBHIBJHK_01249,P0AAD2,NP_417630.1,b3161,CDS,mtr,tryptophan:H(+) symporter Mtr,947675,b3161
NP_417631,EBHIBJHK_01248,P0A9P6,NP_417631.2,b3162,CDS,deaD,ATP-dependent RNA helicase DeaD,947674,b3162
NP_417632,EBHIBJHK_01247,P0AFB1,NP_417632.1,b3163,CDS,nlpI,lipoprotein NlpI,947673,b3163
NP_417633,EBHIBJHK_01246,P05055,NP_417633.4,b3164,CDS,pnp,polynucleotide phosphorylase,947672,b3164
NP_417634,EBHIBJHK_01245,P0ADZ4,NP_417634.1,b3165,CDS,rpsO,30S ribosomal subunit protein S15,947686,b3165
NP_417635,EBHIBJHK_01244,P60340,NP_417635.1,b3166,CDS,truB,tRNA pseudouridine(55) synthase,947687,b3166
NP_417636,EBHIBJHK_01243,P0A7G2,NP_417636.1,b3167,CDS,rbfA,30S ribosome binding factor,947685,b3167
NP_417637,EBHIBJHK_01242,P0A705-1,NP_417637.1,b3168,CDS,infB,translation initiation factor IF-2beta',947684,b3168
NP_417638,EBHIBJHK_01241,P0AFF6,NP_417638.1,b3169,CDS,nusA,transcription termination/antitermination protein NusA,947682,b3169
NP_417639,EBHIBJHK_01240,P0A8A8,NP_417639.6,b3170,CDS,rimP,ribosome maturation factor RimP,947680,b3170
NP_417640,EBHIBJHK_01238,P0A6E4,NP_417640.1,b3172,CDS,argG,argininosuccinate synthetase,947590,b3172
NP_417641,EBHIBJHK_01237,P42640,NP_417641.4,b3173,CDS,yhbX,putative hydrolase YhbX,947711,b3173
NP_417642,EBHIBJHK_01235,P0AG99,NP_417642.1,b3175,CDS,secG,Sec translocon subunit SecG,947720,b3175
NP_417643,EBHIBJHK_01234,P31120,NP_417643.1,b3176,CDS,glmM,phosphoglucosamine mutase,947692,b3176
NP_417644,EBHIBJHK_01233,P0AC13,NP_417644.4,b3177,CDS,folP,dihydropteroate synthase,947691,b3177
NP_417645,EBHIBJHK_01232,P0AAI3,NP_417645.1,b3178,CDS,ftsH,ATP-dependent zinc metalloprotease FtsH,947690,b3178
NP_417646,EBHIBJHK_01231,P0C0R7,NP_417646.1,b3179,CDS,rlmE,23S rRNA 2'-O-ribose U2552 methyltransferase,947689,b3179
NP_417647,EBHIBJHK_01230,P0AGK4,NP_417647.1,b3180,CDS,yhbY,ribosome assembly factor YhbY,947688,b3180
NP_417648,EBHIBJHK_01229,P0A6W5,NP_417648.4,b3181,CDS,greA,transcription elongation factor GreA,947696,b3181
NP_417649,EBHIBJHK_01228,P24228,NP_417649.1,b3182,CDS,dacB,peptidoglycan DD-endopeptidase DacB,947693,b3182
NP_417650,EBHIBJHK_01227,P42641,NP_417650.1,b3183,CDS,obgE,GTPase ObgE,947694,b3183
NP_417651,EBHIBJHK_01226,P0AA73,NP_417651.1,b3184,CDS,yhbE,putative transporter YhbE,947699,b3184
NP_417652,EBHIBJHK_01225,P0A7L8,NP_417652.1,b3185,CDS,rpmA,50S ribosomal subunit protein L27,945190,b3185
NP_417653,EBHIBJHK_01224,P0AG48,NP_417653.1,b3186,CDS,rplU,50S ribosomal subunit protein L21,949057,b3186
NP_417654,EBHIBJHK_01223,P0AD57,NP_417654.1,b3187,CDS,ispB,all-trans-octaprenyl-diphosphate synthase,947364,b3187
NP_417655,EBHIBJHK_01222,P0ACH1,NP_417655.1,b3188,CDS,sfsB,putative transcriptional regulator SfsB,947960,b3188
NP_417656,EBHIBJHK_01221,P0A749,NP_417656.1,b3189,CDS,murA,UDP-N-acetylglucosamine 1-carboxyvinyltransferase,947703,b3189
NP_417657,EBHIBJHK_01220,P0A9W6,NP_417657.2,b3190,CDS,ibaG,acid stress protein IbaG,947958,b3190
NP_417658,EBHIBJHK_01219,P64602,NP_417658.4,b3191,CDS,mlaB,intermembrane phospholipid transport system protein MlaB,947954,b3191
NP_417659,EBHIBJHK_01218,P0ADV7,NP_417659.1,b3192,CDS,mlaC,intermembrane phospholipid transport system - periplasmic binding protein,947710,b3192
NP_417660,EBHIBJHK_01217,P64604,NP_417660.1,b3193,CDS,mlaD,"intermembrane phospholipid transport system, substrate binding protein MlaD",947712,b3193
NP_417661,EBHIBJHK_01216,P64606,NP_417661.1,b3194,CDS,mlaE,"intermembrane phospholipid transport system, integral membrane subunit MlaE",947732,b3194
NP_417662,EBHIBJHK_01215,P63386,NP_417662.1,b3195,CDS,mlaF,"intermembrane phospholipid transport system, ATP binding subunit MlaF",947729,b3195
NP_417663,EBHIBJHK_01214,P45394,NP_417663.1,b3196,CDS,yrbG,putative transport protein YrbG,947730,b3196
NP_417664,EBHIBJHK_01213,P45395,NP_417664.1,b3197,CDS,kdsD,D-arabinose 5-phosphate isomerase KdsD,947734,b3197
NP_417665,EBHIBJHK_01212,P0ABZ4,NP_417665.1,b3198,CDS,kdsC,3-deoxy-D-manno-octulosonate 8-phosphate phosphatase KdsC,947717,b3198
NP_417666,EBHIBJHK_01211,P0ADV9,NP_417666.1,b3199,CDS,lptC,lipopolysaccharide transport system protein LptC,947722,b3199
NP_417667,EBHIBJHK_01210,P0ADV1,NP_417667.1,b3200,CDS,lptA,lipopolysaccharide transport system protein LptA,947920,b3200
NP_417668,EBHIBJHK_01209,P0A9V1,NP_417668.1,b3201,CDS,lptB,lipopolysaccharide transport system ATP binding protein LptB,947725,b3201
NP_417669,EBHIBJHK_01208,P24255,NP_417669.1,b3202,CDS,rpoN,RNA polymerase sigma factor RpoN,947714,b3202
NP_417670,EBHIBJHK_01207,P0AFX0,NP_417670.1,b3203,CDS,hpf,ribosome hibernation-promoting factor,947718,b3203
NP_417671,EBHIBJHK_01206,P69829,NP_417671.1,b3204,CDS,ptsN,phosphotransferase system enzyme IIA(Ntr),947721,b3204
NP_417672,EBHIBJHK_01205,P0A894,NP_417672.1,b3205,CDS,rapZ,RNase adaptor protein RapZ,947727,b3205
NP_417673,EBHIBJHK_01204,P0A9N0,NP_417673.1,b3206,CDS,npr,phosphorelay protein NPr,947914,b3206
NP_417674,EBHIBJHK_01203,P64610,NP_417674.1,b3207,CDS,yrbL,protein kinase-like domain-containing protein YrbL,947910,b3207
NP_417675,EBHIBJHK_01202,P46022,NP_417675.1,b3208,CDS,mtgA,peptidoglycan glycosyltransferase MtgA,947728,b3208
NP_417676,EBHIBJHK_01201,P0ABU5,NP_417676.2,b3209,CDS,elbB,low activity glyoxalase ElbB,947903,b3209
NP_417678,EBHIBJHK_01199,P0ADW6,NP_417678.1,b3211,CDS,yhcC,radical SAM family oxidoreductase YhcC,947733,b3211
NP_417679,EBHIBJHK_01198,P09831,NP_417679.2,b3212,CDS,gltB,glutamate synthase subunit GltB,947724,b3212
NP_417680,EBHIBJHK_01197,P09832,NP_417680.1,b3213,CDS,gltD,glutamate synthase subunit GltD,947723,b3213
NP_417687,EBHIBJHK_01196,P45423,NP_417687.1,b3220,CDS,yhcG,DUF1016 domain-containing protein YhcG,947739,b3220
NP_417688,EBHIBJHK_01195,P45424,NP_417688.1,b3221,CDS,nanQ,N-acetylneuraminate anomerase,947750,b3221
NP_417689,EBHIBJHK_01194,P45425,NP_417689.4,b3222,CDS,nanK,N-acetylmannosamine kinase,947757,b3222
NP_417690,EBHIBJHK_01193,P0A761,NP_417690.1,b3223,CDS,nanE,putative N-acetylmannosamine-6-phosphate 2-epimerase,947745,b3223
NP_417691,EBHIBJHK_01192,P41036,NP_417691.4,b3224,CDS,nanT,N-acetylneuraminate:H(+) symporter,947740,b3224
NP_417692,EBHIBJHK_01191,P0A6L4,NP_417692.1,b3225,CDS,nanA,N-acetylneuraminate lyase,947742,b3225
NP_417693,EBHIBJHK_01190,P0A8W0,NP_417693.3,b3226,CDS,nanR,NanR,945468,b3226
NP_417694,EBHIBJHK_01189,P45428,NP_417694.1,b3227,CDS,dcuD,putative transporter DcuD,946575,b3227
NP_417695,EBHIBJHK_01188,P0AFZ3,NP_417695.1,b3228,CDS,sspB,ClpXP protease specificity-enhancing factor,944774,b3228
NP_417696,EBHIBJHK_01187,P0ACA3,NP_417696.1,b3229,CDS,sspA,stringent starvation protein A,944744,b3229
NP_417697,EBHIBJHK_01186,P0A7X3,NP_417697.1,b3230,CDS,rpsI,30S ribosomal subunit protein S9,949000,b3230
NP_417698,EBHIBJHK_01185,P0AA10,NP_417698.1,b3231,CDS,rplM,50S ribosomal subunit protein L13,947828,b3231
NP_417699,EBHIBJHK_01184,P64612,NP_417699.1,b3232,CDS,zapE,cell division protein ZapE,947821,b3232
NP_417700,EBHIBJHK_01183,P0ADW3,NP_417700.2,b3233,CDS,zapG,Z-ring associated protein G,947815,b3233
NP_417701,EBHIBJHK_01182,P39099,NP_417701.1,b3234,CDS,degQ,periplasmic serine endoprotease,947812,b3234
NP_417702,EBHIBJHK_01181,P0AEE3,NP_417702.1,b3235,CDS,degS,serine endoprotease,947865,b3235
NP_417703,EBHIBJHK_01180,P61889,NP_417703.1,b3236,CDS,mdh,malate dehydrogenase,947854,b3236
NP_417704,EBHIBJHK_01179,P0A6D0,NP_417704.1,b3237,CDS,argR,DNA-binding transcriptional dual regulator ArgR,947861,b3237
NP_417705,EBHIBJHK_01178,P64614,NP_417705.2,b3238,CDS,yhcN,DUF1471 domain-containing stress-induced protein YhcN,947835,b3238
NP_417706,EBHIBJHK_01177,P64616,NP_417706.1,b3239,CDS,yhcO,putative barnase inhibitor,947830,b3239
NP_417707,EBHIBJHK_01176,P46481,NP_417707.1,b3240,CDS,aaeB,aromatic carboxylic acid efflux pump subunit AaeB,947747,b3240
NP_417708,EBHIBJHK_01175,P46482,NP_417708.1,b3241,CDS,aaeA,aromatic carboxylic acid efflux pump membrane fusion protein,947748,b3241
NP_417709,EBHIBJHK_01174,P46478,NP_417709.2,b3242,CDS,aaeX,DUF1656 domain-containing protein AaeX,947751,b3242
NP_417710,EBHIBJHK_01173,P67662,NP_417710.1,b3243,CDS,aaeR,DNA-binding transcriptional activator AaeR,947760,b3243
NP_417711,EBHIBJHK_01172,P0AGG8,NP_417711.1,b3244,CDS,tldD,metalloprotease subunit TldD,947749,b3244
NP_417713,EBHIBJHK_01170,P0A9J0,NP_417713.2,b3247,CDS,rng,RNase G,947744,b3247
NP_417714,EBHIBJHK_01169,P25536,NP_417714.1,b3248,CDS,yhdE,nucleoside triphosphate pyrophosphatase YhdE,947753,b3248
NP_417715,EBHIBJHK_01168,P0ABH4,NP_417715.1,b3249,CDS,mreD,cell shape determining protein MreD,947756,b3249
NP_417716,EBHIBJHK_01167,P16926,NP_417716.1,b3250,CDS,mreC,cell shape determining protein MreC,947655,b3250
NP_417717,EBHIBJHK_01166,P0A9X4,NP_417717.2,b3251,CDS,mreB,dynamic cytoskeletal protein MreB,948588,b3251
NP_417718,EBHIBJHK_01165,P13518,NP_417718.1,b3252,CDS,csrD,regulator of CsrB and CsrC decay,947702,b3252
NP_417719,EBHIBJHK_01164,P26646,NP_417719.1,b3253,CDS,yhdH,acrylyl-CoA reductase,947848,b3253
NP_417721,EBHIBJHK_01163,P0ABD8,NP_417721.1,b3255,CDS,accB,biotin carboxyl carrier protein,947758,b3255
NP_417722,EBHIBJHK_01162,P24182,NP_417722.1,b3256,CDS,accC,biotin carboxylase,947761,b3256
NP_417723,EBHIBJHK_01161,P45566,NP_417723.1,b3257,CDS,yhdT,DUF997 domain-containing protein YhdT,947762,b3257
NP_417724,EBHIBJHK_01160,P16256,NP_417724.4,b3258,CDS,panF,pantothenate:Na(+) symporter,947752,b3258
NP_417725,EBHIBJHK_01159,P0A8T1,NP_417725.1,b3259,CDS,prmA,ribosomal protein L11 methyltransferase,947708,b3259
NP_417726,EBHIBJHK_01158,P0ABT5,NP_417726.1,b3260,CDS,dusB,tRNA-dihydrouridine synthase B,947707,b3260
NP_417727,EBHIBJHK_01157,P0A6R3,NP_417727.1,b3261,CDS,fis,DNA-binding transcriptional dual regulator Fis,947697,b3261
NP_417728,EBHIBJHK_01156,P28638,NP_417728.4,b3262,CDS,yhdJ,DNA adenine methyltransferase,947695,b3262
NP_417729,EBHIBJHK_01155,P64619,NP_417729.1,b3263,CDS,yhdU,DUF2556 domain-containing protein YhdU,947700,b3263
NP_417730,EBHIBJHK_01154,P0ACT2,NP_417730.1,b3264,CDS,envR,DNA-binding transcriptional repressor EnvR,947704,b3264
NP_417731,EBHIBJHK_01153,P24180,NP_417731.1,b3265,CDS,acrE,multidrug efflux pump membrane fusion lipoprotein AcrE,947706,b3265
NP_417732,EBHIBJHK_01152,P24181,NP_417732.1,b3266,CDS,acrF,multidrug efflux pump RND permease AcrF,947768,b3266
NP_417733,EBHIBJHK_01150,P64622,NP_417733.1,b3267,CDS,yhdV,lipoprotein YhdV,947767,b3267
NP_417736,EBHIBJHK_01147,P45768,NP_417736.2,b3270,CDS,yhdY,putative ABC transporter membrane subunit YhdY,947764,b3270
NP_417737,EBHIBJHK_01146,P45769,NP_417737.1,b3271,CDS,yhdZ,putative ABC transporter ATP-binding subunit YhdZ,947763,b3271
NP_417738,EBHIBJHK_04418,P0A9W9,NP_417738.4,b3279,CDS,yrdA,hexapeptide repeat-containing protein YrdA,947775,b3279
NP_417739,EBHIBJHK_04417,P45795,NP_417739.1,b3280,CDS,yrdB,DUF1488 domain-containing protein YrdB,947774,b3280
NP_417740,EBHIBJHK_04416,P15770,NP_417740.1,b3281,CDS,aroE,shikimate dehydrogenase,947776,b3281
NP_417741,EBHIBJHK_04415,P45748,NP_417741.1,b3282,CDS,tsaC,L-threonylcarbamoyladenylate synthase,947783,b3282
NP_417743,EBHIBJHK_04413,P0A828,NP_417743.1,b3284,CDS,smg,DUF494 domain-containing protein Smg,947781,b3284
NP_417745,EBHIBJHK_04411,P0A6K3,NP_417745.1,b3287,CDS,def,peptide deformylase,947780,b3287
NP_417746,EBHIBJHK_04410,P23882,NP_417746.1,b3288,CDS,fmt,10-formyltetrahydrofolate:L-methionyl-tRNA(fMet) N-formyltransferase,947779,b3288
NP_417747,EBHIBJHK_04409,P36929,NP_417747.1,b3289,CDS,rsmB,16S rRNA m(5)C967 methyltransferase,947789,b3289
NP_417748,EBHIBJHK_04408,P0AGI8,NP_417748.1,b3290,CDS,trkA,NAD-binding component of Trk potassium transporters,947788,b3290
NP_417749,EBHIBJHK_04407,P0A742,NP_417749.1,b3291,CDS,mscL,large conductance mechanosensitive channel,947787,b3291
NP_417751,EBHIBJHK_04405,P0ACS5,NP_417751.1,b3292,CDS,zntR,DNA-binding transcriptional activator ZntR,947786,b3292
NP_417752,EBHIBJHK_04404,P36677,NP_417752.1,b3293,CDS,yhdN,DUF1992 domain-containing protein YhdN,947785,b3293
NP_417753,EBHIBJHK_04403,P0AG44,NP_417753.1,b3294,CDS,rplQ,50S ribosomal subunit protein L17,947784,b3294
NP_417754,EBHIBJHK_04402,P0A7Z4,NP_417754.1,b3295,CDS,rpoA,RNA polymerase subunit alpha,947794,b3295
NP_417755,EBHIBJHK_04401,P0A7V8,NP_417755.1,b3296,CDS,rpsD,30S ribosomal subunit protein S4,947793,b3296
NP_417756,EBHIBJHK_04400,P0A7R9,NP_417756.1,b3297,CDS,rpsK,30S ribosomal subunit protein S11,947792,b3297
NP_417757,EBHIBJHK_04399,P0A7S9,NP_417757.1,b3298,CDS,rpsM,30S ribosomal subunit protein S13,947791,b3298
NP_417758,EBHIBJHK_04398,P0A7Q6,NP_417758.1,b3299,CDS,rpmJ,50S ribosomal subunit protein L36,947805,b3299
NP_417759,EBHIBJHK_04397,P0AGA2,NP_417759.1,b3300,CDS,secY,Sec translocon subunit SecY,947799,b3300
NP_417760,EBHIBJHK_04396,P02413,NP_417760.1,b3301,CDS,rplO,50S ribosomal subunit protein L15,947798,b3301
NP_417761,EBHIBJHK_04395,P0AG51,NP_417761.1,b3302,CDS,rpmD,50S ribosomal subunit protein L30,947797,b3302
NP_417762,EBHIBJHK_04394,P0A7W1,NP_417762.1,b3303,CDS,rpsE,30S ribosomal subunit protein S5,947795,b3303
NP_417763,EBHIBJHK_04393,P0C018,NP_417763.1,b3304,CDS,rplR,50S ribosomal subunit protein L18,947804,b3304
NP_417764,EBHIBJHK_04392,P0AG55,NP_417764.1,b3305,CDS,rplF,50S ribosomal subunit protein L6,947803,b3305
NP_417765,EBHIBJHK_04391,P0A7W7,NP_417765.1,b3306,CDS,rpsH,30S ribosomal subunit protein S8,947802,b3306
NP_417766,EBHIBJHK_04390,P0AG59,NP_417766.1,b3307,CDS,rpsN,30S ribosomal subunit protein S14,947801,b3307
NP_417767,EBHIBJHK_04389,P62399,NP_417767.1,b3308,CDS,rplE,50S ribosomal subunit protein L5,947800,b3308
NP_417768,EBHIBJHK_04388,P60624,NP_417768.1,b3309,CDS,rplX,50S ribosomal subunit protein L24,947810,b3309
NP_417769,EBHIBJHK_04387,P0ADY3,NP_417769.1,b3310,CDS,rplN,50S ribosomal subunit protein L14,947809,b3310
NP_417770,EBHIBJHK_04386,P0AG63,NP_417770.1,b3311,CDS,rpsQ,30S ribosomal subunit protein S17,947808,b3311
NP_417771,EBHIBJHK_04385,P0A7M6,NP_417771.1,b3312,CDS,rpmC,50S ribosomal subunit protein L29,947807,b3312
NP_417772,EBHIBJHK_04384,P0ADY7,NP_417772.1,b3313,CDS,rplP,50S ribosomal subunit protein L16,947806,b3313
NP_417773,EBHIBJHK_04383,P0A7V3,NP_417773.1,b3314,CDS,rpsC,30S ribosomal subunit protein S3,947814,b3314
NP_417774,EBHIBJHK_04382,P61175,NP_417774.1,b3315,CDS,rplV,50S ribosomal subunit protein L22,947813,b3315
NP_417775,EBHIBJHK_04381,P0A7U3,NP_417775.1,b3316,CDS,rpsS,30S ribosomal subunit protein S19,947811,b3316
NP_417776,EBHIBJHK_04380,P60422,NP_417776.1,b3317,CDS,rplB,50S ribosomal subunit protein L2,947820,b3317
NP_417777,EBHIBJHK_04379,P0ADZ0,NP_417777.1,b3318,CDS,rplW,50S ribosomal subunit protein L23,947819,b3318
NP_417778,EBHIBJHK_04378,P60723,NP_417778.1,b3319,CDS,rplD,50S ribosomal subunit protein L4,947818,b3319
NP_417779,EBHIBJHK_04377,P60438,NP_417779.1,b3320,CDS,rplC,50S ribosomal subunit protein L3,947817,b3320
NP_417780,EBHIBJHK_04376,P0A7R5,NP_417780.1,b3321,CDS,rpsJ,30S ribosomal subunit protein S10,947816,b3321
NP_417785,EBHIBJHK_01701,P45759,NP_417785.1,b3326,CDS,gspE,Type II secretion system protein GspE,947823,b3326
NP_417787,EBHIBJHK_01703,P41442,NP_417787.1,b3328,CDS,gspG,Type II secretion system protein GspG,947827,b3328
NP_417795,EBHIBJHK_04374,P0ABD3,NP_417795.1,b3336,CDS,bfr,bacterioferritin,947839,b3336
NP_417796,EBHIBJHK_04373,P0AE56,NP_417796.1,b3337,CDS,bfd,bacterioferritin-associated ferredoxin,947836,b3337
NP_417798,EBHIBJHK_04176,P0CE47,NP_417798.1,b3339,CDS,tufA,translation elongation factor Tu 1,947838,b3339
NP_417799,EBHIBJHK_01453,P0A6M8,NP_417799.1,b3340,CDS,fusA,elongation factor G,947847,b3340
NP_417800,EBHIBJHK_01454,P02359,NP_417800.1,b3341,CDS,rpsG,30S ribosomal subunit protein S7,947846,b3341
NP_417801,EBHIBJHK_01455,P0A7S3,NP_417801.1,b3342,CDS,rpsL,30S ribosomal subunit protein S12,947845,b3342
NP_417802,EBHIBJHK_01456,P45530,NP_417802.1,b3343,CDS,tusB,sulfurtransferase complex subunit TusB,947844,b3343
NP_417803,EBHIBJHK_01457,P45531,NP_417803.1,b3344,CDS,tusC,sulfurtransferase complex subunit TusC,947853,b3344
NP_417804,EBHIBJHK_01458,P45532,NP_417804.1,b3345,CDS,tusD,sulfurtransferase complex subunit TusD,947852,b3345
NP_417805,EBHIBJHK_01459,P64624,NP_417805.4,b3346,CDS,yheO,DNA-binding transcriptional regulator YheO,947851,b3346
NP_417806,EBHIBJHK_01460,P45523,NP_417806.1,b3347,CDS,fkpA,peptidyl-prolyl cis-trans isomerase FkpA,947850,b3347
NP_417807,EBHIBJHK_01461,P0A8R4,NP_417807.1,b3348,CDS,slyX,protein SlyX,947849,b3348
NP_417808,EBHIBJHK_01462,P0A9K9,NP_417808.1,b3349,CDS,slyD,FKBP-type peptidyl-prolyl cis-trans isomerase SlyD,947859,b3349
NP_417809,EBHIBJHK_01464,P45522,NP_417809.1,b3350,CDS,kefB,K(+) : H(+) antiporter KefB,947858,b3350
NP_417810,EBHIBJHK_01465,P0A756,NP_417810.1,b3351,CDS,kefG,glutathione-regulated potassium-efflux system ancillary protein KefG,947857,b3351
NP_417811,EBHIBJHK_01466,P63389,NP_417811.1,b3352,CDS,yheS,putative ATP-binding protein YheS,947856,b3352
NP_417812,EBHIBJHK_01467,P45524,NP_417812.1,b3353,CDS,yheT,putative hydrolase YheT,947855,b3353
NP_417813,EBHIBJHK_01468,P67624,NP_417813.1,b3354,CDS,yheU,PF06794 family protein YheU,947863,b3354
NP_417814,EBHIBJHK_01469,P0AEX5,NP_417814.1,b3355,CDS,prkB,putative phosphoribulokinase,947862,b3355
NP_417815,EBHIBJHK_01470,P0ADX1,NP_417815.1,b3356,CDS,yhfA,OsmC family protein YhfA,947860,b3356
NP_417816,EBHIBJHK_01471,P0ACJ8,NP_417816.1,b3357,CDS,crp,DNA-binding transcriptional dual regulator CRP,947867,b3357
NP_417817,EBHIBJHK_01472,P45537,NP_417817.2,b3358,CDS,yhfK,putative transporter YhfK,947866,b3358
NP_417818,EBHIBJHK_01473,P18335,NP_417818.1,b3359,CDS,argD,N-acetylornithine aminotransferase/N-succinyldiaminopimelate aminotransferase,947864,b3359
NP_417819,EBHIBJHK_01474,P00903,NP_417819.1,b3360,CDS,pabA,aminodeoxychorismate synthase subunit 2,947873,b3360
NP_417820,EBHIBJHK_01475,P20605,NP_417820.1,b3361,CDS,fic,putative adenosine monophosphate--protein transferase Fic,947872,b3361
NP_417821,EBHIBJHK_01476,P0ADX5,NP_417821.1,b3362,CDS,yhfG,DUF2559 domain-containing protein YhfG,947871,b3362
NP_417822,EBHIBJHK_01477,P0AFL3,NP_417822.1,b3363,CDS,ppiA,peptidyl-prolyl cis-trans isomerase A,947870,b3363
NP_417823,EBHIBJHK_01478,P60778,NP_417823.1,b3364,CDS,tsgA,putative transporter TsgA,947869,b3364
NP_417824,EBHIBJHK_01479,P08201,NP_417824.1,b3365,CDS,nirB,nitrite reductase (NADH) large subunit,947868,b3365
NP_417825,EBHIBJHK_01480,P0A9I8,NP_417825.1,b3366,CDS,nirD,nitrite reductase (NADH) small subunit,947881,b3366
NP_417827,EBHIBJHK_01482,P0AEA8,NP_417827.1,b3368,CDS,cysG,siroheme synthase,947880,b3368
NP_417828,EBHIBJHK_01483,P64627,NP_417828.1,b3369,CDS,yhfL,DUF4223 domain-containing lipoprotein YhfL,947879,b3369
NP_417835,EBHIBJHK_01484,P45545,NP_417835.1,b3376,CDS,yhfS,putative aminotransferase YhfS,947884,b3376
NP_417836,EBHIBJHK_01485,P45546,NP_417836.1,b3377,CDS,yhfT,uncharacterized protein YhfT,947883,b3377
NP_417837,EBHIBJHK_01486,P64631,NP_417837.2,b3378,CDS,yhfU,DUF2620 domain-containing protein YhfU,947892,b3378
NP_417838,EBHIBJHK_01487,P45548,NP_417838.1,b3379,CDS,php,putative hydrolase,947891,b3379
NP_417839,EBHIBJHK_01488,P45549,NP_417839.1,b3380,CDS,yhfW,putative mutase YhfW,947890,b3380
NP_417840,EBHIBJHK_01489,P45550,NP_417840.1,b3381,CDS,yhfX,putative PLP-binding protein YhfX,947889,b3381
NP_417841,EBHIBJHK_01490,P45551,NP_417841.2,b3382,CDS,yhfY,PRD domain-containing protein YhfY,947888,b3382
NP_417843,EBHIBJHK_01492,P00954,NP_417843.1,b3384,CDS,trpS,tryptophan--tRNA ligase,947894,b3384
NP_417844,EBHIBJHK_01493,P32662,NP_417844.1,b3385,CDS,gph,phosphoglycolate phosphatase,947895,b3385
NP_417845,EBHIBJHK_01494,P0AG07,NP_417845.1,b3386,CDS,rpe,ribulose-phosphate 3-epimerase,947896,b3386
NP_417846,EBHIBJHK_01495,P0AEE8,NP_417846.1,b3387,CDS,dam,DNA adenine methyltransferase,947893,b3387
NP_417847,EBHIBJHK_01496,P11557,NP_417847.1,b3388,CDS,damX,cell division protein DamX,947930,b3388
NP_417848,EBHIBJHK_01497,P07639,NP_417848.1,b3389,CDS,aroB,3-dehydroquinate synthase,947927,b3389
NP_417850,EBHIBJHK_01499,P34749,NP_417850.1,b3391,CDS,hofQ,DNA utilization protein HofQ,947901,b3391
NP_417851,EBHIBJHK_01500,P45750,NP_417851.4,b3392,CDS,hofP,DNA utilization protein HofP,947900,b3392
NP_417852,EBHIBJHK_01501,P45751,NP_417852.1,b3393,CDS,hofO,DNA utilization protein HofO,947899,b3393
NP_417853,EBHIBJHK_01502,P64634,NP_417853.1,b3394,CDS,hofN,DNA utilization protein HofN,947898,b3394
NP_417854,EBHIBJHK_01503,P45753,NP_417854.4,b3395,CDS,hofM,DNA utilization protein HofM,947908,b3395
NP_417855,EBHIBJHK_01504,P02918,NP_417855.4,b3396,CDS,mrcA,peptidoglycan glycosyltransferase/peptidoglycan DD-transpeptidase MrcA,947907,b3396
NP_417856,EBHIBJHK_01505,P45799,NP_417856.1,b3397,CDS,nudE,ADP-sugar diphosphatase NudE,947906,b3397
NP_417857,EBHIBJHK_01506,P45800,NP_417857.1,b3398,CDS,igaA,inner membrane protein IgaA,947905,b3398
NP_417858,EBHIBJHK_01507,P64636,NP_417858.4,b3399,CDS,yrfG,purine nucleotidase,947904,b3399
NP_417859,EBHIBJHK_01508,P0ACG8,NP_417859.1,b3400,CDS,hslR,heat shock protein Hsp15,947912,b3400
NP_417860,EBHIBJHK_01509,P0A6Y5,NP_417860.2,b3401,CDS,hslO,molecular chaperone Hsp33,947178,b3401
NP_417861,EBHIBJHK_01510,P45804,NP_417861.1,b3402,CDS,yhgE,putative transport protein YhgE,947651,b3402
NP_417862,EBHIBJHK_01511,P22259,NP_417862.1,b3403,CDS,pck,phosphoenolpyruvate carboxykinase (ATP),945667,b3403
NP_417863,EBHIBJHK_01514,P0AEJ4,NP_417863.1,b3404,CDS,envZ,sensor histidine kinase EnvZ,947272,b3404
NP_417864,EBHIBJHK_01515,P0AA16,NP_417864.1,b3405,CDS,ompR,DNA-binding transcriptional dual regulator OmpR,947913,b3405
NP_417866,EBHIBJHK_01517,P46837,NP_417866.4,b3407,CDS,yhgF,putative RNA-binding protein YhgF,947911,b3407
NP_417867,EBHIBJHK_01518,P0AEL3,NP_417867.1,b3408,CDS,feoA,ferrous iron transport protein A,947909,b3408
NP_417868,EBHIBJHK_01519,P33650,NP_417868.1,b3409,CDS,feoB,Fe(2(+)) transporter FeoB,947919,b3409
NP_417869,EBHIBJHK_01520,P64638,NP_417869.1,b3410,CDS,feoC,ferrous iron transport protein FeoC,947918,b3410
NP_417870,EBHIBJHK_01521,P31667,NP_417870.1,b3411,CDS,rpnA,recombination-promoting nuclease RpnA,947917,b3411
NP_417870,EBHIBJHK_01521,P31667,NP_417870.1,b3411,CDS,rpnA,recombination-promoting nuclease RpnA,947917,b3411
NP_417871,EBHIBJHK_01523,P13001,NP_417871.1,b3412,CDS,bioH,pimeloyl-acyl carrier protein methyl ester esterase,947916,b3412
NP_417872,EBHIBJHK_01524,P46846,NP_417872.2,b3413,CDS,yhgH,DNA utilization protein YhgH,947915,b3413
NP_417873,EBHIBJHK_01525,P63020,NP_417873.1,b3414,CDS,nfuA,iron-sulfur cluster carrier protein NfuA,947925,b3414
NP_417875,EBHIBJHK_01527,P15977,NP_417875.1,b3416,CDS,malQ,4-alpha-glucanotransferase,947923,b3416
NP_417877,EBHIBJHK_01529,P06993,NP_417877.1,b3418,CDS,malT,DNA-binding transcriptional activator MalT,947921,b3418
NP_417879,EBHIBJHK_01531,P46850,NP_417879.1,b3421,CDS,rtcB,RNA-splicing ligase,947929,b3421
NP_417880,EBHIBJHK_01532,P38035,NP_417880.1,b3422,CDS,rtcR,DNA-binding transcriptional activator RtcR,947928,b3422
NP_417883,EBHIBJHK_01535,P0A6V5,NP_417883.1,b3425,CDS,glpE,thiosulfate sulfurtransferase GlpE,947935,b3425
NP_417884,EBHIBJHK_01536,P13035,NP_417884.1,b3426,CDS,glpD,aerobic glycerol 3-phosphate dehydrogenase,947934,b3426
NP_417886,EBHIBJHK_01541,P0AC86,NP_417886.1,b3428,CDS,glgP,glycogen phosphorylase,947931,b3428
NP_417887,EBHIBJHK_01542,P0A6U8,NP_417887.1,b3429,CDS,glgA,glycogen synthase,947932,b3429
NP_417888,EBHIBJHK_01543,P0A6V1,NP_417888.1,b3430,CDS,glgC,glucose-1-phosphate adenylyltransferase,947942,b3430
NP_417889,EBHIBJHK_01544,P15067,NP_417889.1,b3431,CDS,glgX,"limit dextrin alpha-1,6-glucohydrolase",947941,b3431
NP_417890,EBHIBJHK_01545,P07762,NP_417890.1,b3432,CDS,glgB,"1,4-alpha-glucan branching enzyme",947940,b3432
NP_417891,EBHIBJHK_01546,P0A9Q9,NP_417891.1,b3433,CDS,asd,aspartate-semialdehyde dehydrogenase,947939,b3433
NP_417892,EBHIBJHK_01547,P67143,NP_417892.1,b3434,CDS,yhgN,MarC family putative inner membrane protein YhgN,947938,b3434
NP_417894,EBHIBJHK_01549,P46859,NP_417894.2,b3437,CDS,gntK,"D-gluconate kinase, thermostable",947937,b3437
NP_417896,EBHIBJHK_01551,P46852,NP_417896.1,b3439,CDS,yhhW,"quercetin 2,3-dioxygenase",947945,b3439
NP_417897,EBHIBJHK_01552,P46853,NP_417897.1,b3440,CDS,yhhX,putative oxidoreductase YhhX,947944,b3440
NP_417898,EBHIBJHK_01553,P46854,NP_417898.1,b3441,CDS,yhhY,N-acetyltransferase YhhY,947943,b3441
NP_417899,EBHIBJHK_01554,P46855,NP_417899.1,b3442,CDS,yhhZ,putative endonuclease YhhZ,947952,b3442
NP_417899,EBHIBJHK_01554,P46855,NP_417899.1,b3442,CDS,yhhZ,putative endonuclease YhhZ,947952,b3442
NP_417899,EBHIBJHK_02629,P46855,NP_417899.1,b3442,CDS,yhhZ,putative endonuclease YhhZ,947952,b3442
NP_417899,EBHIBJHK_02629,P46855,NP_417899.1,b3442,CDS,yhhZ,putative endonuclease YhhZ,947952,b3442
NP_417899,EBHIBJHK_02629,P46855,NP_417899.1,b3442,CDS,yhhZ,putative endonuclease YhhZ,947952,b3442
NP_417899,EBHIBJHK_01554,P46855,NP_417899.1,b3442,CDS,yhhZ,putative endonuclease YhhZ,947952,b3442
NP_417899,EBHIBJHK_01554,P46855,NP_417899.1,b3442,CDS,yhhZ,putative endonuclease YhhZ,947952,b3442
NP_417899,EBHIBJHK_02629,P46855,NP_417899.1,b3442,CDS,yhhZ,putative endonuclease YhhZ,947952,b3442
NP_417901,EBHIBJHK_04639,P0CF12,NP_417901.1,b3444,CDS,insA6,IS1 family protein InsA,947950,b3444
NP_417903,EBHIBJHK_01556,P46857,NP_417903.1,b3446,CDS,yrhB,putative heat shock chaperone,947948,b3446
NP_417904,EBHIBJHK_01557,P18956,NP_417904.1,b3447,CDS,ggt,glutathione hydrolase proenzyme,947947,b3447
NP_417905,EBHIBJHK_01558,P0ADX7,NP_417905.1,b3448,CDS,yhhA,DUF2756 domain-containing protein YhhA,947956,b3448
NP_417906,EBHIBJHK_01559,P10908,NP_417906.1,b3449,CDS,ugpQ,glycerophosphodiester phosphodiesterase UgpQ,947955,b3449
NP_417907,EBHIBJHK_01560,P10907,NP_417907.2,b3450,CDS,ugpC,sn-glycerol 3-phosphate ABC transporter ATP binding subunit,947953,b3450
NP_417908,EBHIBJHK_01561,P10906,NP_417908.1,b3451,CDS,ugpE,sn-glycerol 3-phosphate ABC transporter membrane subunit UgpE,947959,b3451
NP_417909,EBHIBJHK_01562,P10905,NP_417909.1,b3452,CDS,ugpA,sn-glycerol 3-phosphate ABC transporter membrane subunit UgpA,947957,b3452
NP_417910,EBHIBJHK_01563,P0AG80,NP_417910.1,b3453,CDS,ugpB,sn-glycerol 3-phosphate ABC transporter periplasmic binding protein,947962,b3453
NP_417911,EBHIBJHK_01564,P22731,NP_417911.4,b3454,CDS,livF,branched chain amino acid/phenylalanine ABC transporter ATP binding subunit LivF,947961,b3454
NP_417912,EBHIBJHK_01565,P0A9S7,NP_417912.1,b3455,CDS,livG,branched chain amino acid/phenylalanine ABC transporter ATP binding subunit LivG,947967,b3455
NP_417913,EBHIBJHK_01566,P22729,NP_417913.1,b3456,CDS,livM,branched chain amino acid/phenylalanine ABC transporter membrane subunit LivM,947966,b3456
NP_417914,EBHIBJHK_01567,P0AEX7,NP_417914.1,b3457,CDS,livH,branched chain amino acid/phenylalanine ABC transporter membrane subunit LivH,947965,b3457
NP_417915,EBHIBJHK_01568,P04816,NP_417915.1,b3458,CDS,livK,L-leucine/L-phenylalanine ABC transporter periplasmic binding protein,947964,b3458
NP_417916,EBHIBJHK_01569,P37613,NP_417916.1,b3459,CDS,panZ,PanD maturation factor,947963,b3459
NP_417918,EBHIBJHK_01571,P0AGB3,NP_417918.1,b3461,CDS,rpoH,RNA polymerase sigma factor RpoH,947970,b3461
NP_417919,EBHIBJHK_01572,P0AC30,NP_417919.1,b3462,CDS,ftsX,cell division protein FtsX,947969,b3462
NP_417920,EBHIBJHK_01573,P0A9R7,NP_417920.1,b3463,CDS,ftsE,cell division protein FtsE,947968,b3463
NP_417921,EBHIBJHK_01574,P10121,NP_417921.1,b3464,CDS,ftsY,signal recognition particle receptor,947978,b3464
NP_417922,EBHIBJHK_01575,P0ADX9,NP_417922.1,b3465,CDS,rsmD,16S rRNA m(2)G966 methyltransferase,947977,b3465
NP_417923,EBHIBJHK_01576,P37614,NP_417923.1,b3466,CDS,yhhL,DUF1145 domain-containing protein YhhL,947976,b3466
NP_417923,EBHIBJHK_01576,P37614,NP_417923.1,b3466,CDS,yhhL,DUF1145 domain-containing protein YhhL,947976,b3466
NP_417924,EBHIBJHK_01577,P37615,NP_417924.1,b3467,CDS,yhhM,DUF2500 domain-containing protein YhhM,947975,b3467
NP_417925,EBHIBJHK_01578,P0ADI9,NP_417925.1,b3468,CDS,yhhN,PF07947 family protein YhhN,947973,b3468
NP_417925,EBHIBJHK_01578,P0ADI9,NP_417925.1,b3468,CDS,yhhN,PF07947 family protein YhhN,947973,b3468
NP_417925,EBHIBJHK_01578,P0ADI9,NP_417925.1,b3468,CDS,yhhN,PF07947 family protein YhhN,947973,b3468
NP_417926,EBHIBJHK_01579,P37617,NP_417926.1,b3469,CDS,zntA,Zn(2(+))/Cd(2(+))/Pb(2(+)) exporting P-type ATPase,947972,b3469
NP_417927,EBHIBJHK_01580,P0A890,NP_417927.1,b3470,CDS,tusA,sulfur transfer protein TusA,947974,b3470
NP_417928,EBHIBJHK_01581,P37619,NP_417928.1,b3471,CDS,yhhQ,queuosine precursor transporter,947984,b3471
NP_417929,EBHIBJHK_01582,P0AEE1,NP_417929.4,b3472,CDS,dcrB,periplasmic bacteriophage sensitivity protein DcrB,947983,b3472
NP_417930,EBHIBJHK_01583,P37621,NP_417930.2,b3473,CDS,yhhS,putative transporter YhhS,947982,b3473
NP_417931,EBHIBJHK_01584,P0AGM0,NP_417931.4,b3474,CDS,yhhT,putative transporter YhhT,947980,b3474
NP_417932,EBHIBJHK_01585,P37623,NP_417932.1,b3475,CDS,acpT,holo-[acyl carrier protein,947979,b3475
NP_417933,EBHIBJHK_01586,P33590,NP_417933.1,b3476,CDS,nikA,Ni(2(+)) ABC transporter periplasmic binding protein,947981,b3476
NP_417934,EBHIBJHK_01587,P33591,NP_417934.1,b3477,CDS,nikB,Ni(2(+)) ABC transporter membrane subunit NikB,947986,b3477
NP_417935,EBHIBJHK_01588,P0AFA9,NP_417935.1,b3478,CDS,nikC,Ni(2(+)) ABC transporter membrane subunit NikC,947990,b3478
NP_417936,EBHIBJHK_01589,P33593,NP_417936.1,b3479,CDS,nikD,Ni(2(+)) ABC transporter ATP binding subunit NikD,947989,b3479
NP_417937,EBHIBJHK_01590,P33594,NP_417937.1,b3480,CDS,nikE,Ni(2(+)) ABC transporter ATP binding subunit NikE,947987,b3480
NP_417938,EBHIBJHK_01591,P0A6Z6,NP_417938.1,b3481,CDS,nikR,DNA-binding transcriptional repressor NikR,947995,b3481
NP_417940,EBHIBJHK_04896,P28911,NP_417940.2,b3483,CDS,yhhH,PF15631 family protein YhhH,947993,b3483
NP_417941,EBHIBJHK_01411,P28912,NP_417941.1,b3484,CDS,yhhI,putative transposase,947992,b3484
NP_417942,EBHIBJHK_03602,P0AGH1,NP_417942.6,b3485,CDS,yhhJ,ABC transporter family protein YhhJ,947991,b3485
NP_417944,EBHIBJHK_03604,P37626,NP_417944.1,b3487,CDS,yhiI,putative membrane fusion protein YhiI,948003,b3487
NP_417945,EBHIBJHK_03605,P37627,NP_417945.1,b3488,CDS,yhiJ,DUF4049 domain-containing protein YhiJ,948001,b3488
NP_417948,EBHIBJHK_03607,P37630,NP_417948.4,b3491,CDS,yhiM,inner membrane protein YhiM,947997,b3491
NP_417949,EBHIBJHK_03608,P37631,NP_417949.1,b3492,CDS,yhiN,putative oxidoreductase YhiN,947996,b3492
NP_417950,EBHIBJHK_03609,P0AFJ7,NP_417950.1,b3493,CDS,pitA,metal phosphate:H(+) symporter PitA,948009,b3493
NP_417951,EBHIBJHK_03610,P0A8S5,NP_417951.1,b3494,CDS,uspB,universal stress protein B,948008,b3494
NP_417952,EBHIBJHK_03611,P0AED0,NP_417952.1,b3495,CDS,uspA,universal stress protein A,948007,b3495
NP_417953,EBHIBJHK_03612,P36837,NP_417953.1,b3496,CDS,dtpB,dipeptide/tripeptide:H(+) symporter DtpB,948006,b3496
NP_417954,EBHIBJHK_03613,P68567,NP_417954.1,b3497,CDS,rsmJ,16S rRNA m(2)G1516 methyltransferase,948005,b3497
NP_417955,EBHIBJHK_03614,P27298,NP_417955.1,b3498,CDS,prlC,oligopeptidase A,948016,b3498
NP_417956,EBHIBJHK_03615,P37634,NP_417956.1,b3499,CDS,rlmJ,23S rRNA m(6)A2030 methyltransferase,948012,b3499
NP_417957,EBHIBJHK_03616,P06715,NP_417957.1,b3500,CDS,gor,glutathione reductase (NADPH),948014,b3500
NP_417958,EBHIBJHK_03618,P37309,NP_417958.1,b3501,CDS,arsR,DNA-binding transcriptional repressor ArsR,948013,b3501
NP_417959,EBHIBJHK_03619,P0AB93,NP_417959.4,b3502,CDS,arsB,arsenite/antimonite:H(+) antiporter,948011,b3502
NP_417960,EBHIBJHK_03620,P0AB96,NP_417960.1,b3503,CDS,arsC,arsenate reductase,948018,b3503
NP_417963,EBHIBJHK_03624,P37194,NP_417963.4,b3506,CDS,slp,starvation lipoprotein,948022,b3506
NP_417964,EBHIBJHK_03625,P37195,NP_417964.1,b3507,CDS,dctR,putative DNA-binding transcriptional regulator DctR,948021,b3507
NP_417965,EBHIBJHK_03634,P0AFV2,NP_417965.1,b3508,CDS,yhiD,inner membrane protein YhiD,948019,b3508
NP_417966,EBHIBJHK_03635,P0AET2,NP_417966.4,b3509,CDS,hdeB,periplasmic acid stress chaperone HdeB,948026,b3509
NP_417967,EBHIBJHK_03636,P0AES9,NP_417967.1,b3510,CDS,hdeA,periplasmic acid stress chaperone HdeA,948025,b3510
NP_417968,EBHIBJHK_03637,P0AET5,NP_417968.1,b3511,CDS,hdeD,acid-resistance membrane protein,948024,b3511
NP_417969,EBHIBJHK_03638,P63204,NP_417969.1,b3512,CDS,gadE,DNA-binding transcriptional activator GadE,948023,b3512
NP_417970,EBHIBJHK_03640,P37636,NP_417970.1,b3513,CDS,mdtE,multidrug efflux pump membrane fusion protein MdtE,948031,b3513
NP_417971,EBHIBJHK_03641,P37637,NP_417971.1,b3514,CDS,mdtF,multidrug efflux pump RND permease MdtF,948030,b3514
NP_417972,EBHIBJHK_03643,P63201,NP_417972.1,b3515,CDS,gadW,DNA-binding transcriptional dual regulator GadW,948029,b3515
NP_417973,EBHIBJHK_03644,P37639,NP_417973.1,b3516,CDS,gadX,DNA-binding transcriptional dual regulator GadX,948028,b3516
NP_417974,EBHIBJHK_03521,P69908,NP_417974.1,b3517,CDS,gadA,glutamate decarboxylase A,948027,b3517
NP_417975,EBHIBJHK_03522,P37197,NP_417975.1,b3518,CDS,ccp,cytochrome c peroxidase,948038,b3518
NP_417976,EBHIBJHK_03523,P62601,NP_417976.1,b3519,CDS,treF,cytoplasmic trehalase,948037,b3519
NP_417977,EBHIBJHK_03524,P37640,NP_417977.1,b3520,CDS,yhjB,putative DNA-binding transcriptional regulator YhjB,948036,b3520
NP_417978,EBHIBJHK_03525,P37641,NP_417978.2,b3521,CDS,rcdB,putative DNA-binding transcriptional regulator YhjC,948035,b3521
NP_417979,EBHIBJHK_03526,P37642,NP_417979.1,b3522,CDS,yhjD,putative transporter YhjD,948033,b3522
NP_417980,EBHIBJHK_03527,P37643,NP_417980.1,b3523,CDS,yhjE,putative transporter YhjE,948032,b3523
NP_417981,EBHIBJHK_03528,P37645,NP_417981.2,b3524,CDS,yhjG,AsmA family protein YhjG,948043,b3524
NP_417982,EBHIBJHK_03529,P37646,NP_417982.2,b3525,CDS,pdeH,c-di-GMP phosphodiesterase PdeH,948042,b3525
NP_417983,EBHIBJHK_03530,P37647,NP_417983.2,b3526,CDS,kdgK,2-dehydro-3-deoxygluconokinase,948041,b3526
NP_417984,EBHIBJHK_03531,P37648,NP_417984.1,b3527,CDS,yhjJ,peptidase M16 family protein YhjJ,948040,b3527
NP_417985,EBHIBJHK_03532,P0A830,NP_417985.1,b3528,CDS,dctA,C4 dicarboxylate/orotate:H(+) symporter,948039,b3528
NP_417986,EBHIBJHK_03533,P37649,NP_417986.4,b3529,CDS,pdeK,c-di-GMP phosphodiesterase PdeK,948048,b3529
NP_417988,EBHIBJHK_03535,P37651,NP_417988.1,b3531,CDS,bcsZ,"endo-1,4-D-glucanase",948046,b3531
NP_417989,EBHIBJHK_03536,P37652,NP_417989.1,b3532,CDS,bcsB,cellulose synthase periplasmic subunit,948045,b3532
NP_417990,EBHIBJHK_03537,P37653,NP_417990.4,b3533,CDS,bcsA,cellulose synthase catalytic subunit,948053,b3533
NP_417992,EBHIBJHK_03540,P0ADJ3,NP_417992.1,b3535,CDS,yhjR,PF10945 family protein YhjR,948051,b3535
NP_417993,EBHIBJHK_03541,P37657,NP_417993.1,b3536,CDS,bcsE,c-di-GMP-binding protein BcsE,948050,b3536
NP_417994,EBHIBJHK_03542,P0ADJ5,NP_417994.2,b3537,CDS,bcsF,putative cellulose biosynthesis protein BcsF,948059,b3537
NP_417995,EBHIBJHK_03543,P37659,NP_417995.1,b3538,CDS,bcsG,cellulose phosphoethanolamine transferase,948058,b3538
NP_417996,EBHIBJHK_03686,P37660,NP_417996.1,b3539,CDS,yhjV,putative transporter YhjV,948057,b3539
NP_417997,EBHIBJHK_03685,P37313,NP_417997.1,b3540,CDS,dppF,dipeptide ABC transporter ATP binding subunit DppF,948056,b3540
NP_417998,EBHIBJHK_03684,P0AAG0,NP_417998.1,b3541,CDS,dppD,dipeptide ABC transporter ATP binding subunit DppD,948065,b3541
NP_417999,EBHIBJHK_03683,P0AEG1,NP_417999.1,b3542,CDS,dppC,dipeptide ABC transporter membrane subunit DppC,948064,b3542
NP_418000,EBHIBJHK_03682,P0AEF8,NP_418000.1,b3543,CDS,dppB,dipeptide ABC transporter membrane subunit DppB,948063,b3543
NP_418001,EBHIBJHK_03681,P23847,NP_418001.1,b3544,CDS,dppA,dipeptide ABC transporter periplasmic binding protein,948062,b3544
NP_418002,EBHIBJHK_03679,P37661,NP_418002.2,b3546,CDS,eptB,phosphoethanolamine transferase EptB,948068,b3546
NP_418003,EBHIBJHK_03678,P37662,NP_418003.1,b3547,CDS,yhjX,putative transporter YhjX,948066,b3547
NP_418004,EBHIBJHK_03677,P37663,NP_418004.4,b3548,CDS,yhjY,putative outer membrane protein YhjY,948073,b3548
NP_418005,EBHIBJHK_03676,P05100,NP_418005.1,b3549,CDS,tag,"3-methyl-adenine DNA glycosylase I, constitutive",947137,b3549
NP_418006,EBHIBJHK_03675,P37664,NP_418006.1,b3550,CDS,yiaC,peptidyl-lysine N-acetyltransferase YiaC,946460,b3550
NP_418007,EBHIBJHK_03674,P20099,NP_418007.3,b3551,CDS,bisC,biotin sulfoxide reductase,946915,b3551
NP_418009,EBHIBJHK_03672,P37666,NP_418009.2,b3553,CDS,ghrB,glyoxylate reductase,948074,b3553
NP_418010,EBHIBJHK_03671,P0ADK0,NP_418010.2,b3554,CDS,yiaF,DUF3053 domain-containing protein YiaF,948072,b3554
NP_418011,EBHIBJHK_03670,P0A9V5,NP_418011.1,b3555,CDS,yiaG,putative DNA-binding transcriptional regulator YiaG,948071,b3555
NP_418012,EBHIBJHK_03669,P0A9X9,NP_418012.1,b3556,CDS,cspA,cold shock protein CspA,948070,b3556
NP_418014,EBHIBJHK_03665,P19768,NP_418014.1,b3557,CDS,insJ,insertion element IS150 protein InsA,948082,b3557
NP_418015,EBHIBJHK_03666,P19769,NP_418015.1,b3558,CDS,insK,IS150 family conserved protein InsB,948081,b3558
NP_418015,EBHIBJHK_03666,P19769,NP_418015.1,b3558,CDS,insK,IS150 family conserved protein InsB,948081,b3558
NP_418016,EBHIBJHK_03664,P00961,NP_418016.1,b3559,CDS,glyS,glycine--tRNA ligase subunit beta,948080,b3559
NP_418017,EBHIBJHK_03663,P00960,NP_418017.1,b3560,CDS,glyQ,glycine--tRNA ligase subunit alpha,948079,b3560
NP_418018,EBHIBJHK_03661,P37669,NP_418018.1,b3561,CDS,wecH,O-acetyltransferase WecH,948077,b3561
NP_418019,EBHIBJHK_03660,P0ADJ8,NP_418019.4,b3562,CDS,yiaA,PF05360 family inner membrane protein YiaA,948078,b3562
NP_418020,EBHIBJHK_03659,P11286,NP_418020.2,b3563,CDS,yiaB,PF05360 family inner membrane protein YiaB,948152,b3563
NP_418021,EBHIBJHK_03658,P09099,NP_418021.1,b3564,CDS,xylB,xylulokinase,948133,b3564
NP_418022,EBHIBJHK_03657,P00944,NP_418022.1,b3565,CDS,xylA,xylose isomerase,948141,b3565
NP_418023,EBHIBJHK_03656,P37387,NP_418023.1,b3566,CDS,xylF,xylose ABC transporter periplasmic binding protein,948090,b3566
NP_418024,EBHIBJHK_03655,P37388,NP_418024.1,b3567,CDS,xylG,xylose ABC transporter ATP binding subunit,948127,b3567
NP_418025,EBHIBJHK_03654,P0AGI4,NP_418025.1,b3568,CDS,xylH,xylose ABC transporter membrane subunit,948083,b3568
NP_418026,EBHIBJHK_03653,P0ACI3,NP_418026.1,b3569,CDS,xylR,DNA-binding transcriptional dual regulator XylR,948086,b3569
NP_418028,EBHIBJHK_03651,P25718,NP_418028.1,b3571,CDS,malS,alpha-amylase,948088,b3571
NP_418030,EBHIBJHK_03649,P56256,NP_418030.1,b3573,CDS,ysaA,putative electron transport protein YsaA,948085,b3573
NP_418031,EBHIBJHK_03648,P37671,NP_418031.1,b3574,CDS,plaR,DNA-binding transcriptional repressor PlaR,948084,b3574
NP_418032,EBHIBJHK_03647,P37672,NP_418032.1,b3575,CDS,yiaK,"2,3-diketo-L-gulonate reductase",948096,b3575
NP_418033,EBHIBJHK_03646,P37673,NP_418033.1,b3576,CDS,yiaL,DUF386 domain-containing protein YiaL,948094,b3576
NP_418034,EBHIBJHK_04204,P37674,NP_418034.1,b3577,CDS,yiaM,"2,3-diketo-L-gulonate:Na(+) symporter - membrane subunit",948093,b3577
NP_418036,EBHIBJHK_04202,P37676,NP_418036.1,b3579,CDS,yiaO,"2,3-diketo-L-gulonate:Na(+) symporter - periplasmic binding protein",948091,b3579
NP_418037,EBHIBJHK_04201,P37677,NP_418037.1,b3580,CDS,lyxK,L-xylulose kinase,948101,b3580
NP_418038,EBHIBJHK_04200,P37678,NP_418038.1,b3581,CDS,sgbH,3-keto-L-gulonate-6-phosphate decarboxylase SgbH,948098,b3581
NP_418039,EBHIBJHK_04199,P37679,NP_418039.2,b3582,CDS,sgbU,putative L-xylulose 5-phosphate 3-epimerase,948100,b3582
NP_418040,EBHIBJHK_04198,P37680,NP_418040.1,b3583,CDS,sgbE,L-ribulose-5-phosphate 4-epimerase SgbE,948099,b3583
NP_418041,EBHIBJHK_04194,P37681,NP_418041.1,b3584,CDS,yiaT,outer membrane protein YiaT,948097,b3584
NP_418042,EBHIBJHK_04193,P37682,NP_418042.1,b3585,CDS,yiaU,putative DNA-binding transcriptional regulator YiaU,948107,b3585
NP_418043,EBHIBJHK_04192,P37683,NP_418043.1,b3586,CDS,yiaV,putative membrane fusion protein YiaV,948106,b3586
NP_418044,EBHIBJHK_04191,P0ADK4,NP_418044.1,b3587,CDS,yiaW,DUF3302 domain-containing protein YiaW,948105,b3587
NP_418045,EBHIBJHK_04190,P37685,NP_418045.4,b3588,CDS,aldB,aldehyde dehydrogenase B,948104,b3588
NP_418047,EBHIBJHK_04188,P14081,NP_418047.1,b3590,CDS,selB,selenocysteyl-tRNA-specific translation elongation factor,948103,b3590
NP_418048,EBHIBJHK_04187,P0A821,NP_418048.1,b3591,CDS,selA,selenocysteine synthase,948124,b3591
NP_418049,EBHIBJHK_04186,P0ACA1,NP_418049.1,b3592,CDS,yibF,glutathione transferase-like protein YibF,948113,b3592
NP_418051,EBHIBJHK_04895,P0ADK6,NP_418051.1,b3594,CDS,yibA,putative lyase containing HEAT-repeat,948108,b3594
NP_418054,EBHIBJHK_04185,P0AFV0,NP_418054.1,b3597,CDS,yibH,inner membrane protein YibH,948110,b3597
NP_418055,EBHIBJHK_04184,P32108,NP_418055.1,b3598,CDS,yibI,DUF3302 domain-containing protein YibI,948109,b3598
NP_418056,EBHIBJHK_04183,P00550,NP_418056.1,b3599,CDS,mtlA,mannitol-specific PTS enzyme IICBA component,948118,b3599
NP_418057,EBHIBJHK_04182,P09424,NP_418057.1,b3600,CDS,mtlD,mannitol-1-phosphate 5-dehydrogenase,948117,b3600
NP_418058,EBHIBJHK_04181,P0AF10,NP_418058.1,b3601,CDS,mtlR,transcriptional repressor MtlR,948116,b3601
NP_418059,EBHIBJHK_04179,P0ADK8,NP_418059.1,b3602,CDS,yibL,DUF2810 domain-containing protein YibL,948115,b3602
NP_418060,EBHIBJHK_04045,P33231,NP_418060.1,b3603,CDS,lldP,lactate/glycolate:H(+) symporter LldP,948114,b3603
NP_418061,EBHIBJHK_04046,P0ACL7,NP_418061.1,b3604,CDS,lldR,DNA-binding transcriptional dual regulator LldR,948122,b3604
NP_418062,EBHIBJHK_04047,P33232,NP_418062.1,b3605,CDS,lldD,L-lactate dehydrogenase,948121,b3605
NP_418063,EBHIBJHK_04048,P0AGJ7,NP_418063.1,b3606,CDS,trmL,tRNA (cytidine/uridine-2'-O)-ribose methyltransferase,948119,b3606
NP_418064,EBHIBJHK_04049,P0A9D4,NP_418064.1,b3607,CDS,cysE,serine acetyltransferase,948126,b3607
NP_418065,EBHIBJHK_04050,P0A6S7,NP_418065.1,b3608,CDS,gpsA,glycerol-3-phosphate dehydrogenase,948125,b3608
NP_418066,EBHIBJHK_04051,P0AG86,NP_418066.1,b3609,CDS,secB,protein export chaperone SecB,948123,b3609
NP_418067,EBHIBJHK_04052,P0AC62,NP_418067.1,b3610,CDS,grxC,reduced glutaredoxin 3,948132,b3610
NP_418068,EBHIBJHK_04053,P0AG27,NP_418068.1,b3611,CDS,yibN,putative sulfurtransferase YibN,948131,b3611
NP_418069,EBHIBJHK_04054,P37689,NP_418069.1,b3612,CDS,gpmM,"2,3-bisphosphoglycerate-independent phosphoglycerate mutase",948130,b3612
NP_418070,EBHIBJHK_04055,P37690,NP_418070.6,b3613,CDS,envC,murein hydrolase activator EnvC,948129,b3613
NP_418071,EBHIBJHK_04056,P37691,NP_418071.4,b3614,CDS,yibQ,divergent polysaccharide deacetylase domain-containing protein YibQ,948128,b3614
NP_418072,EBHIBJHK_04057,P11290,NP_418072.1,b3615,CDS,waaH,UDP-glucuronate:LPS(HepIII) glycosyltransferase,948140,b3615
NP_418073,EBHIBJHK_04058,P07913,NP_418073.1,b3616,CDS,tdh,threonine dehydrogenase,948139,b3616
NP_418074,EBHIBJHK_04059,P0AB77,NP_418074.1,b3617,CDS,kbl,2-amino-3-ketobutyrate CoA ligase,948138,b3617
NP_418076,EBHIBJHK_04060,P67910,NP_418076.1,b3619,CDS,rfaD,ADP-L-glycero-D-mannoheptose 6-epimerase,948134,b3619
NP_418077,EBHIBJHK_04061,P37692,NP_418077.1,b3620,CDS,waaF,ADP-heptose--LPS heptosyltransferase 2,948135,b3620
NP_418078,EBHIBJHK_04062,P24173,NP_418078.1,b3621,CDS,waaC,ADP-heptose:LPS heptosyltransferase 1,948136,b3621
NP_418087,EBHIBJHK_04069,P25741,NP_418087.1,b3630,CDS,waaP,lipopolysaccharide core heptose (I) kinase,948150,b3630
NP_418088,EBHIBJHK_04070,P25740,NP_418088.1,b3631,CDS,waaG,lipopolysaccharide glucosyltransferase I,948149,b3631
NP_418089,EBHIBJHK_04071,P25742,NP_418089.1,b3632,CDS,waaQ,lipopolysaccharide core heptosyltransferase 3,948155,b3632
NP_418090,EBHIBJHK_04072,P0AC75,NP_418090.1,b3633,CDS,waaA,KDO transferase,949048,b3633
NP_418091,EBHIBJHK_04073,P0A6I6,NP_418091.1,b3634,CDS,coaD,pantetheine-phosphate adenylyltransferase,947386,b3634
NP_418092,EBHIBJHK_04074,P05523,NP_418092.1,b3635,CDS,mutM,DNA-formamidopyrimidine glycosylase,946765,b3635
NP_418093,EBHIBJHK_04075,P0A7N9,NP_418093.1,b3636,CDS,rpmG,50S ribosomal subunit protein L33,946318,b3636
NP_418094,EBHIBJHK_04076,P0A7M2,NP_418094.1,b3637,CDS,rpmB,50S ribosomal subunit protein L28,946941,b3637
NP_418095,EBHIBJHK_04077,P25531,NP_418095.4,b3638,CDS,yicR,RadC-like JAB domain-containing protein YicR,948968,b3638
NP_418096,EBHIBJHK_04078,P0ABQ0,NP_418096.4,b3639,CDS,dfp,fused 4'-phosphopantothenoylcysteine decarboxylase and phosphopantothenoylcysteine synthetase,949047,b3639
NP_418097,EBHIBJHK_04079,P06968,NP_418097.2,b3640,CDS,dut,dUTP diphosphatase,948607,b3640
NP_418098,EBHIBJHK_04080,P0C093,NP_418098.4,b3641,CDS,slmA,nucleoid occlusion factor SlmA,948158,b3641
NP_418099,EBHIBJHK_04081,P0A7E3,NP_418099.1,b3642,CDS,pyrE,orotate phosphoribosyltransferase,948157,b3642
NP_418101,EBHIBJHK_04258,P23839,NP_418101.1,b3644,CDS,yicC,putative RNase adaptor protein YicC,948154,b3644
NP_418102,EBHIBJHK_04257,P23840,NP_418102.2,b3645,CDS,dinD,DNA damage-inducible protein D,948153,b3645
NP_418103,EBHIBJHK_04256,P0AGM2,NP_418103.4,b3646,CDS,yicG,PF03458 family inner membrane protein YicG,948165,b3646
NP_418104,EBHIBJHK_04255,P25772,NP_418104.2,b3647,CDS,ligB,DNA ligase B,948164,b3647
NP_418105,EBHIBJHK_04254,P60546,NP_418105.1,b3648,CDS,gmk,guanylate kinase,948163,b3648
NP_418106,EBHIBJHK_04253,P0A800,NP_418106.1,b3649,CDS,rpoZ,RNA polymerase subunit omega,948160,b3649
NP_418107,EBHIBJHK_04252,P0AG24,NP_418107.1,b3650,CDS,spoT,bifunctional (p)ppGpp synthase/hydrolase SpoT,948159,b3650
NP_418108,EBHIBJHK_04251,P0AGJ2,NP_418108.1,b3651,CDS,trmH,tRNA (Gm18) 2'-O-methyltransferase,948161,b3651
NP_418109,EBHIBJHK_04250,P24230,NP_418109.1,b3652,CDS,recG,ATP-dependent DNA helicase RecG,948162,b3652
NP_418110,EBHIBJHK_04249,P0AER8,NP_418110.1,b3653,CDS,gltS,glutamate:sodium symporter,948166,b3653
NP_418111,EBHIBJHK_04248,P0AGM9,NP_418111.1,b3654,CDS,xanP,xanthine:H(+) symporter XanP,948172,b3654
NP_418112,EBHIBJHK_04247,P31433,NP_418112.1,b3655,CDS,yicH,AsmA family protein YicH,948171,b3655
NP_418113,EBHIBJHK_04238,P31434,NP_418113.1,b3656,CDS,yicI,alpha-D-xyloside xylohydrolase,948169,b3656
NP_418114,EBHIBJHK_04237,P31435,NP_418114.4,b3657,CDS,yicJ,putative xyloside transporter YicJ,948168,b3657
NP_418116,EBHIBJHK_04909,P31437,NP_418116.1,b3660,CDS,yicL,putative transporter YicL,948176,b3660
NP_418117,EBHIBJHK_04908,P04846,NP_418117.1,b3661,CDS,nlpA,lipoprotein-28,948175,b3661
NP_418118,EBHIBJHK_02435,P0ADL1,NP_418118.2,b3662,CDS,nepI,purine ribonucleoside exporter,948213,b3662
NP_418119,EBHIBJHK_02438,P0ADL3,NP_418119.2,b3663,CDS,yicN,DUF1198 domain-containing protein YicN,948173,b3663
NP_418120,EBHIBJHK_02439,P31440,NP_418120.2,b3664,CDS,adeQ,adenine transporter,948174,b3664
NP_418121,EBHIBJHK_02440,P31441,NP_418121.1,b3665,CDS,adeD,adenine deaminase,948210,b3665
NP_418122,EBHIBJHK_02441,P0AGC0,NP_418122.1,b3666,CDS,uhpT,hexose-6-phosphate:phosphate antiporter,948201,b3666
NP_418123,EBHIBJHK_02442,P09836,NP_418123.2,b3667,CDS,uhpC,inner membrane protein sensing glucose-6-phosphate,948184,b3667
NP_418124,EBHIBJHK_02443,P09835,NP_418124.4,b3668,CDS,uhpB,sensory histidine kinase UhpB,948195,b3668
NP_418125,EBHIBJHK_02444,P0AGA6,NP_418125.1,b3669,CDS,uhpA,DNA-binding transcriptional activator UhpA,948178,b3669
NP_418126,EBHIBJHK_02447,P0ADF8,NP_418126.1,b3670,CDS,ilvN,acetohydroxy acid synthase I subunit IlvN,948183,b3670
NP_418127,EBHIBJHK_02448,P08142,NP_418127.1,b3671,CDS,ilvB,acetohydroxy acid synthase I subunit IlvB,948182,b3671
NP_418129,EBHIBJHK_02450,P31442,NP_418129.2,b3673,CDS,emrD,multidrug efflux pump EmrD,948180,b3673
NP_418130,EBHIBJHK_02451,P31443,NP_418130.1,b3674,CDS,yidF,uncharacterized protein YidF,948179,b3674
NP_418131,EBHIBJHK_02452,P0ADL6,NP_418131.1,b3675,CDS,yidG,inner membrane protein YidG,948191,b3675
NP_418132,EBHIBJHK_02453,P0ADM0,NP_418132.1,b3676,CDS,yidH,DUF202 domain-containing inner membrane protein YidH,948190,b3676
NP_418134,EBHIBJHK_02454,P31447,NP_418134.1,b3678,CDS,yidJ,putative sulfatase/phosphatase YidJ,948188,b3678
NP_418135,EBHIBJHK_02455,P31448,NP_418135.1,b3679,CDS,yidK,putative transporter YidK,948185,b3679
NP_418136,EBHIBJHK_02456,P31449,NP_418136.2,b3680,CDS,yidL,putative DNA-binding transcriptional regulator YidL,948186,b3680
NP_418139,EBHIBJHK_02459,P31453,NP_418139.1,b3684,CDS,yidP,putative DNA-binding transcriptional regulator YidP,948194,b3684
NP_418140,EBHIBJHK_02460,P60872,NP_418140.4,b3685,CDS,yidE,putative transport protein YidE,948193,b3685
NP_418141,EBHIBJHK_02461,P0C058,NP_418141.2,b3686,CDS,ibpB,small heat shock protein IbpB,948192,b3686
NP_418142,EBHIBJHK_02462,P0C054,NP_418142.1,b3687,CDS,ibpA,small heat shock protein IbpA,948200,b3687
NP_418143,EBHIBJHK_02463,P0ADM4,NP_418143.2,b3688,CDS,yidQ,DUF1375 domain-containing putative lipoprotein YidQ,948199,b3688
NP_418144,EBHIBJHK_02464,P31455,NP_418144.3,b3689,CDS,yidR,DUF3748 domain-containing galacturonate catabolism protein YidR,948198,b3689
NP_418145,EBHIBJHK_02465,P31456,NP_418145.2,b3690,CDS,cbrA,colicin M resistance protein,948197,b3690
NP_418146,EBHIBJHK_02466,P0AA76,NP_418146.4,b3691,CDS,dgoT,D-galactonate:H(+) symporter,948196,b3691
NP_418148,EBHIBJHK_02469,P31459,NP_418148.1,b3693,CDS,dgoK,2-dehydro-3-deoxygalactonokinase,948207,b3693
NP_418152,EBHIBJHK_02472,P0A8Y5,NP_418152.1,b3697,CDS,yidA,sugar phosphatase YidA,948204,b3697
NP_418153,EBHIBJHK_02473,P09996,NP_418153.4,b3698,CDS,yidB,DUF937 domain-containing protein YidB,948212,b3698
NP_418155,EBHIBJHK_02475,P0A7H0,NP_418155.1,b3700,CDS,recF,recombination mediator protein RecF,948209,b3700
NP_418156,EBHIBJHK_02476,P0A988,NP_418156.1,b3701,CDS,dnaN,beta sliding clamp,948218,b3701
NP_418157,EBHIBJHK_02477,P03004,NP_418157.1,b3702,CDS,dnaA,chromosomal replication initiator protein DnaA,948217,b3702
NP_418158,EBHIBJHK_02478,P0A7P5,NP_418158.1,b3703,CDS,rpmH,50S ribosomal subunit protein L34,948216,b3703
NP_418159,EBHIBJHK_02479,P0A7Y8,NP_418159.1,b3704,CDS,rnpA,RNase P protein component,948215,b3704
NP_418161,EBHIBJHK_02480,P25714,NP_418161.1,b3705,CDS,yidC,membrane protein insertase YidC,948214,b3705
NP_418162,EBHIBJHK_02481,P25522,NP_418162.1,b3706,CDS,mnmE,5-carboxymethylaminomethyluridine-tRNA synthase GTPase subunit,948222,b3706
NP_418164,EBHIBJHK_02483,P0A853,NP_418164.4,b3708,CDS,tnaA,tryptophanase,948221,b3708
NP_418165,EBHIBJHK_02484,P23173,NP_418165.1,b3709,CDS,tnaB,tryptophan:H(+) symporter TnaB,948220,b3709
NP_418166,EBHIBJHK_02485,P31462,NP_418166.1,b3710,CDS,mdtL,efflux pump MdtL,948219,b3710
NP_418167,EBHIBJHK_02486,P31463,NP_418167.1,b3711,CDS,yidZ,DNA-binding transcriptional dual regulator YidZ,948227,b3711
NP_418168,EBHIBJHK_02487,P0ADM8,NP_418168.2,b3712,CDS,yieE,putative phosphopantetheinyl transferase,948226,b3712
NP_418169,EBHIBJHK_02488,P0AGE6,NP_418169.1,b3713,CDS,yieF,quinone reductase,948225,b3713
NP_418170,EBHIBJHK_02489,P31466,NP_418170.1,b3714,CDS,adeP,adenine:H(+) symporter,948224,b3714
NP_418171,EBHIBJHK_02490,P31467,NP_418171.1,b3715,CDS,yieH,6-phosphogluconate phosphatase,948232,b3715
NP_418180,EBHIBJHK_02495,P0A9K7,NP_418180.1,b3724,CDS,phoU,negative regulator of the pho regulon,948233,b3724
NP_418181,EBHIBJHK_02496,P0AAH0,NP_418181.1,b3725,CDS,pstB,phosphate ABC transporter ATP binding subunit,948240,b3725
NP_418182,EBHIBJHK_02497,P07654,NP_418182.1,b3726,CDS,pstA,phosphate ABC transporter membrane subunit PstA,948239,b3726
NP_418183,EBHIBJHK_02498,P0AGH8,NP_418183.1,b3727,CDS,pstC,phosphate ABC transporter membrane subunit PstC,948238,b3727
NP_418184,EBHIBJHK_02499,P0AG82,NP_418184.1,b3728,CDS,pstS,phosphate ABC transporter periplasmic binding protein,948237,b3728
NP_418185,EBHIBJHK_02500,P17169,NP_418185.1,b3729,CDS,glmS,L-glutamine--D-fructose-6-phosphate aminotransferase,948241,b3729
NP_418186,EBHIBJHK_02501,P0ACC7,NP_418186.1,b3730,CDS,glmU,fused N-acetylglucosamine-1-phosphate uridyltransferase and glucosamine-1-phosphate acetyltransferase,948246,b3730
NP_418187,EBHIBJHK_02502,P0A6E6,NP_418187.1,b3731,CDS,atpC,ATP synthase F1 complex subunit epsilon,948245,b3731
NP_418188,EBHIBJHK_02503,P0ABB4,NP_418188.1,b3732,CDS,atpD,ATP synthase F1 complex subunit beta,948244,b3732
NP_418189,EBHIBJHK_02504,P0ABA6,NP_418189.1,b3733,CDS,atpG,ATP synthase F1 complex subunit gamma,948243,b3733
NP_418190,EBHIBJHK_02505,P0ABB0,NP_418190.1,b3734,CDS,atpA,ATP synthase F1 complex subunit alpha,948242,b3734
NP_418191,EBHIBJHK_02506,P0ABA4,NP_418191.1,b3735,CDS,atpH,ATP synthase F1 complex subunit delta,948254,b3735
NP_418192,EBHIBJHK_02507,P0ABA0,NP_418192.1,b3736,CDS,atpF,ATP synthase Fo complex subunit b,948247,b3736
NP_418193,EBHIBJHK_02508,P68699,NP_418193.1,b3737,CDS,atpE,ATP synthase Fo complex subunit c,948253,b3737
NP_418194,EBHIBJHK_02509,P0AB98,NP_418194.1,b3738,CDS,atpB,ATP synthase Fo complex subunit a,948252,b3738
NP_418195,EBHIBJHK_02510,P0ABC0,NP_418195.2,b3739,CDS,atpI,ATP synthase accessory factor AtpI,948251,b3739
NP_418196,EBHIBJHK_02511,P0A6U5,NP_418196.1,b3740,CDS,rsmG,16S rRNA m(7)G527 methyltransferase,948250,b3740
NP_418197,EBHIBJHK_02512,P0A6U3,NP_418197.1,b3741,CDS,mnmG,5-carboxymethylaminomethyluridine-tRNA synthase subunit MnmG,948248,b3741
NP_418198,EBHIBJHK_02513,P03817,NP_418198.1,b3742,CDS,mioC,flavoprotein MioC,948249,b3742
NP_418199,EBHIBJHK_02514,P0ACI6,NP_418199.1,b3743,CDS,asnC,DNA-binding transcriptional dual regulator AsnC,948259,b3743
NP_418200,EBHIBJHK_02515,P00963,NP_418200.1,b3744,CDS,asnA,asparagine synthetase A,948258,b3744
NP_418202,EBHIBJHK_02517,P31473,NP_418202.4,b3746,CDS,ravA,regulatory ATPase RavA,948256,b3746
NP_418204,EBHIBJHK_04860,P04982,NP_418204.2,b3748,CDS,rbsD,D-ribose pyranase,948267,b3748
NP_418205,EBHIBJHK_04859,P04983,NP_418205.1,b3749,CDS,rbsA,ribose ABC transporter ATP binding subunit,948264,b3749
NP_418206,EBHIBJHK_04858,P0AGI1,NP_418206.1,b3750,CDS,rbsC,ribose ABC transporter membrane subunit,948262,b3750
NP_418207,EBHIBJHK_04857,P02925,NP_418207.1,b3751,CDS,rbsB,ribose ABC transporter periplasmic binding protein,948261,b3751
NP_418208,EBHIBJHK_04856,P0A9J6,NP_418208.1,b3752,CDS,rbsK,ribokinase,948260,b3752
NP_418209,EBHIBJHK_04855,P0ACQ0,NP_418209.1,b3753,CDS,rbsR,DNA-binding transcriptional dual regulator RbsR,948266,b3753
NP_418210,EBHIBJHK_04854,P31474,NP_418210.1,b3754,CDS,hsrA,putative transporter HsrA,948265,b3754
NP_418213,EBHIBJHK_02692,P0ADN2,NP_418213.1,b3764,CDS,maoP,macrodomain Ori protein,948274,b3764
NP_418214,EBHIBJHK_02691,P22787,NP_418214.2,b3765,CDS,yifB,putative magnesium chelatase YifB,948282,b3765
NP_418217,EBHIBJHK_02689,P0ADG1,NP_418217.1,b3769,CDS,ilvM,acetolactate synthase II subunit IlvM,948279,b3769
NP_418220,EBHIBJHK_02686,P04968,NP_418220.1,b3772,CDS,ilvA,threonine deaminase,948287,b3772
NP_418221,EBHIBJHK_02685,P05827,NP_418221.1,b3773,CDS,ilvY,DNA-binding transcriptional dual regulator IlvY,948284,b3773
NP_418222,EBHIBJHK_02684,P05793,NP_418222.1,b3774,CDS,ilvC,ketol-acid reductoisomerase (NADP(+)),948286,b3774
NP_418223,EBHIBJHK_02683,P0A9L5,NP_418223.1,b3775,CDS,ppiC,peptidyl-prolyl cis-trans isomerase C,948285,b3775
NP_418227,EBHIBJHK_02679,P0A8J8,NP_418227.1,b3780,CDS,rhlB,ATP-dependent RNA helicase RhlB,948290,b3780
NP_418228,EBHIBJHK_02678,P0AA25,NP_418228.2,b3781,CDS,trxA,thioredoxin 1,948289,b3781
NP_418230,EBHIBJHK_02677,P0AG30,NP_418230.1,b3783,CDS,rho,transcription termination factor Rho,948297,b3783
NP_418231,EBHIBJHK_02676,P0AC78,NP_418231.1,b3784,CDS,rfe,UDP-N-acetylglucosamine--undecaprenyl-phosphate N-acetylglucosaminephosphotransferase,948789,b3784
NP_418232,EBHIBJHK_02675,P0AG00,NP_418232.2,b3785,CDS,wzzE,enterobacterial common antigen polysaccharide co-polymerase,944815,b3785
NP_418238,EBHIBJHK_02671,P27833,NP_418238.1,b3791,CDS,wecE,dTDP-4-dehydro-6-deoxy-D-glucose transaminase,948296,b3791
NP_418239,EBHIBJHK_02670,P0AAA7,NP_418239.1,b3792,CDS,wzxE,lipid IIIECA flippase,948294,b3792
NP_418241,EBHIBJHK_02668,P27835,NP_418241.1,b3793,CDS,wzyE,enterobacterial common antigen polymerase,948293,b3793
NP_418242,EBHIBJHK_02667,P27836,NP_418242.1,b3794,CDS,rffM,UDP-N-acetyl-D-mannosaminuronic acid transferase,948301,b3794
NP_418245,EBHIBJHK_02660,P25549,NP_418245.1,b3801,CDS,aslA,putative sulfatase AslA,949015,b3801
NP_418246,EBHIBJHK_02659,P0ACB7,NP_418246.1,b3802,CDS,hemY,protein HemY,948311,b3802
NP_418247,EBHIBJHK_02658,P09127,NP_418247.1,b3803,CDS,hemX,PF04375 family protein HemX,948446,b3803
NP_418248,EBHIBJHK_02657,P09126,NP_418248.1,b3804,CDS,hemD,uroporphyrinogen-III synthase,948587,b3804
NP_418250,EBHIBJHK_02655,P00936,NP_418250.1,b3806,CDS,cyaA,adenylate cyclase,947755,b3806
NP_418251,EBHIBJHK_02654,P27838,NP_418251.1,b3807,CDS,cyaY,frataxin CyaY,947754,b3807
NP_418254,EBHIBJHK_02652,P0A6K1,NP_418254.2,b3809,CDS,dapF,diaminopimelate epimerase,948364,b3809
NP_418255,EBHIBJHK_02651,P23305,NP_418255.1,b3810,CDS,yigA,DUF484 domain-containing protein YigA,948359,b3810
NP_418256,EBHIBJHK_02650,P0A8P6,NP_418256.1,b3811,CDS,xerC,site-specific tyrosine recombinase,948355,b3811
NP_418257,EBHIBJHK_02649,P0ADP0,NP_418257.1,b3812,CDS,yigB,5-amino-6-(5-phospho-D-ribitylamino)uracil phosphatase,948357,b3812
NP_418258,EBHIBJHK_02648,P03018,NP_418258.1,b3813,CDS,uvrD,DNA helicase II,948347,b3813
NP_418260,EBHIBJHK_02645,P0ABI4,NP_418260.1,b3816,CDS,corA,Ni(2(+))/Co(2(+))/Mg(2(+)) transporter,948351,b3816
NP_418264,EBHIBJHK_02641,P0ADP2,NP_418264.4,b3820,CDS,yigI,putative thioesterase YigI,948338,b3820
NP_418265,EBHIBJHK_02640,P0A921,NP_418265.1,b3821,CDS,pldA,outer membrane phospholipase A,948307,b3821
NP_418271,EBHIBJHK_02634,P0ADP5,NP_418271.1,b3827,CDS,bioP,biotin transporter,948309,b3827
NP_418272,EBHIBJHK_02633,P0A9F9,NP_418272.1,b3828,CDS,metR,DNA-binding transcriptional dual regulator MetR,948310,b3828
NP_418273,EBHIBJHK_02632,P25665,NP_418273.1,b3829,CDS,metE,cobalamin-independent homocysteine transmethylase,948323,b3829
NP_418275,EBHIBJHK_02627,P12758,NP_418275.1,b3831,CDS,udp,uridine phosphorylase,948987,b3831
NP_418276,EBHIBJHK_02626,P0AG71,NP_418276.1,b3832,CDS,rmuC,putative recombination limiting protein RmuC,948966,b3832
NP_418278,EBHIBJHK_02624,P0ADP7,NP_418278.1,b3834,CDS,ubiJ,ubiquinone biosynthesis accessory factor UbiJ,948915,b3834
NP_418279,EBHIBJHK_02623,P0A6A0,NP_418279.1,b3835,CDS,ubiB,ubiquinone biosynthesis protein UbiB,948322,b3835
NP_418280,EBHIBJHK_02622,P69428,NP_418280.4,b3836,CDS,tatA,twin arginine protein translocation system - TatA protein,948321,b3836
NP_418282,EBHIBJHK_02620,P69423,NP_418282.1,b3839,CDS,tatC,twin arginine protein translocation system - TatC protein,948328,b3839
NP_418284,EBHIBJHK_02618,P0AFW0,NP_418284.1,b3842,CDS,rfaH,transcription antiterminator RfaH,948327,b3842
NP_418285,EBHIBJHK_02617,P0AAB4,NP_418285.1,b3843,CDS,ubiD,3-octaprenyl-4-hydroxybenzoate decarboxylase,948326,b3843
NP_418286,EBHIBJHK_02616,P0AEN1,NP_418286.1,b3844,CDS,fre,NAD(P)H-flavin reductase,948325,b3844
NP_418288,EBHIBJHK_02614,P21177,NP_418288.1,b3846,CDS,fadB,"multifunctional enoyl-CoA hydratase, 3-hydroxyacyl-CoA epimerase, Delta(3)-cis- Delta(2)-trans-enoyl-CoA isomerase, L-3-hydroxyacyl-CoA dehydrogenase",948336,b3846
NP_418289,EBHIBJHK_02613,P21165,NP_418289.1,b3847,CDS,pepQ,Xaa-Pro dipeptidase,948335,b3847
NP_418290,EBHIBJHK_02612,P27862,NP_418290.4,b3848,CDS,yigZ,IMPACT family member YigZ,948334,b3848
NP_418292,EBHIBJHK_02610,P0ACB4,NP_418292.1,b3850,CDS,hemG,protoporphyrinogen oxidase,948331,b3850
NP_418293,EBHIBJHK_04955,P32125,NP_418293.2,b3856,CDS,mobB,molybdopterin-guanine dinucleotide biosynthesis adaptor protein,948343,b3856
NP_418294,EBHIBJHK_04954,P32173,NP_418294.1,b3857,CDS,mobA,molybdenum cofactor guanylyltransferase,948349,b3857
NP_418295,EBHIBJHK_04953,P0ADP9,NP_418295.1,b3858,CDS,yihD,DUF1040 domain-containing protein YihD,948348,b3858
NP_418296,EBHIBJHK_04952,P0C0K3,NP_418296.1,b3859,CDS,srkA,stress response kinase A,948346,b3859
NP_418297,EBHIBJHK_04951,P0AEG4,NP_418297.1,b3860,CDS,dsbA,thiol:disulfide oxidoreductase DsbA,948353,b3860
NP_418298,EBHIBJHK_04710,P32128,NP_418298.4,b3861,CDS,yihF,DUF945 domain-containing protein YihF,948352,b3861
NP_418299,EBHIBJHK_04711,P32129,NP_418299.1,b3862,CDS,yihG,1-acylglycerol-3-phosphate O-acyltransferase YihG,948350,b3862
NP_418300,EBHIBJHK_04713,P00582,NP_418300.1,b3863,CDS,polA,DNA polymerase I,948356,b3863
NP_418301,EBHIBJHK_04714,P0A6P7,NP_418301.3,b3865,CDS,yihA,GTP-binding protein YihA,948358,b3865
NP_418302,EBHIBJHK_04715,P0A8H6,NP_418302.1,b3866,CDS,yihI,Der GTPase-activating protein YihI,948363,b3866
NP_418303,EBHIBJHK_04716,P32131,NP_418303.2,b3867,CDS,hemN,coproporphyrinogen III dehydrogenase,948362,b3867
NP_418304,EBHIBJHK_04718,P0AFB8,NP_418304.1,b3868,CDS,glnG,DNA-binding transcriptional dual regulator NtrC,948361,b3868
NP_418305,EBHIBJHK_04719,P0AFB5,NP_418305.1,b3869,CDS,glnL,protein histidine kinase NtrB,948360,b3869
NP_418306,EBHIBJHK_04720,P0A9C5,NP_418306.1,b3870,CDS,glnA,glutamine synthetase,948370,b3870
NP_418308,EBHIBJHK_02927,P0ACM9,NP_418308.1,b3872,CDS,yihL,putative DNA-binding transcriptional regulator YihL,948368,b3872
NP_418309,EBHIBJHK_02926,P32134,NP_418309.1,b3873,CDS,yihM,putative TIM barrel domain-containing protein YihM,948367,b3873
NP_418310,EBHIBJHK_02925,P32135,NP_418310.1,b3874,CDS,yihN,putative transporter YihN,948365,b3874
NP_418311,EBHIBJHK_02924,P76773,NP_418311.1,b3875,CDS,ompL,putative outer membrane porin L,948366,b3875
NP_418313,EBHIBJHK_02922,P32137,NP_418313.4,b3877,CDS,yihP,"putative 2,3-dihydroxypropane-1-sulfonate export protein",948371,b3877
NP_418314,EBHIBJHK_02921,P32138,NP_418314.1,b3878,CDS,yihQ,sulfoquinovosidase,948376,b3878
NP_418315,EBHIBJHK_02919,P32139,NP_418315.3,b3879,CDS,yihR,putative sulfoquinovose mutarotase YihR,948375,b3879
NP_418316,EBHIBJHK_02918,P32140,NP_418316.4,b3880,CDS,yihS,sulfoquinovose isomerase,948374,b3880
NP_418317,EBHIBJHK_02917,P32141,NP_418317.1,b3881,CDS,yihT,6-deoxy-6-sulfofructose-1-phosphate aldolase,948373,b3881
NP_418318,EBHIBJHK_02916,P0A9V8,NP_418318.1,b3882,CDS,yihU,3-sulfolactaldehyde reductase,948372,b3882
NP_418319,EBHIBJHK_02915,P32143,NP_418319.2,b3883,CDS,yihV,6-deoxy-6-sulfofructose kinase,948382,b3883
NP_418320,EBHIBJHK_02914,P32144,NP_418320.2,b3884,CDS,csqR,DNA-binding transcriptional dual regulator CsqR,948381,b3884
NP_418321,EBHIBJHK_02913,P0A8Y3,NP_418321.4,b3885,CDS,yihX,alpha-D-glucose-1-phosphate phosphatase YihX,948380,b3885
NP_418322,EBHIBJHK_02912,P0A8K8,NP_418322.1,b3886,CDS,yihY,PF03631 family membrane protein YihY,948379,b3886
NP_418323,EBHIBJHK_02911,P0A6M4,NP_418323.1,b3887,CDS,dtd,D-aminoacyl-tRNA deacylase,948378,b3887
NP_418324,EBHIBJHK_02910,P0ADQ2,NP_418324.1,b3888,CDS,fabY,putative fatty acid biosynthesis enzyme FabY,948387,b3888
NP_418325,EBHIBJHK_02903,P0ADQ5,NP_418325.4,b3889,CDS,yiiE,putative DNA-binding transcriptional regulator YiiE,948386,b3889
NP_418326,EBHIBJHK_02902,P0AFU6,NP_418326.2,b3890,CDS,yiiF,protein YiiF,948385,b3890
NP_418327,EBHIBJHK_02900,P13024,NP_418327.1,b3891,CDS,fdhE,formate dehydrogenase formation protein,948384,b3891
NP_418328,EBHIBJHK_02899,P0AEL0,NP_418328.1,b3892,CDS,fdoI,formate dehydrogenase O subunit gamma,948383,b3892
NP_418329,EBHIBJHK_02898,P0AAJ5,NP_418329.1,b3893,CDS,fdoH,formate dehydrogenase O subunit beta,948395,b3893
NP_418330,EBHIBJHK_02897,P32176,NP_418330.1,b3894,CDS,fdoG,formate dehydrogenase O subunit alpha,948394,b3894
NP_418331,EBHIBJHK_02895,P32177,NP_418331.1,b3895,CDS,fdhD,sulfurtransferase for molybdenum cofactor sulfuration,948393,b3895
NP_418332,EBHIBJHK_02894,P32151,NP_418332.1,b3896,CDS,yiiG,DUF3829 domain-containing lipoprotein YiiG,948392,b3896
NP_418333,EBHIBJHK_02893,P32152,NP_418333.1,b3897,CDS,frvR,putative DNA-binding transcriptional regulator FrvR,948389,b3897
NP_418334,EBHIBJHK_02892,P32153,NP_418334.1,b3898,CDS,frvX,peptidase M42 family protein FrvX,948388,b3898
NP_418335,EBHIBJHK_02891,P32154,NP_418335.4,b3899,CDS,frvB,putative PTS enzyme IIBC component FrvB,948390,b3899
NP_418336,EBHIBJHK_02890,P32155,NP_418336.1,b3900,CDS,frvA,putative PTS enzyme IIA component FrvA,948391,b3900
NP_418337,EBHIBJHK_02888,P32156,NP_418337.1,b3901,CDS,rhaM,L-rhamnose mutarotase,948402,b3901
NP_418338,EBHIBJHK_02887,P32169,NP_418338.1,b3902,CDS,rhaD,rhamnulose-1-phosphate aldolase,948401,b3902
NP_418340,EBHIBJHK_02885,P32171,NP_418340.1,b3904,CDS,rhaB,rhamnulokinase,948399,b3904
NP_418341,EBHIBJHK_02884,P09377,NP_418341.1,b3905,CDS,rhaS,DNA-binding transcriptional activator RhaS,948397,b3905
NP_418342,EBHIBJHK_02883,P09378,NP_418342.2,b3906,CDS,rhaR,DNA-binding transcriptional activator RhaR,948396,b3906
NP_418343,EBHIBJHK_02882,P27125,NP_418343.1,b3907,CDS,rhaT,rhamnose/lyxose:H(+) symporter,948398,b3907
NP_418344,EBHIBJHK_02881,P00448,NP_418344.3,b3908,CDS,sodA,superoxide dismutase (Mn),948403,b3908
NP_418345,EBHIBJHK_02880,P0A712,NP_418345.2,b3909,CDS,kdgT,2-dehydro-3-deoxy-D-gluconate:H(+) symporter,948407,b3909
NP_418346,EBHIBJHK_02879,P32157,NP_418346.2,b3910,CDS,yiiM,6-hydroxyaminopurine reductase,948406,b3910
NP_418347,EBHIBJHK_02878,P0AE82,NP_418347.1,b3911,CDS,cpxA,sensor histidine kinase CpxA,948405,b3911
NP_418348,EBHIBJHK_02877,P0AE88,NP_418348.1,b3912,CDS,cpxR,DNA-binding transcriptional dual regulator CpxR,948404,b3912
NP_418350,EBHIBJHK_02875,P69380,NP_418350.1,b3915,CDS,fieF,Zn(2(+))/Fe(2(+))/Cd(2(+)) exporter,948413,b3915
NP_418351,EBHIBJHK_02874,P0A796,NP_418351.1,b3916,CDS,pfkA,6-phosphofructokinase 1,948412,b3916
NP_418352,EBHIBJHK_02873,P0AG78,NP_418352.1,b3917,CDS,sbp,sulfate/thiosulfate ABC transporter periplasmic binding protein Sbp,948411,b3917
NP_418353,EBHIBJHK_02872,P06282,NP_418353.1,b3918,CDS,cdh,CDP-diacylglycerol diphosphatase,948410,b3918
NP_418354,EBHIBJHK_02871,P0A858,NP_418354.1,b3919,CDS,tpiA,triose-phosphate isomerase,948409,b3919
NP_418355,EBHIBJHK_02870,P32160,NP_418355.1,b3920,CDS,yiiQ,DUF1454 domain-containing protein YiiQ,948408,b3920
NP_418356,EBHIBJHK_02869,P0AF34,NP_418356.1,b3921,CDS,yiiR,DUF805 domain-containing protein YiiR,948417,b3921
NP_418357,EBHIBJHK_02868,P32162,NP_418357.1,b3922,CDS,yiiS,DUF406 domain-containing protein YiiS,948416,b3922
NP_418358,EBHIBJHK_02867,P0AAB8,NP_418358.1,b3923,CDS,uspD,universal stress protein D,948415,b3923
NP_418359,EBHIBJHK_02866,P28861,NP_418359.1,b3924,CDS,fpr,flavodoxin/ferredoxin-NADP(+) reductase,948414,b3924
NP_418360,EBHIBJHK_02865,P0A9C9,NP_418360.1,b3925,CDS,glpX,"fructose-1,6-bisphosphatase 2",948424,b3925
NP_418361,EBHIBJHK_02864,P0A6F3,NP_418361.1,b3926,CDS,glpK,glycerol kinase,948423,b3926
NP_418362,EBHIBJHK_02863,P0AER0,NP_418362.1,b3927,CDS,glpF,glycerol facilitator,948422,b3927
NP_418363,EBHIBJHK_02862,P0AF36,NP_418363.1,b3928,CDS,zapB,cell division factor ZapB,948420,b3928
NP_418364,EBHIBJHK_02861,P0A8R0,NP_418364.1,b3929,CDS,rraA,ribonuclease E inhibitor protein A,948419,b3929
NP_418365,EBHIBJHK_02860,P32166,NP_418365.1,b3930,CDS,menA,"1,4-dihydroxy-2-naphthoate octaprenyltransferase",948418,b3930
NP_418366,EBHIBJHK_02859,P0A6H5,NP_418366.1,b3931,CDS,hslU,ATPase component of the HslVU protease,948430,b3931
NP_418367,EBHIBJHK_02858,P0A7B8,NP_418367.1,b3932,CDS,hslV,peptidase component of the HslVU protease,948429,b3932
NP_418368,EBHIBJHK_02857,P29131,NP_418368.1,b3933,CDS,ftsN,cell division protein FtsN,948428,b3933
NP_418369,EBHIBJHK_02856,P0ACN7,NP_418369.1,b3934,CDS,cytR,DNA-binding transcriptional repressor CytR,948427,b3934
NP_418370,EBHIBJHK_02855,P17888,NP_418370.1,b3935,CDS,priA,primosomal protein N',948426,b3935
NP_418371,EBHIBJHK_02854,P0A7M9,NP_418371.1,b3936,CDS,rpmE,50S ribosomal subunit protein L31,948425,b3936
NP_418372,EBHIBJHK_03692,P32167,NP_418372.1,b3937,CDS,yiiX,putative lipid-binding hydrolase YiiX,948436,b3937
NP_418373,EBHIBJHK_03693,P0A8U6,NP_418373.1,b3938,CDS,metJ,DNA-binding transcriptional repressor MetJ,948435,b3938
NP_418374,EBHIBJHK_03694,P00935,NP_418374.1,b3939,CDS,metB,O-succinylhomoserine(thiol)-lyase/O-succinylhomoserine lyase,948434,b3939
NP_418375,EBHIBJHK_03695,P00562,NP_418375.1,b3940,CDS,metL,fused aspartate kinase/homoserine dehydrogenase 2,948433,b3940
NP_418376,EBHIBJHK_03698,P0AEZ1,NP_418376.1,b3941,CDS,metF,"5,10-methylenetetrahydrofolate reductase",948432,b3941
NP_418377,EBHIBJHK_03699,P13029,NP_418377.1,b3942,CDS,katG,catalase/hydroperoxidase HPI,948431,b3942
NP_418378,EBHIBJHK_03700,P0ABT8,NP_418378.4,b3943,CDS,yijE,cystine exporter,948445,b3943
NP_418379,EBHIBJHK_03701,P32668,NP_418379.1,b3944,CDS,yijF,DUF1287 domain-containing protein YijF,948441,b3944
NP_418380,EBHIBJHK_03702,P0A9S5,NP_418380.4,b3945,CDS,gldA,"L-1,2-propanediol dehydrogenase/glycerol dehydrogenase",948440,b3945
NP_418381,EBHIBJHK_03703,P32669,NP_418381.1,b3946,CDS,fsaB,fructose-6-phosphate aldolase 2,948439,b3946
NP_418384,EBHIBJHK_03705,P32672,NP_418384.1,b3949,CDS,frwC,putative PTS enzyme IIC component FrwC,948448,b3949
NP_418385,EBHIBJHK_03706,P69816,NP_418385.1,b3950,CDS,frwB,putative PTS enzyme IIB component FrwB,948447,b3950
NP_418386,EBHIBJHK_03707,P32674,NP_418386.1,b3951,CDS,pflD,putative formate acetyltransferase 2,948454,b3951
NP_418387,EBHIBJHK_03708,P32675,NP_418387.3,b3952,CDS,pflC,putative pyruvate formate-lyase 2 activating enzyme PflC,948453,b3952
NP_418388,EBHIBJHK_03709,P32676,NP_418388.1,b3953,CDS,frwD,putative PTS enzyme IIB component FrwD,948452,b3953
NP_418389,EBHIBJHK_03710,P32677,NP_418389.1,b3954,CDS,yijO,putative DNA-binding transcriptional regulator YijO,948451,b3954
NP_418390,EBHIBJHK_03711,P0CB39,NP_418390.1,b3955,CDS,eptC,phosphoethanolamine transferase EptC,948458,b3955
NP_418391,EBHIBJHK_03712,P00864,NP_418391.1,b3956,CDS,ppc,phosphoenolpyruvate carboxylase,948457,b3956
NP_418392,EBHIBJHK_03713,P23908,NP_418392.1,b3957,CDS,argE,acetylornithine deacetylase,948456,b3957
NP_418393,EBHIBJHK_03714,P11446,NP_418393.1,b3958,CDS,argC,N-acetylglutamylphosphate reductase,948455,b3958
NP_418394,EBHIBJHK_03715,P0A6C8,NP_418394.3,b3959,CDS,argB,acetylglutamate kinase,948464,b3959
NP_418395,EBHIBJHK_03716,P11447,NP_418395.1,b3960,CDS,argH,argininosuccinate lyase,948463,b3960
NP_418396,EBHIBJHK_03717,P0ACQ4,NP_418396.1,b3961,CDS,oxyR,DNA-binding transcriptional dual regulator OxyR,948462,b3961
NP_418397,EBHIBJHK_03718,P27306,NP_418397.2,b3962,CDS,sthA,soluble pyridine nucleotide transhydrogenase,948461,b3962
NP_418398,EBHIBJHK_03719,P0ACU5,NP_418398.3,b3963,CDS,fabR,DNA-binding transcriptional repressor FabR,948460,b3963
NP_418399,EBHIBJHK_03720,P0AF40,NP_418399.1,b3964,CDS,yijD,DUF1422 domain-containing inner membrane protein YijD,948459,b3964
NP_418400,EBHIBJHK_03721,P23003,NP_418400.1,b3965,CDS,trmA,tRNA m(5)U54 methyltransferase,947143,b3965
NP_418401,EBHIBJHK_03722,P06129,NP_418401.1,b3966,CDS,btuB,cobalamin outer membrane transporter,948468,b3966
NP_418402,EBHIBJHK_03723,P22634,NP_418402.2,b3967,CDS,murI,glutamate racemase,948467,b3967
NP_418403,EBHIBJHK_04926,P08373,NP_418403.1,b3972,CDS,murB,UDP-N-acetylenolpyruvoylglucosamine reductase,948470,b3972
NP_418404,EBHIBJHK_04925,P06709,NP_418404.1,b3973,CDS,birA,DNA-binding transcriptional repressor/biotin-[acetyl-CoA-carboxylase,948469,b3973
NP_418405,EBHIBJHK_04924,P0A6I3,NP_418405.1,b3974,CDS,coaA,pantothenate kinase,948479,b3974
NP_418407,EBHIBJHK_04176,P0CE48,NP_418407.1,b3980,CDS,tufB,translation elongation factor Tu 2,948482,b3980
NP_418408,EBHIBJHK_04175,P0AG96,NP_418408.1,b3981,CDS,secE,Sec translocon subunit SecE,948486,b3981
NP_418409,EBHIBJHK_04174,P0AFG0,NP_418409.1,b3982,CDS,nusG,transcription termination/antitermination factor NusG,948485,b3982
NP_418410,EBHIBJHK_04173,P0A7J7,NP_418410.1,b3983,CDS,rplK,50S ribosomal subunit protein L11,948484,b3983
NP_418411,EBHIBJHK_04172,P0A7L0,NP_418411.1,b3984,CDS,rplA,50S ribosomal subunit protein L1,948483,b3984
NP_418412,EBHIBJHK_04171,P0A7J3,NP_418412.1,b3985,CDS,rplJ,50S ribosomal subunit protein L10,948490,b3985
NP_418413,EBHIBJHK_04170,P0A7K2,NP_418413.1,b3986,CDS,rplL,50S ribosomal subunit protein L12,948489,b3986
NP_418414,EBHIBJHK_04169,P0A8V2,NP_418414.1,b3987,CDS,rpoB,RNA polymerase subunit beta,948488,b3987
NP_418415,EBHIBJHK_04168,P0A8T7,NP_418415.1,b3988,CDS,rpoC,RNA polymerase subunit beta',948487,b3988
NP_418416,EBHIBJHK_04167,P27375,NP_418416.1,b3989,CDS,yjaZ,protein YjaZ,948495,b3989
NP_418416,EBHIBJHK_04671,P27375,NP_418416.1,b3989,CDS,yjaZ,protein YjaZ,948495,b3989
NP_418417,EBHIBJHK_04166,P30140,NP_418417.1,b3990,CDS,thiH,2-iminoacetate synthase,948494,b3990
NP_418418,EBHIBJHK_04165,P30139,NP_418418.2,b3991,CDS,thiG,1-deoxy-D-xylulose 5-phosphate:thiol sulfurtransferase,948493,b3991
NP_418420,EBHIBJHK_04163,P30138,NP_418420.4,b3992,CDS,thiF,sulfur carrier protein ThiS adenylyltransferase,948500,b3992
NP_418421,EBHIBJHK_04162,P30137,NP_418421.1,b3993,CDS,thiE,thiamine phosphate synthase,948491,b3993
NP_418422,EBHIBJHK_04161,P30136,NP_418422.1,b3994,CDS,thiC,phosphomethylpyrimidine synthase,948492,b3994
NP_418423,EBHIBJHK_04160,P0AFX4,NP_418423.1,b3995,CDS,rsd,regulator of sigma D,948496,b3995
NP_418425,EBHIBJHK_04158,P29680,NP_418425.1,b3997,CDS,hemE,uroporphyrinogen decarboxylase,948497,b3997
NP_418426,EBHIBJHK_04157,P68739,NP_418426.2,b3998,CDS,nfi,endonuclease V,948502,b3998
NP_418427,EBHIBJHK_04156,P32680,NP_418427.1,b3999,CDS,yjaG,DUF416 domain-containing protein YjaG,948501,b3999
NP_418428,EBHIBJHK_04155,P0ACF0,NP_418428.1,b4000,CDS,hupA,DNA-binding protein HU-alpha,948499,b4000
NP_418429,EBHIBJHK_04154,P32681,NP_418429.1,b4001,CDS,yjaH,DUF1481 domain-containing protein YjaH,948508,b4001
NP_418430,EBHIBJHK_04153,P0AAA9,NP_418430.2,b4002,CDS,zraP,signaling pathway modulator ZraP,948507,b4002
NP_418431,EBHIBJHK_04151,P14377,NP_418431.1,b4003,CDS,zraS,sensor histidine kinase ZraS,948506,b4003
NP_418432,EBHIBJHK_04150,P14375,NP_418432.1,b4004,CDS,zraR,DNA-binding transcriptional activator ZraR,948505,b4004
NP_418433,EBHIBJHK_04149,P15640,NP_418433.1,b4005,CDS,purD,phosphoribosylamine--glycine ligase,948504,b4005
NP_418434,EBHIBJHK_04148,P15639,NP_418434.1,b4006,CDS,purH,bifunctional AICAR transformylase/IMP cyclohydrolase,948503,b4006
NP_418436,EBHIBJHK_04722,P09163,NP_418436.1,b4012,CDS,yjaB,peptidyl-lysine N-acetyltransferase YjaB,948514,b4012
NP_418437,EBHIBJHK_04723,P07623,NP_418437.1,b4013,CDS,metA,homoserine O-succinyltransferase,948513,b4013
NP_418438,EBHIBJHK_04724,P08997,NP_418438.1,b4014,CDS,aceB,malate synthase A,948512,b4014
NP_418439,EBHIBJHK_04725,P0A9G6,NP_418439.1,b4015,CDS,aceA,isocitrate lyase,948517,b4015
NP_418440,EBHIBJHK_04726,P11071,NP_418440.1,b4016,CDS,aceK,isocitrate dehydrogenase kinase/phosphatase,944797,b4016
NP_418441,EBHIBJHK_04727,P23325,NP_418441.1,b4017,CDS,arpA,regulator of acetyl CoA synthetase,944933,b4017
NP_418442,EBHIBJHK_04728,P16528,NP_418442.2,b4018,CDS,iclR,DNA-binding transcriptional repressor IclR,948524,b4018
NP_418443,EBHIBJHK_04729,P13009,NP_418443.1,b4019,CDS,metH,cobalamin-dependent methionine synthase,948522,b4019
NP_418444,EBHIBJHK_04730,P0AF43,NP_418444.1,b4020,CDS,yjbB,putative inorganic phosphate export protein YjbB,948521,b4020
NP_418445,EBHIBJHK_01726,P0A7C6,NP_418445.1,b4021,CDS,pepE,peptidase E,948520,b4021
NP_418446,EBHIBJHK_01734,P32684,NP_418446.1,b4022,CDS,rluF,23S rRNA pseudouridine(2604) and tRNA(Tyr) pseudouridine(35) synthase,948519,b4022
NP_418447,EBHIBJHK_01735,P32685,NP_418447.1,b4023,CDS,yjbD,DUF3811 domain-containing protein YjbD,948518,b4023
NP_418448,EBHIBJHK_01736,P08660,NP_418448.1,b4024,CDS,lysC,aspartate kinase III,948531,b4024
NP_418449,EBHIBJHK_01737,P0A6T1,NP_418449.1,b4025,CDS,pgi,glucose-6-phosphate isomerase,948535,b4025
NP_418451,EBHIBJHK_01739,P32687,NP_418451.4,b4027,CDS,yjbF,lipoprotein YjbF,948533,b4027
NP_418452,EBHIBJHK_01740,P32688,NP_418452.1,b4028,CDS,yjbG,capsule biosynthesis GfcC family protein YjbG,948526,b4028
NP_418453,EBHIBJHK_01741,P32689,NP_418453.1,b4029,CDS,yjbH,putative lipoprotein YjbH,948527,b4029
NP_418454,EBHIBJHK_01743,P0A7C8,NP_418454.1,b4030,CDS,psiE,putative phosphate starvation-inducible protein PsiE,948528,b4030
NP_418456,EBHIBJHK_01744,P68183,NP_418456.1,b4032,CDS,malG,maltose ABC transporter membrane subunit MalG,948530,b4032
NP_418457,EBHIBJHK_01745,P02916,NP_418457.1,b4033,CDS,malF,maltose ABC transporter membrane subunit MalF,948532,b4033
NP_418458,EBHIBJHK_01746,P0AEX9,NP_418458.1,b4034,CDS,malE,maltose ABC transporter periplasmic binding protein,948538,b4034
NP_418459,EBHIBJHK_01748,P68187,NP_418459.1,b4035,CDS,malK,maltose ABC transporter ATP binding subunit,948537,b4035
NP_418460,EBHIBJHK_01749,P02943,NP_418460.1,b4036,CDS,lamB,maltose outer membrane channel/phage lambda receptor protein,948548,b4036
NP_418461,EBHIBJHK_01750,P03841,NP_418461.1,b4037,CDS,malM,maltose regulon periplasmic protein,948547,b4037
NP_418463,EBHIBJHK_01752,P26602,NP_418463.4,b4039,CDS,ubiC,chorismate lyase,948545,b4039
NP_418464,EBHIBJHK_01753,P0AGK1,NP_418464.1,b4040,CDS,ubiA,4-hydroxybenzoate octaprenyltransferase,948540,b4040
NP_418465,EBHIBJHK_01754,P0A7A7,NP_418465.4,b4041,CDS,plsB,glycerol-3-phosphate 1-O-acyltransferase,948541,b4041
NP_418466,EBHIBJHK_01755,P0ABN1,NP_418466.1,b4042,CDS,dgkA,diacylglycerol kinase,948543,b4042
NP_418467,EBHIBJHK_01756,P0A7C2,NP_418467.1,b4043,CDS,lexA,DNA-binding transcriptional repressor LexA,948544,b4043
NP_418468,EBHIBJHK_01757,P28303,NP_418468.3,b4044,CDS,dinF,DNA damage-inducible protein F,948554,b4044
NP_418469,EBHIBJHK_01758,P68206,NP_418469.1,b4045,CDS,yjbJ,putative stress response protein YjbJ,948553,b4045
NP_418470,EBHIBJHK_01759,P0AC51,NP_418470.4,b4046,CDS,zur,DNA-binding transcriptional repressor Zur,948552,b4046
NP_418473,EBHIBJHK_01761,P32695,NP_418473.3,b4049,CDS,dusA,tRNA-dihydrouridine synthase A,948558,b4049
NP_418474,EBHIBJHK_01762,P32696,NP_418474.4,b4050,CDS,pspG,phage shock protein G,948557,b4050
NP_418475,EBHIBJHK_01763,P28304,NP_418475.1,b4051,CDS,qorA,putative quinone oxidoreductase 1,948556,b4051
NP_418476,EBHIBJHK_01764,P0ACB0,NP_418476.1,b4052,CDS,dnaB,replicative DNA helicase,948555,b4052
NP_418477,EBHIBJHK_01765,P0A6B4,NP_418477.1,b4053,CDS,alr,alanine racemase 1,948564,b4053
NP_418478,EBHIBJHK_01766,P04693,NP_418478.1,b4054,CDS,tyrB,tyrosine aminotransferase,948563,b4054
NP_418479,EBHIBJHK_01768,P0AE22,NP_418479.1,b4055,CDS,aphA,acid phosphatase/phosphotransferase,948562,b4055
NP_418480,EBHIBJHK_01769,P0AF48,NP_418480.1,b4056,CDS,yjbQ,PF01894 family protein YjbQ,948561,b4056
NP_418481,EBHIBJHK_01770,P0AF50,NP_418481.1,b4057,CDS,yjbR,PF04237 family protein YjbR,948560,b4057
NP_418482,EBHIBJHK_01771,P0A698,NP_418482.1,b4058,CDS,uvrA,UvrABC excision nuclease subunit A,948559,b4058
NP_418483,EBHIBJHK_01772,P0AGE0,NP_418483.1,b4059,CDS,ssb,ssDNA-binding protein,948570,b4059
NP_418484,EBHIBJHK_01773,P32700,NP_418484.4,b4060,CDS,yjcB,uncharacterized protein YjcB,948569,b4060
NP_418485,EBHIBJHK_01774,P32701,NP_418485.1,b4061,CDS,pdeC,c-di-GMP phosphodiesterase PdeC,948568,b4061
NP_418486,EBHIBJHK_01775,P0A9E2,NP_418486.1,b4062,CDS,soxS,DNA-binding transcriptional dual regulator SoxS,948567,b4062
NP_418487,EBHIBJHK_01776,P0ACS2,NP_418487.1,b4063,CDS,soxR,DNA-binding transcriptional dual regulator SoxR,948566,b4063
NP_418488,EBHIBJHK_01777,P0AF52,NP_418488.1,b4064,CDS,ghxP,guanine/hypoxanthine transporter GhxP,948565,b4064
NP_418489,EBHIBJHK_01778,P32703,NP_418489.1,b4065,CDS,yjcE,putative transporter YjcE,948577,b4065
NP_418490,EBHIBJHK_01779,P32704,NP_418490.1,b4066,CDS,yjcF,pentapeptide repeat-containing protein YjcF,948576,b4066
NP_418491,EBHIBJHK_01780,P32705,NP_418491.1,b4067,CDS,actP,acetate/glycolate:cation symporter,948575,b4067
NP_418492,EBHIBJHK_01781,P0AF54,NP_418492.1,b4068,CDS,yjcH,DUF485 domain-containing inner membrane protein YjcH,948574,b4068
NP_418493,EBHIBJHK_01782,P27550,NP_418493.1,b4069,CDS,acs,acetyl-CoA synthetase (AMP-forming),948572,b4069
NP_418494,EBHIBJHK_01783,P0ABK9,NP_418494.1,b4070,CDS,nrfA,cytochrome c552 nitrite reductase,948571,b4070
NP_418495,EBHIBJHK_01784,P0ABL1,NP_418495.2,b4071,CDS,nrfB,periplasmic nitrite reductase penta-heme c-type cytochrome,948573,b4071
NP_418496,EBHIBJHK_01785,P0AAK7,NP_418496.1,b4072,CDS,nrfC,putative menaquinol-cytochrome c reductase 4Fe-4S subunit,948581,b4072
NP_418497,EBHIBJHK_01786,P32709,NP_418497.1,b4073,CDS,nrfD,putative menaquinol-cytochrome c reductase subunit NrfD,948580,b4073
NP_418498,EBHIBJHK_01787,P32710,NP_418498.1,b4074,CDS,nrfE,putative cytochrome c-type biogenesis protein NrfE,948579,b4074
NP_418499,EBHIBJHK_01788,P32711,NP_418499.1,b4075,CDS,nrfF,putative formate-dependent nitrite reductase complex subunit NrfF,948578,b4075
NP_418500,EBHIBJHK_01789,P32712,NP_418500.1,b4076,CDS,nrfG,putative formate-dependent nitrite reductase complex subunit NrfG,948592,b4076
NP_418501,EBHIBJHK_01790,P21345,NP_418501.1,b4077,CDS,gltP,glutamate/aspartate : H(+) symporter GltP,948591,b4077
NP_418502,EBHIBJHK_01791,P0AF56,NP_418502.1,b4078,CDS,yjcO,Sel1 repeat-containing protein YjcO,948586,b4078
NP_418503,EBHIBJHK_01792,P07658,NP_418503.1,b4079,CDS,fdhF,formate dehydrogenase H,948584,b4079
NP_418504,EBHIBJHK_01794,P32714,NP_418504.1,b4080,CDS,mdtP,putative multidrug efflux pump outer membrane channel,948583,b4080
NP_418505,EBHIBJHK_01795,P32715,NP_418505.2,b4081,CDS,mdtO,putative multidrug efflux pump subunit MdtO,948582,b4081
NP_418506,EBHIBJHK_01796,P32716,NP_418506.1,b4082,CDS,mdtN,putative multidrug efflux pump membrane fusion protein,948598,b4082
NP_418507,EBHIBJHK_01798,P32717,NP_418507.2,b4083,CDS,yjcS,linear primary-alkylsulfatase,948597,b4083
NP_418516,EBHIBJHK_01801,P16692,NP_418516.1,b4092,CDS,phnP,"5-phospho-alpha-D-ribosyl 1,2-cyclic phosphate phosphodiesterase",948600,b4092
NP_418517,EBHIBJHK_01802,P16691,NP_418517.1,b4093,CDS,phnO,aminoalkylphosphonate N-acetyltransferase,948599,b4093
NP_418518,EBHIBJHK_01803,P16690,NP_418518.1,b4094,CDS,phnN,"ribose 1,5-bisphosphate phosphokinase",948608,b4094
NP_418519,EBHIBJHK_01804,P16689,NP_418519.1,b4095,CDS,phnM,RPnTP hydrolase,948613,b4095
NP_418520,EBHIBJHK_01805,P16679,NP_418520.1,b4096,CDS,phnL,methylphosphonate degradation complex subunit PhnL,948612,b4096
NP_418522,EBHIBJHK_01807,P16688,NP_418522.1,b4098,CDS,phnJ,carbon-phosphorus lyase core complex subunit PhnJ,948606,b4098
NP_418523,EBHIBJHK_01808,P16687,NP_418523.1,b4099,CDS,phnI,carbon-phosphorus lyase core complex subunit PhnI,948605,b4099
NP_418524,EBHIBJHK_01809,P16686,NP_418524.1,b4100,CDS,phnH,carbon-phosphorus lyase core complex subunit PhnH,948619,b4100
NP_418525,EBHIBJHK_01810,P16685,NP_418525.1,b4101,CDS,phnG,carbon-phosphorus lyase core complex subunit PhnG,948618,b4101
NP_418526,EBHIBJHK_01811,P16684,NP_418526.1,b4102,CDS,phnF,putative transcriptional regulator PhnF,948617,b4102
NP_418529,EBHIBJHK_01813,P16682,NP_418529.1,b4105,CDS,phnD,phosphonate/phosphate ABC transporter periplasmic binding protein,948624,b4105
NP_418530,EBHIBJHK_01814,P16677,NP_418530.1,b4106,CDS,phnC,phosphonate/phosphate ABC transporter ATP binding subunit,948623,b4106
NP_418531,EBHIBJHK_01815,P16681,NP_418531.1,b4107,CDS,yjdN,PF06983 family protein YjdN,948622,b4107
NP_418532,EBHIBJHK_01816,P0AFJ1,NP_418532.1,b4108,CDS,yjdM,zinc ribbon domain-containing protein YjdM,948621,b4108
NP_418533,EBHIBJHK_01817,P0DM85,NP_418533.1,b4109,CDS,rdcA,regulator of diguanylate cyclase RdcA,948620,b4109
NP_418534,EBHIBJHK_01818,P39267,NP_418534.4,b4110,CDS,rdcB,regulator of diguanylate cyclase RdcB,948633,b4110
NP_418535,EBHIBJHK_01819,P0C0L7,NP_418535.1,b4111,CDS,proP,osmolyte:H(+) symporter ProP,948626,b4111
NP_418536,EBHIBJHK_01821,P30844,NP_418536.1,b4112,CDS,basS,sensor histidine kinase BasS,948632,b4112
NP_418537,EBHIBJHK_01822,P30843,NP_418537.1,b4113,CDS,basR,DNA-binding transcriptional dual regulator BasR,948631,b4113
NP_418538,EBHIBJHK_01823,P30845,NP_418538.2,b4114,CDS,eptA,phosphoethanolamine transferase EptA,948629,b4114
NP_418539,EBHIBJHK_01824,P60061,NP_418539.1,b4115,CDS,adiC,arginine:agmatine antiporter,948628,b4115
NP_418540,EBHIBJHK_01825,P33234,NP_418540.1,b4116,CDS,adiY,DNA-binding transcriptional activator AdiY,948627,b4116
NP_418541,EBHIBJHK_01826,P28629,NP_418541.2,b4117,CDS,adiA,"arginine decarboxylase, degradative",948638,b4117
NP_418542,EBHIBJHK_01827,P0ACH8,NP_418542.1,b4118,CDS,melR,DNA-binding transcriptional dual regulator MelR,948637,b4118
NP_418543,EBHIBJHK_01828,P06720,NP_418543.1,b4119,CDS,melA,alpha-galactosidase,948636,b4119
NP_418544,EBHIBJHK_01829,P02921,NP_418544.2,b4120,CDS,melB,melibiose:H(+)/Na(+)/Li(+) symporter,948635,b4120
NP_418545,EBHIBJHK_01830,P39270,NP_418545.1,b4121,CDS,yjdF,DUF2238 domain-containing inner membrane protein YjdF,948634,b4121
NP_418546,EBHIBJHK_01831,P14407,NP_418546.1,b4122,CDS,fumB,fumarase B,948642,b4122
NP_418547,EBHIBJHK_01832,P0ABN9,NP_418547.1,b4123,CDS,dcuB,anaerobic C4-dicarboxylate transporter DcuB,948641,b4123
NP_418548,EBHIBJHK_01833,P0AD01,NP_418548.1,b4124,CDS,dcuR,DNA-binding transcriptional activator DcuR,948640,b4124
NP_418549,EBHIBJHK_01834,P0AEC8,NP_418549.1,b4125,CDS,dcuS,sensor histidine kinase DcuS,948639,b4125
NP_418550,EBHIBJHK_01835,P0AF59,NP_418550.1,b4126,CDS,yjdI,PF06902 family protein YjdI,948648,b4126
NP_418551,EBHIBJHK_01836,P39274,NP_418551.1,b4127,CDS,yjdJ,putative N-acetyltransferase YjdJ,948647,b4127
NP_418552,EBHIBJHK_01837,P0AF61,NP_418552.1,b4128,CDS,ghoS,antitoxin of the GhoTS toxin-antitoxin system,948646,b4128
NP_418553,EBHIBJHK_01839,P0A8N5,NP_418553.1,b4129,CDS,lysU,lysine--tRNA ligase/Ap4A synthetase/Ap3A synthetase,948645,b4129
NP_418554,EBHIBJHK_01840,P39276,NP_418554.1,b4130,CDS,dtpC,dipeptide/tripeptide:H(+) symporter DtpC,948644,b4130
NP_418555,EBHIBJHK_01841,P0A9H3,NP_418555.1,b4131,CDS,cadA,lysine decarboxylase 1,948643,b4131
NP_418556,EBHIBJHK_01842,P0AAE8,NP_418556.1,b4132,CDS,cadB,lysine:cadaverine antiporter,948654,b4132
NP_418557,EBHIBJHK_01843,P23890,NP_418557.1,b4133,CDS,cadC,DNA-binding transcriptional activator CadC,948653,b4133
NP_418558,EBHIBJHK_04643,P0ACU7,NP_418558.2,b4135,CDS,yjdC,putative DNA-binding transcriptional regulator YjdC,948650,b4135
NP_418559,EBHIBJHK_04644,P36655,NP_418559.1,b4136,CDS,dsbD,thiol-disulfide exchange protein DsbD,948649,b4136
NP_418560,EBHIBJHK_04645,P69488,NP_418560.1,b4137,CDS,cutA,copper binding protein CutA,948660,b4137
NP_418561,EBHIBJHK_04646,P0ABN5,NP_418561.1,b4138,CDS,dcuA,C4-dicarboxylate transporter DcuA,948659,b4138
NP_418562,EBHIBJHK_04647,P0AC38,NP_418562.4,b4139,CDS,aspA,aspartate ammonia-lyase,948658,b4139
NP_418564,EBHIBJHK_04648,P37147,NP_418564.2,b4140,CDS,fxsA,protein FxsA,948657,b4140
NP_418565,EBHIBJHK_04649,P39277,NP_418565.1,b4141,CDS,yjeH,L-methionine/branched chain amino acid exporter,948656,b4141
NP_418566,EBHIBJHK_04650,P0A6F9,NP_418566.1,b4142,CDS,groS,cochaperonin GroES,948655,b4142
NP_418567,EBHIBJHK_04651,P0A6F5,NP_418567.1,b4143,CDS,groL,chaperonin GroEL,948665,b4143
NP_418568,EBHIBJHK_04652,P0AF70,NP_418568.2,b4144,CDS,yjeI,DUF4156 domain-containing lipoprotein YjeI,948664,b4144
NP_418569,EBHIBJHK_04653,P39279,NP_418569.1,b4145,CDS,yjeJ,protein YjeJ,948663,b4145
NP_418570,EBHIBJHK_04654,P39280,NP_418570.1,b4146,CDS,epmB,"lysine 2,3-aminomutase",948662,b4146
NP_418571,EBHIBJHK_04655,P0A6N4,NP_418571.1,b4147,CDS,efp,protein chain elongation factor EF-P,948661,b4147
NP_418572,EBHIBJHK_03546,P69937,NP_418572.4,b4148,CDS,gdx,guanidinium exporter,948671,b4148
NP_418573,EBHIBJHK_03547,P0A901,NP_418573.1,b4149,CDS,blc,outer membrane lipoprotein Blc,948670,b4149
NP_418574,EBHIBJHK_03548,P00811,NP_418574.1,b4150,CDS,ampC,beta-lactamase,948669,b4150
NP_418575,EBHIBJHK_03549,P0A8Q3,NP_418575.1,b4151,CDS,frdD,fumarate reductase membrane protein FrdD,948668,b4151
NP_418576,EBHIBJHK_03550,P0A8Q0,NP_418576.1,b4152,CDS,frdC,fumarate reductase membrane protein FrdC,948680,b4152
NP_418577,EBHIBJHK_03551,P0AC47,NP_418577.1,b4153,CDS,frdB,fumarate reductase iron-sulfur protein,948666,b4153
NP_418578,EBHIBJHK_03552,P00363,NP_418578.1,b4154,CDS,frdA,fumarate reductase flavoprotein subunit,948667,b4154
NP_418579,EBHIBJHK_03553,P0A8N7,NP_418579.2,b4155,CDS,epmA,EF-P-lysine lysyltransferase,948672,b4155
NP_418580,EBHIBJHK_03554,P39282,NP_418580.2,b4156,CDS,yjeM,putative transporter YjeM,948679,b4156
NP_418583,EBHIBJHK_03555,P39285,NP_418583.1,b4159,CDS,mscM,miniconductance mechanosensitive channel MscM,948676,b4159
NP_418584,EBHIBJHK_03556,P0A8K1,NP_418584.1,b4160,CDS,psd,phosphatidylserine decarboxylase proenzyme,948673,b4160
NP_418585,EBHIBJHK_03557,P39286,NP_418585.4,b4161,CDS,rsgA,ribosome small subunit-dependent GTPase A,948674,b4161
NP_418586,EBHIBJHK_03558,P0A784,NP_418586.4,b4162,CDS,orn,oligoribonuclease,948675,b4162
NP_418587,EBHIBJHK_03562,P39288,NP_418587.1,b4166,CDS,queG,epoxyqueuosine reductase,948686,b4166
NP_418588,EBHIBJHK_03563,P31806,NP_418588.1,b4167,CDS,nnr,NAD(P)HX epimerase/NAD(P)HX dehydratase,948685,b4167
NP_418589,EBHIBJHK_03564,P0AF67,NP_418589.1,b4168,CDS,tsaE,"N(6)-L-threonylcarbamoyladenine synthase, TsaE subunit",948684,b4168
NP_418590,EBHIBJHK_03565,P26365,NP_418590.1,b4169,CDS,amiB,N-acetylmuramoyl-L-alanine amidase B,948683,b4169
NP_418591,EBHIBJHK_03566,P23367,NP_418591.1,b4170,CDS,mutL,DNA mismatch repair protein MutL,948691,b4170
NP_418592,EBHIBJHK_03567,P16384,NP_418592.1,b4171,CDS,miaA,tRNA dimethylallyltransferase,948690,b4171
NP_418593,EBHIBJHK_03568,P0A6X3,NP_418593.1,b4172,CDS,hfq,RNA-binding protein Hfq,948689,b4172
NP_418594,EBHIBJHK_03569,P25519,NP_418594.1,b4173,CDS,hflX,ribosome rescue factor HflX,948688,b4173
NP_418595,EBHIBJHK_03570,P0ABC7,NP_418595.1,b4174,CDS,hflK,regulator of FtsH protease,948698,b4174
NP_418596,EBHIBJHK_03571,P0ABC3,NP_418596.1,b4175,CDS,hflC,regulator of FtsH protease,948697,b4175
NP_418597,EBHIBJHK_03572,P0AF73,NP_418597.1,b4176,CDS,yjeT,DUF2065 domain-containing protein YjeT,948696,b4176
NP_418597,EBHIBJHK_03572,P0AF73,NP_418597.1,b4176,CDS,yjeT,DUF2065 domain-containing protein YjeT,948696,b4176
NP_418598,EBHIBJHK_03573,P0A7D4,NP_418598.1,b4177,CDS,purA,adenylosuccinate synthetase,948695,b4177
NP_418599,EBHIBJHK_03574,P0AF63,NP_418599.1,b4178,CDS,nsrR,DNA-binding transcriptional regulator NsrR,948693,b4178
NP_418600,EBHIBJHK_03575,P21499,NP_418600.4,b4179,CDS,rnr,RNase R,948692,b4179
NP_418601,EBHIBJHK_03576,P63177,NP_418601.1,b4180,CDS,rlmB,23S rRNA 2'-O-ribose G2251 methyltransferase,948694,b4180
NP_418602,EBHIBJHK_03577,P0AF76,NP_418602.1,b4181,CDS,yjfI,DUF2170 domain-containing protein YjfI,948704,b4181
NP_418603,EBHIBJHK_03578,P0AF78,NP_418603.1,b4182,CDS,yjfJ,PspA family protein YjfJ,948703,b4182
NP_418604,EBHIBJHK_03579,P39293,NP_418604.1,b4183,CDS,yjfK,DUF2491 domain-containing protein YjfK,948702,b4183
NP_418605,EBHIBJHK_03580,P0AF80,NP_418605.1,b4184,CDS,yjfL,DUF350 domain-containing inner membrane protein YjfL,948701,b4184
NP_418606,EBHIBJHK_03581,P39295,NP_418606.1,b4185,CDS,yjfM,DUF1190 domain-containing protein YjfM,948700,b4185
NP_418607,EBHIBJHK_03582,P33222,NP_418607.1,b4186,CDS,yjfC,putative acid--amine ligase YjfC,948699,b4186
NP_418608,EBHIBJHK_03583,P33224,NP_418608.6,b4187,CDS,aidB,putative acyl-CoA dehydrogenase AidB,948710,b4187
NP_418609,EBHIBJHK_03584,P0AF82,NP_418609.4,b4188,CDS,yjfN,protease activator YjfN,948709,b4188
NP_418610,EBHIBJHK_03585,P39297,NP_418610.4,b4189,CDS,bsmA,DUF1471 domain-containing putative lipoprotein BsmA,948708,b4189
NP_418611,EBHIBJHK_03586,P39298,NP_418611.1,b4190,CDS,yjfP,carboxylesterase,948707,b4190
NP_418612,EBHIBJHK_03587,P0A9W0,NP_418612.1,b4191,CDS,ulaR,DNA-binding transcriptional repressor UlaR,948706,b4191
NP_418613,EBHIBJHK_03588,P39300,NP_418613.2,b4192,CDS,ulaG,L-ascorbate-6-phosphate lactonase,948705,b4192
NP_418614,EBHIBJHK_03589,P39301,NP_418614.4,b4193,CDS,ulaA,L-ascorbate specific PTS enzyme IIC component,948717,b4193
NP_418615,EBHIBJHK_03590,P69822,NP_418615.1,b4194,CDS,ulaB,L-ascorbate specific PTS enzyme IIB component,948716,b4194
NP_418616,EBHIBJHK_03591,P69820,NP_418616.1,b4195,CDS,ulaC,L-ascorbate specific PTS enzyme IIA component,948715,b4195
NP_418617,EBHIBJHK_03592,P39304,NP_418617.1,b4196,CDS,ulaD,3-keto-L-gulonate-6-phosphate decarboxylase UlaD,948714,b4196
NP_418618,EBHIBJHK_03593,P39305,NP_418618.1,b4197,CDS,ulaE,L-ribulose-5-phosphate 3-epimerase UlaE,948712,b4197
NP_418619,EBHIBJHK_03594,P39306,NP_418619.1,b4198,CDS,ulaF,L-ribulose-5-phosphate 4-epimerase UlaF,948711,b4198
NP_418620,EBHIBJHK_03595,P0AF86,NP_418620.1,b4199,CDS,yjfY,DUF1471 domain-containing protein YjfY,948713,b4199
NP_418621,EBHIBJHK_03596,P02358,NP_418621.5,b4200,CDS,rpsF,30S ribosomal subunit protein S6,948723,b4200
NP_418622,EBHIBJHK_03597,P07013,NP_418622.1,b4201,CDS,priB,primosomal replication protein N,948722,b4201
NP_418623,EBHIBJHK_03598,P0A7T7,NP_418623.1,b4202,CDS,rpsR,30S ribosomal subunit protein S18,948721,b4202
NP_418624,EBHIBJHK_03599,P0A7R1,NP_418624.1,b4203,CDS,rplI,50S ribosomal subunit protein L9,948720,b4203
NP_418625,EBHIBJHK_03600,P39308,NP_418625.1,b4204,CDS,yjfZ,DUF2686 domain-containing protein YjfZ,948719,b4204
NP_418627,EBHIBJHK_02850,P39310,NP_418627.4,b4206,CDS,ytfB,cell division protein YtfB,948727,b4206
NP_418628,EBHIBJHK_02849,P0A9L3,NP_418628.4,b4207,CDS,fklB,peptidyl-prolyl cis-trans isomerase FklB,948726,b4207
NP_418629,EBHIBJHK_02848,P0AAE0,NP_418629.1,b4208,CDS,cycA,D-serine/alanine/glycine/:H(+)symporter,948725,b4208
NP_418630,EBHIBJHK_02847,P69506,NP_418630.1,b4209,CDS,ytfE,iron-sulfur cluster repair protein YtfE,948724,b4209
NP_418631,EBHIBJHK_02846,P39314,NP_418631.2,b4210,CDS,ytfF,inner membrane protein YtfF,948732,b4210
NP_418632,EBHIBJHK_02845,P39315,NP_418632.1,b4211,CDS,qorB,NAD(P)H:quinone oxidoreductase,948731,b4211
NP_418633,EBHIBJHK_02844,P0ACN2,NP_418633.4,b4212,CDS,ytfH,putative transcriptional regulator YtfH,948730,b4212
NP_418634,EBHIBJHK_02843,P08331,NP_418634.1,b4213,CDS,cpdB,"2',3'-cyclic-nucleotide 2'-phosphodiesterase/3'-nucleotidase",948729,b4213
NP_418635,EBHIBJHK_02842,P22255,NP_418635.1,b4214,CDS,cysQ,"3'(2'),5'-bisphosphate nucleotidase",948728,b4214
NP_418637,EBHIBJHK_02840,P39187,NP_418637.1,b4216,CDS,ytfJ,PF09695 family protein YtfJ,948737,b4216
NP_418638,EBHIBJHK_02839,P0ADE2,NP_418638.2,b4217,CDS,ytfK,stringent response modulator YtfK,948736,b4217
NP_418639,EBHIBJHK_02838,P0AE45,NP_418639.1,b4218,CDS,paeA,putative cadaverine/putrescine exporter,948735,b4218
NP_418640,EBHIBJHK_02837,P0A744,NP_418640.1,b4219,CDS,msrA,methionine sulfoxide reductase A,948734,b4219
NP_418641,EBHIBJHK_02836,P0ADE4,NP_418641.1,b4220,CDS,tamA,translocation and assembly module subunit TamA,948733,b4220
NP_418642,EBHIBJHK_02835,P39321,NP_418642.1,b4221,CDS,tamB,translocation and assembly module subunit TamB,948742,b4221
NP_418643,EBHIBJHK_02834,P0AE48,NP_418643.1,b4222,CDS,ytfP,gamma-glutamylamine cyclotransferase family protein YtfP,948741,b4222
NP_418645,EBHIBJHK_02833,P08365,NP_418645.2,b4224,CDS,chpS,ChpS antitoxin of the ChpB-ChpS toxin-antitoxin system,948739,b4224
NP_418646,EBHIBJHK_02832,P33647,NP_418646.1,b4225,CDS,chpB,endoribonuclease toxin ChpB,948747,b4225
NP_418647,EBHIBJHK_02831,P0A7A9,NP_418647.1,b4226,CDS,ppa,inorganic pyrophosphatase,948748,b4226
NP_418648,EBHIBJHK_02830,P39325,NP_418648.1,b4227,CDS,ytfQ,galactofuranose ABC transporter periplasmic binding protein,948746,b4227
NP_418651,EBHIBJHK_02828,P39328,NP_418651.3,b4230,CDS,ytfT,galactofuranose ABC transporter putative membrane subunit YtfT,948743,b4230
NP_418652,EBHIBJHK_02827,P37772,NP_418652.2,b4231,CDS,yjfF,galactofuranose ABC transporter putative membrane subunit YjtF,948754,b4231
NP_418653,EBHIBJHK_02826,P0A993,NP_418653.1,b4232,CDS,fbp,"fructose-1,6-bisphosphatase 1",948753,b4232
NP_418654,EBHIBJHK_02825,P37773,NP_418654.1,b4233,CDS,mpl,"UDP-N-acetylmuramate--L-alanyl-gamma-D-glutamyl-meso-2,6-diaminoheptanedioate ligase",948752,b4233
NP_418655,EBHIBJHK_02824,P0A8X0,NP_418655.1,b4234,CDS,yjgA,putative ribosome biogenesis factor YjgA,948751,b4234
NP_418656,EBHIBJHK_02823,P0AFK0,NP_418656.1,b4235,CDS,tldE,metalloprotease subunit TldE,948750,b4235
NP_418658,EBHIBJHK_02819,P0A9N8,NP_418658.1,b4237,CDS,nrdG,anaerobic ribonucleoside-triphosphate reductase activating protein,948757,b4237
NP_418659,EBHIBJHK_02818,P28903,NP_418659.1,b4238,CDS,nrdD,anaerobic ribonucleoside-triphosphate reductase,948755,b4238
NP_418660,EBHIBJHK_02817,P28904,NP_418660.1,b4239,CDS,treC,trehalose-6-phosphate hydrolase,948762,b4239
NP_418661,EBHIBJHK_02816,P36672,NP_418661.1,b4240,CDS,treB,trehalose-specific PTS enzyme IIBC component,948761,b4240
NP_418662,EBHIBJHK_02815,P36673,NP_418662.1,b4241,CDS,treR,DNA-binding transcriptional repressor TreR,948760,b4241
NP_418663,EBHIBJHK_02814,P0ABB8,NP_418663.1,b4242,CDS,mgtA,Mg(2(+)) importing P-type ATPase,948778,b4242
NP_418664,EBHIBJHK_02813,P0AF93,NP_418664.2,b4243,CDS,ridA,"enamine/imine deaminase, redox-regulated chaperone",948771,b4243
NP_418665,EBHIBJHK_02812,P0A7F3,NP_418665.1,b4244,CDS,pyrI,"aspartate carbamoyltransferase, PyrI subunit",948763,b4244
NP_418666,EBHIBJHK_02811,P0A786,NP_418666.1,b4245,CDS,pyrB,aspartate carbamoyltransferase catalytic subunit,948767,b4245
NP_418669,EBHIBJHK_02810,P39332,NP_418669.1,b4248,CDS,yjgH,RutC family protein YjgH,948769,b4248
NP_418670,EBHIBJHK_02809,P39333,NP_418670.1,b4249,CDS,bdcA,c-di-GMP-binding biofilm dispersal mediator protein,948765,b4249
NP_418672,EBHIBJHK_02808,P39334,NP_418672.4,b4251,CDS,bdcR,putative transcriptional regulator BdcR,948775,b4251
NP_418673,EBHIBJHK_02807,P0AF96,NP_418673.4,b4252,CDS,tabA,DUF386 domain-containing toxin-antitoxin biofilm protein TabA,948777,b4252
NP_418674,EBHIBJHK_02806,P39336,NP_418674.2,b4253,CDS,yjgL,protein YjgL,948776,b4253
NP_418675,EBHIBJHK_02805,P04391,NP_418675.1,b4254,CDS,argI,ornithine carbamoyltransferase ArgI,948774,b4254
NP_418675,EBHIBJHK_04863,P04391,NP_418675.1,b4254,CDS,argI,ornithine carbamoyltransferase ArgI,948774,b4254
NP_418676,EBHIBJHK_02804,P0AF90,NP_418676.1,b4255,CDS,rraB,ribonuclease E inhibitor protein B,948773,b4255
NP_418679,EBHIBJHK_02801,P07118,NP_418679.1,b4258,CDS,valS,valine--tRNA ligase,948785,b4258
NP_418680,EBHIBJHK_02800,P28905,NP_418680.1,b4259,CDS,holC,DNA polymerase III subunit chi,948787,b4259
NP_418681,EBHIBJHK_02799,P68767,NP_418681.1,b4260,CDS,pepA,aminopeptidase A/I,948791,b4260
NP_418682,EBHIBJHK_02798,P0AF98,NP_418682.1,b4261,CDS,lptF,lipopolysaccharide transport system protein LptF,948795,b4261
NP_418683,EBHIBJHK_02797,P0ADC6,NP_418683.4,b4262,CDS,lptG,lipopolysaccharide transport system protein LptG,945324,b4262
NP_418684,EBHIBJHK_02796,P39342,NP_418684.1,b4263,CDS,yjgR,DUF853 domain-containing protein YjgR,948978,b4263
NP_418685,EBHIBJHK_02795,P39343,NP_418685.1,b4264,CDS,idnR,DNA-binding transcriptional dual regulator IdnR,949058,b4264
NP_418686,EBHIBJHK_02794,P39344,NP_418686.1,b4265,CDS,idnT,L-idonate/5-ketogluconate/gluconate transporter,948798,b4265
NP_418687,EBHIBJHK_02793,P0A9P9,NP_418687.1,b4266,CDS,idnO,5-keto-D-gluconate 5-reductase,947109,b4266
NP_418688,EBHIBJHK_02792,P39346,NP_418688.1,b4267,CDS,idnD,L-idonate 5-dehydrogenase,944769,b4267
NP_418689,EBHIBJHK_02791,P39208,NP_418689.1,b4268,CDS,idnK,"D-gluconate kinase, thermosensitive",946066,b4268
NP_418690,EBHIBJHK_02790,P27250,NP_418690.4,b4269,CDS,ahr,NADPH-dependent aldehyde reductase Ahr,948802,b4269
NP_418692,EBHIBJHK_04813,P0CF45,NP_418692.2,b4272,CDS,insC6,IS2 insertion element repressor InsA,948781,b4272
NP_418693,EBHIBJHK_03351,P0CF58,NP_418693.1,b4273,CDS,insD6,IS2 insertion element protein InsB,948779,b4273
NP_418693,EBHIBJHK_04814,P0CF58,NP_418693.1,b4273,CDS,insD6,IS2 insertion element protein InsB,948779,b4273
NP_418698,EBHIBJHK_02784,P03835,NP_418698.1,b4278,CDS,insG,IS4 family putative transposase,948805,b4278
NP_418699,EBHIBJHK_02783,P39352,NP_418699.4,b4279,CDS,nanX,sialic acid transporter NanX,948807,b4279
NP_418700,EBHIBJHK_02782,P39353,NP_418700.2,b4280,CDS,nanY,"2,7-anhydro-N-acetylneuraminate hydratase",948808,b4280
NP_418707,EBHIBJHK_04838,P15031,NP_418707.1,b4287,CDS,fecE,ferric citrate ABC transporter ATP binding subunit,948819,b4287
NP_418708,EBHIBJHK_04837,P15029,NP_418708.1,b4288,CDS,fecD,ferric citrate ABC transporter membrane subunit FecD,946816,b4288
NP_418709,EBHIBJHK_04836,P15030,NP_418709.1,b4289,CDS,fecC,ferric citrate ABC transporter membrane subunit FecC,948826,b4289
NP_418710,EBHIBJHK_04835,P15028,NP_418710.4,b4290,CDS,fecB,ferric citrate ABC transporter periplasmic binding protein,946838,b4290
NP_418711,EBHIBJHK_04834,P13036,NP_418711.1,b4291,CDS,fecA,ferric citrate outer membrane transporter,946427,b4291
NP_418712,EBHIBJHK_04833,P23485,NP_418712.1,b4292,CDS,fecR,ferric citrate regulator FecR,949104,b4292
NP_418713,EBHIBJHK_04832,P23484,NP_418713.1,b4293,CDS,fecI,RNA polymerase sigma factor FecI,946839,b4293
NP_418715,EBHIBJHK_02427,P39356,NP_418715.2,b4295,CDS,yjhU,putative DNA-binding transcriptional regulator YjhU,948827,b4295
NP_418716,EBHIBJHK_02426,P39357,NP_418716.1,b4296,CDS,yjhF,putative transporter YjhF,949102,b4296
NP_418717,EBHIBJHK_02425,P39358,NP_418717.1,b4297,CDS,yjhG,D-xylonate dehydratase,946829,b4297
NP_418718,EBHIBJHK_02424,P39359,NP_418718.4,b4298,CDS,yjhH,putative 2-dehydro-3-deoxy-D-pentonate aldolase,948825,b4298
NP_418719,EBHIBJHK_02423,P39360,NP_418719.1,b4299,CDS,yjhI,putative DNA-binding transcriptional regulator YjhI,949100,b4299
NP_418720,EBHIBJHK_02422,P39361,NP_418720.1,b4300,CDS,sgcR,putative DNA-binding transcriptional regulator SgcR,946830,b4300
NP_418721,EBHIBJHK_02421,P39362,NP_418721.1,b4301,CDS,sgcE,putative epimerase SgcE,948829,b4301
NP_418722,EBHIBJHK_02420,P39363,NP_418722.1,b4302,CDS,sgcA,putative PTS enzyme IIA component SgcA,948831,b4302
NP_418723,EBHIBJHK_02419,P39364,NP_418723.1,b4303,CDS,sgcQ,putative nucleoside triphosphatase,948834,b4303
NP_418724,EBHIBJHK_02418,P39365,NP_418724.1,b4304,CDS,sgcC,putative PTS enzyme IIC component SgcC,946849,b4304
NP_418725,EBHIBJHK_02416,P39366,NP_418725.4,b4305,CDS,sgcX,putative endoglucanase with Zn-dependent exopeptidase domain,948840,b4305
NP_418726,EBHIBJHK_02415,P39367,NP_418726.1,b4306,CDS,yjhP,putative methyltransferase YjhP,946851,b4306
NP_418727,EBHIBJHK_02414,P39368,NP_418727.1,b4307,CDS,yjhQ,putative acetyltransferase TopAI antitoxin YjhQ,949059,b4307
NP_418729,EBHIBJHK_02411,P39370,NP_418729.1,b4309,CDS,nanS,N-acetyl-9-O-acetylneuraminate esterase,948835,b4309
NP_418730,EBHIBJHK_02410,P39371,NP_418730.4,b4310,CDS,nanM,N-acetylneuraminate mutarotase,949106,b4310
NP_418731,EBHIBJHK_02409,P69856,NP_418731.2,b4311,CDS,nanC,N-acetylneuraminate outer membrane channel,946843,b4311
NP_418732,EBHIBJHK_02408,P0ADH5,NP_418732.1,b4312,CDS,fimB,Type 1 fimbriae regulatory protein FimB,948832,b4312
NP_418733,EBHIBJHK_02407,P0ADH7,NP_418733.1,b4313,CDS,fimE,regulator for fimA,948836,b4313
NP_418734,EBHIBJHK_02406,P04128,NP_418734.1,b4314,CDS,fimA,type 1 fimbriae major subunit,948838,b4314
NP_418734,EBHIBJHK_04094,P04128,NP_418734.1,b4314,CDS,fimA_1,type 1 fimbriae major subunit,948838,b4314
NP_418735,EBHIBJHK_02405,P39264,NP_418735.2,b4315,CDS,fimI,putative fimbrial protein FimI,948841,b4315
NP_418736,EBHIBJHK_04095,P31697,NP_418736.3,b4316,CDS,fimC,type 1 fimbriae periplasmic chaperone,948843,b4316
NP_418736,EBHIBJHK_02404,P31697,NP_418736.3,b4316,CDS,fimC,type 1 fimbriae periplasmic chaperone,948843,b4316
NP_418737,EBHIBJHK_02403,P30130,NP_418737.1,b4317,CDS,fimD,type I fimbriae usher protein,948844,b4317
NP_418738,EBHIBJHK_02402,P08189,NP_418738.1,b4318,CDS,fimF,type 1 fimbriae minor subunit FimF,948845,b4318
NP_418739,EBHIBJHK_02401,P08190,NP_418739.1,b4319,CDS,fimG,type 1 fimbriae minor subunit FimG,948846,b4319
NP_418740,EBHIBJHK_02400,P08191,NP_418740.1,b4320,CDS,fimH,type 1 fimbriae D-mannose specific adhesin,948847,b4320
NP_418741,EBHIBJHK_02399,P0AC94,NP_418741.1,b4321,CDS,gntP,fructuronate transporter,948848,b4321
NP_418742,EBHIBJHK_02398,P24215,NP_418742.1,b4322,CDS,uxuA,D-mannonate dehydratase,947082,b4322
NP_418743,EBHIBJHK_02397,P39160,NP_418743.1,b4323,CDS,uxuB,D-mannonate oxidoreductase,946795,b4323
NP_418744,EBHIBJHK_02395,P39161,NP_418744.1,b4324,CDS,uxuR,DNA-binding transcriptional repressor UxuR,948849,b4324
NP_418745,EBHIBJHK_02394,P39374,NP_418745.3,b4325,CDS,yjiC,DUF2686 domain-containing protein YjiC,948850,b4325
NP_418746,EBHIBJHK_02392,P39375,NP_418746.4,b4326,CDS,iraD,anti-adaptor protein IraD,948851,b4326
NP_418747,EBHIBJHK_02391,P39376,NP_418747.1,b4327,CDS,hypT,DNA-binding transcriptional dual regulator HypT,948852,b4327
NP_418748,EBHIBJHK_02390,P39377,NP_418748.1,b4328,CDS,iadA,isoaspartyl dipeptidase,948853,b4328
NP_418749,EBHIBJHK_02389,P0AEH8,NP_418749.1,b4329,CDS,yjiG,Gate family protein YjiG,948854,b4329
NP_418750,EBHIBJHK_02388,P39379,NP_418750.2,b4330,CDS,yjiH,uncharacterized protein YjiH,948856,b4330
NP_418751,EBHIBJHK_02387,P39380,NP_418751.4,b4331,CDS,kptA,RNA 2'-phosphotransferase,948858,b4331
NP_418752,EBHIBJHK_02385,P39381,NP_418752.1,b4332,CDS,yjiJ,putative transporter YjiJ,948859,b4332
NP_418753,EBHIBJHK_02384,P39382,NP_418753.3,b4333,CDS,yjiK,PF06977 family protein YjiK,948957,b4333
NP_418754,EBHIBJHK_02382,P39383,NP_418754.2,b4334,CDS,yjiL,"putative ATPase, activator of (R)-hydroxyglutaryl-CoA dehdratase",948837,b4334
NP_418755,EBHIBJHK_02381,P39384,NP_418755.4,b4335,CDS,yjiM,putative dehydratase subunit,945789,b4335
NP_418756,EBHIBJHK_02380,P39385,NP_418756.1,b4336,CDS,yjiN,DUF445 domain-containing protein YjiN,948860,b4336
NP_418767,EBHIBJHK_02377,P39394,NP_418767.4,b4347,CDS,symE,nucleoid-associated protein SymE,949088,b4347
NP_418769,EBHIBJHK_02375,P08957,NP_418769.1,b4349,CDS,hsdM,type I restriction enzyme EcoKI methylase subunit,948872,b4349
NP_418770,EBHIBJHK_02374,P08956,NP_418770.2,b4350,CDS,hsdR,type I restriction enzyme EcoKI endonuclease subunit,948878,b4350
NP_418771,EBHIBJHK_02373,P24202,NP_418771.1,b4351,CDS,mrr,Type IV methyl-directed restriction enzyme EcoKMrr,948898,b4351
NP_418772,EBHIBJHK_02372,P24203,NP_418772.4,b4352,CDS,yjiA,P-loop guanosine triphosphatase YjiA,948882,b4352
NP_418773,EBHIBJHK_02371,P0ADC8,NP_418773.1,b4353,CDS,yjiX,PF04328 family protein YjiX,949090,b4353
NP_418774,EBHIBJHK_02370,P39396,NP_418774.2,b4354,CDS,btsT,pyruvate:H(+) symporter,948914,b4354
NP_418775,EBHIBJHK_02369,P02942,NP_418775.1,b4355,CDS,tsr,methyl-accepting chemotaxis protein Tsr,948884,b4355
NP_418778,EBHIBJHK_02363,P39400,NP_418778.4,b4358,CDS,lgoD,L-galactonate oxidoreductase,948883,b4358
NP_418779,EBHIBJHK_02362,P39401,NP_418779.2,b4359,CDS,opgB,phosphoglycerol transferase I,948888,b4359
NP_418780,EBHIBJHK_02361,P18390,NP_418780.2,b4360,CDS,yjjA,DUF2501 domain-containing protein YjjA,948887,b4360
NP_418781,EBHIBJHK_02360,P0AEF0,NP_418781.1,b4361,CDS,dnaC,DNA replication protein DnaC,948864,b4361
NP_418782,EBHIBJHK_02359,P0A8J2,NP_418782.1,b4362,CDS,dnaT,primosomal protein DnaT,948813,b4362
NP_418783,EBHIBJHK_02358,P0ADD2,NP_418783.2,b4363,CDS,yjjB,putative succinate exporter YjjB,948811,b4363
NP_418784,EBHIBJHK_02357,P0ADD5,NP_418784.4,b4364,CDS,yjjP,putative succinate exporter YjjP,948812,b4364
NP_418785,EBHIBJHK_02356,P0ADD7,NP_418785.1,b4365,CDS,yjjQ,DNA-binding transcriptional repressor YjjQ,948896,b4365
NP_418787,EBHIBJHK_02353,P39405,NP_418787.1,b4367,CDS,fhuF,ferric-siderophore reductase FhuF,948891,b4367
NP_418788,EBHIBJHK_02348,P39406,NP_418788.1,b4371,CDS,rsmC,16S rRNA m(2)G1207 methyltransferase,948892,b4371
NP_418789,EBHIBJHK_02347,P28632,NP_418789.1,b4372,CDS,holD,DNA polymerase III subunit psi,948890,b4372
NP_418790,EBHIBJHK_02346,P0A944,NP_418790.1,b4373,CDS,rimI,protein N-acetyltransferase RimI,948894,b4373
NP_418791,EBHIBJHK_02345,P0A8Y1,NP_418791.1,b4374,CDS,yjjG,pyrimidine 5'-nucleotidase YjjG,948899,b4374
NP_418792,EBHIBJHK_02344,P0A7I4,NP_418792.1,b4375,CDS,prfC,peptide chain release factor RF3,948897,b4375
NP_418793,EBHIBJHK_02343,P0AFH8,NP_418793.1,b4376,CDS,osmY,periplasmic chaperone OsmY,948895,b4376
NP_418794,EBHIBJHK_02341,P39407,NP_418794.1,b4377,CDS,yjjU,putative patatin-like phospholipase YjjU,948906,b4377
NP_418796,EBHIBJHK_02339,P39409,NP_418796.1,b4379,CDS,yjjW,putative glycyl-radical enzyme activating enzyme YjjW,948905,b4379
NP_418797,EBHIBJHK_02338,P37342,NP_418797.1,b4380,CDS,yjjI,DUF3029 domain-containing protein YjjI,948904,b4380
NP_418798,EBHIBJHK_02337,P0A6L0,NP_418798.1,b4381,CDS,deoC,deoxyribose-phosphate aldolase,948902,b4381
NP_418799,EBHIBJHK_02336,P07650,NP_418799.1,b4382,CDS,deoA,thymidine phosphorylase,948901,b4382
NP_418800,EBHIBJHK_02335,P0A6K6,NP_418800.1,b4383,CDS,deoB,phosphopentomutase,948910,b4383
NP_418801,EBHIBJHK_02334,P0ABP8,NP_418801.1,b4384,CDS,deoD,purine nucleoside phosphorylase,945654,b4384
NP_418803,EBHIBJHK_02332,P32099,NP_418803.1,b4386,CDS,lplA,lipoate--protein ligase A,944865,b4386
NP_418804,EBHIBJHK_02331,P0AGC7,NP_418804.1,b4387,CDS,ytjB,putative inner membrane protein Smp,946089,b4387
NP_418805,EBHIBJHK_02330,P0AGB0,NP_418805.1,b4388,CDS,serB,phosphoserine phosphatase,948913,b4388
NP_418806,EBHIBJHK_02329,P24554,NP_418806.1,b4389,CDS,radA,DNA recombination protein,948912,b4389
NP_418807,EBHIBJHK_02328,P27278,NP_418807.4,b4390,CDS,nadR,DNA-binding transcriptional repressor/NMN adenylyltransferase NadR,948911,b4390
NP_418808,EBHIBJHK_04799,P0A9W3,NP_418808.1,b4391,CDS,ettA,energy-dependent translational throttle protein EttA,948909,b4391
NP_418809,EBHIBJHK_04798,P0AGC3,NP_418809.4,b4392,CDS,slt,soluble lytic murein transglycosylase,948908,b4392
NP_418810,EBHIBJHK_04797,P0A881,NP_418810.1,b4393,CDS,trpR,DNA-binding transcriptional repressor TrpR,948917,b4393
NP_418811,EBHIBJHK_04796,P39411,NP_418811.2,b4394,CDS,yjjX,inosine/xanthosine triphosphatase,948919,b4394
NP_418812,EBHIBJHK_04795,P0A7A2,NP_418812.1,b4395,CDS,ytjC,putative phosphatase,948918,b4395
NP_418813,EBHIBJHK_04794,P0ACI0,NP_418813.1,b4396,CDS,rob,DNA-binding transcriptional dual regulator Rob,948916,b4396
NP_418814,EBHIBJHK_04793,P0AE91,NP_418814.1,b4397,CDS,creA,PF05981 family protein CreA,948920,b4397
NP_418815,EBHIBJHK_04792,P08368,NP_418815.1,b4398,CDS,creB,DNA-binding transcriptional regulator CreB,948922,b4398
NP_418816,EBHIBJHK_04791,P08401,NP_418816.1,b4399,CDS,creC,sensory histidine kinase CreC,948609,b4399
NP_418817,EBHIBJHK_04790,P08369,NP_418817.1,b4400,CDS,creD,putative inner membrane protein CreD,948868,b4400
NP_418818,EBHIBJHK_00617,P0A9Q1,NP_418818.1,b4401,CDS,arcA,DNA-binding transcriptional dual regulator ArcA,948874,b4401
NP_418820,EBHIBJHK_00618,P37005,NP_418820.1,b4403,CDS,yjtD,putative tRNA/rRNA methyltransferase YjtD,948924,b4403
YP_001165307,EBHIBJHK_04563,A5A605,YP_001165307.1,b4586,CDS,ykfM,uncharacterized protein YkfM,5061498,b4586
YP_001165313,EBHIBJHK_00889,P24244,YP_001165313.1,b4592,CDS,appX,cytochrome bd-II accessory subunit AppX,948955,b4592
YP_001165317,EBHIBJHK_03759,A5A614,YP_001165317.1,b4596,CDS,yciZ,UPF0509 family protein YciZ,5061509,b4596
YP_001165319,EBHIBJHK_03879,A5A616,YP_001165319.1,b4599,CDS,mgtS,small protein MgtS,5061497,b4599
YP_001165321,EBHIBJHK_00300,A5A618,YP_001165321.1,b4602,CDS,cydH,cytochrome bd-I accessory subunit CydH,5061505,b4602
YP_001165331,EBHIBJHK_02449,A5A627,YP_001165331.1,b4618,CDS,tisB,membrane-depolarizing toxin TisB,5061527,b4618
YP_001165333,EBHIBJHK_01767,P58036,YP_001165333.1,b4621,CDS,yjbS,uncharacterized protein YjbS,5061529,b4621
YP_001165334,EBHIBJHK_01797,A5A630,YP_001165334.1,b4622,CDS,ytcA,putative lipoprotein YtcA,5061530,b4622
YP_001491548,EBHIBJHK_02781,A8DYQ1,YP_001491548.1,b4655,CDS,ythA,uncharacterized protein YthA,5625581,b4655
YP_002791237,EBHIBJHK_00689,C1P5Z7,YP_002791237.1,b4662,CDS,sgrT,PtsG glucose transporter inhibitor,7751624,b4662
YP_002791238,EBHIBJHK_01045,C1P5Z8,YP_002791238.1,b4671,CDS,ykgR,putative membrane protein YkgR,7751635,b4671
YP_002791252,EBHIBJHK_02528,C1P612,YP_002791252.1,b4682,CDS,yqcG,cell envelope stress response protein YqcG,7751618,b4682
YP_002791254,EBHIBJHK_02776,C1P614,YP_002791254.1,b4684,CDS,yqfG,uncharacterized protein YqfG,7751638,b4684
YP_002791260,EBHIBJHK_04717,C1P620,YP_002791260.1,b4686,CDS,yshB,uncharacterized protein YshB,7751621,b4686
YP_004831120,EBHIBJHK_01820,G3MTW7,YP_004831120.1,b4703,CDS,pmrR,small regulatory membrane protein PmrR,11115379,b4703
YP_009029994,EBHIBJHK_01434,P77129,YP_009029994.1,b4572,CDS,ylbE,DUF1116 domain-containing protein YlbE,4056025,b4572
YP_009029995,EBHIBJHK_02992,P0DKB3,YP_009029995.1,b4705,CDS,mntS,small protein MntS,14678509,b4705
YP_009518734,EBHIBJHK_00676,P39220,YP_009518734.1,b0056,CDS,yabP,putative uncharacterized protein YabP,945039,b0056
YP_009518740,EBHIBJHK_04639,A0A075QTR3,YP_009518740.1,b4709,CDS,insA9,IS1 family repressor TnpA,38094938,b4709
YP_009518741,EBHIBJHK_04981,Q47688,YP_009518741.1,b0258,CDS,ykfC,PF00078 domain-containing protein YkfC,944940,b0258
YP_009518753,EBHIBJHK_01451,P77688,YP_009518753.1,b0502,CDS,ylbG,putative DNA-binding transcriptional regulator YlbG,946803,b0502
YP_009518759,EBHIBJHK_03296,P0DPN5,YP_009518759.1,b4735,CDS,ybgU,protein YbgU,38094945,b4735
YP_009518773,EBHIBJHK_03800,Q2EER5,YP_009518773.1,b4525,CDS,ymjC,putative uncharacterized protein YmjC,1450258,b4525
YP_009518775,EBHIBJHK_03911,P0DPO3,YP_009518775.1,b4743,CDS,ynaL,protein YnaL,38094955,b4743
YP_009518776,EBHIBJHK_03930,P76066,YP_009518776.1,b1361,CDS,ydaW,putative uncharacterized protein YdaW,945927,b1361
YP_009518777,EBHIBJHK_03959,P76069,YP_009518777.1,b1366,CDS,ydaY,putative uncharacterized protein YdaY,946208,b1366
YP_009518778,EBHIBJHK_03960,P77658,YP_009518778.1,b1368,CDS,ynaA,putative prophage tail length tape measure domain-containing protein YnaA,947543,b1368
YP_009518782,EBHIBJHK_04328,P77519,YP_009518782.1,b1472,CDS,yddL,putative uncharacterized protein YddL,945737,b1472
YP_009518786,EBHIBJHK_03871,P77228,YP_009518786.1,b1543,CDS,ydfJ,putative transporter YdfJ,38094960,b1543
YP_009518792,EBHIBJHK_04624,P76164,YP_009518792.1,b1567,CDS,ydfW,protein YdfW,946111,b1567
YP_009518793,EBHIBJHK_04630,P76165,YP_009518793.1,b1568,CDS,ydfX,protein YdfX,946112,b1568
YP_009518794,EBHIBJHK_00380,P0DPP1,YP_009518794.1,b4534,CDS,ynfP,protein YnfP,4056029,b4534
YP_009518795,EBHIBJHK_00143,P0DPP2,YP_009518795.2,b4751,CDS,yoaL,protein YoaL,38094965,b4751
YP_009518797,EBHIBJHK_01595,P64526,YP_009518797.1,b2006,CDS,yeeW,putative uncharacterized protein YeeW,946535,b2006
YP_009518797,EBHIBJHK_04470,P64526,YP_009518797.1,b2006,CDS,yeeW,putative uncharacterized protein YeeW,946535,b2006
YP_009518797,EBHIBJHK_01845,P64526,YP_009518797.1,b2006,CDS,yeeW,putative uncharacterized protein YeeW,946535,b2006
YP_009518800,EBHIBJHK_03038,P33353,YP_009518800.1,b2122,CDS,yehQ,SWIM zinc finger domains-containing protein YehQ,946654,b2122
YP_009518801,EBHIBJHK_00423,A5A619,YP_009518801.1,b4604,CDS,yojO,uncharacterized protein YojO,5061514,b4604
YP_009518808,EBHIBJHK_02090,P76612,YP_009518808.1,b2649,CDS,ypjB,DUF5508 domain-containing protein YpjB,945242,b2649
YP_009518810,EBHIBJHK_02586,NA,YP_009518810.1,b4610,CDS,ygdT,YgdT,5061519,b4610
YP_009518811,EBHIBJHK_02605,Q46797,YP_009518811.1,b2863,CDS,ygeQ,putative lipoprotein YgeQ,947344,b2863
YP_009518814,EBHIBJHK_02727,P46879,YP_009518814.1,b2941,CDS,yqgD,DUF2684 domain-containing protein YqgD,945430,b2941
YP_009518815,EBHIBJHK_01688,Q46840,YP_009518815.1,b2981,CDS,yghO,putative DNA-binding transcriptional regulator YghO,947701,b2981
YP_009518816,EBHIBJHK_01661,P0DPP6,YP_009518816.1,b4755,CDS,yqhI,protein YqhI,38094972,b4755
YP_009518818,EBHIBJHK_01625,P0DPP7,YP_009518818.1,b4756,CDS,yqiD,protein YqiD,38094973,b4756
YP_009518819,EBHIBJHK_01540,P76692,YP_009518819.1,b3427,CDS,yzgL,putative uncharacterized protein YzgL,947933,b3427
YP_009518822,EBHIBJHK_04259,P0CG19,YP_009518822.1,b3643,CDS,rph,truncated RNase PH,948156,b3643
YP_009518825,EBHIBJHK_02458,P31452,YP_009518825.1,b3683,CDS,glvC,putative PTS enzyme II component GlvC,2847721,b3683
YP_009518830,EBHIBJHK_02393,P0DPC4,YP_009518830.1,b4720,CDS,ytiC,protein YtiC,38094978,b4720
YP_009518833,EBHIBJHK_02383,P0DN74,YP_009518833.1,b4715,CDS,ytiA,uncharacterized protein YtiA,38094981,b4715
YP_010051176,EBHIBJHK_04505,P0DTV7,YP_010051176.1,b4803,CDS,speFL,leader peptide SpeFL,63925627,b4803
YP_010051197,EBHIBJHK_01708,Q46833,YP_010051197.1,b2969,CDS,yghE,putative type II secretion system L-type protein YghE,945897,b2969
YP_010051199,EBHIBJHK_01699,Q46834,YP_010051199.1,b2970,CDS,yghF,putative type II secretion system C-type protein YghF,947469,b2970
YP_010283911,EBHIBJHK_00071,P07363-1,YP_010283911.1,b1888,CDS,cheA,chemotaxis protein CheA,946401,NA
YP_025293,EBHIBJHK_00690,P31675,YP_025293.1,b0070,CDS,setA,sugar exporter SetA,944793,b0070
YP_025294,EBHIBJHK_00696,P00893,YP_025294.2,b0077,CDS,ilvI,"acetolactate synthase/acetohydroxybutanoate synthase, catalytic subunit",948793,b0077
YP_025295,EBHIBJHK_01386,P77091,YP_025295.1,b4415,CDS,hokE,protein HokE,2847715,b4415
YP_025295,EBHIBJHK_01976,P77091,YP_025295.1,b4415,CDS,hokE,protein HokE,2847715,b4415
YP_025295,EBHIBJHK_01387,P77091,YP_025295.1,b4415,CDS,hokE,protein HokE,2847715,b4415
YP_025297,EBHIBJHK_04679,P0DPD0,YP_025297.1,b4419,CDS,ldrA,small toxic polypeptide LdrA,2847733,b4419
YP_025299,EBHIBJHK_04679,P0DPD1,YP_025299.1,b4423,CDS,ldrC,small toxic polypeptide LdrC,2847775,b4423
YP_025300,EBHIBJHK_03990,P76027,YP_025300.1,b1246,CDS,oppD,murein tripeptide ABC transporter/oligopeptide ABC transporter ATP binding subunit OppD,945802,b1246
YP_025302,EBHIBJHK_03899,P0A6L7,YP_025302.1,b1521,CDS,uxaB,tagaturonate reductase,945542,b1521
YP_025304,EBHIBJHK_00317,P0A905,YP_025304.1,b1641,CDS,slyB,outer membrane lipoprotein SlyB,946801,b1641
YP_025305,EBHIBJHK_00311,P76187,YP_025305.1,b1647,CDS,ydhF,putative oxidoreductase YdhF,946960,b1647
YP_025306,EBHIBJHK_00297,P37597,YP_025306.1,b1660,CDS,punC,purine nucleoside transporter PunC,946077,b1660
YP_025307,EBHIBJHK_00294,P37340,YP_025307.1,b1663,CDS,mdtK,multidrug efflux pump MdtK,945883,b1663
YP_025308,EBHIBJHK_00226,P21179,YP_025308.1,b1732,CDS,katE,catalase HPII,946234,b1732
YP_025309,EBHIBJHK_00084,P67826,YP_025309.2,b1874,CDS,cutC,PF03932 family protein CutC,2847756,b1874
YP_025310,EBHIBJHK_00031,P76318,YP_025310.1,b1931,CDS,yedK,genome maintenance protein,946435,b1931
YP_026160,EBHIBJHK_00804,P0A8K5,YP_026160.1,b4406,CDS,yaeP,PF06786 family protein YaeP,1450233,b4406
YP_026161,EBHIBJHK_00129,P45577,YP_026161.1,b1831,CDS,proQ,RNA chaperone ProQ,948950,b1831
YP_026162,EBHIBJHK_00063,P0AE26,YP_026162.2,b4460,CDS,araH,arabinose ABC transporter membrane subunit,948923,b4460
YP_026163,EBHIBJHK_04813,P0CF42,YP_026163.2,b1997,CDS,insC3,IS2 insertion element repressor InsA,946455,b1997
YP_026168,EBHIBJHK_04353,P0AEB0,YP_026168.2,b2423,CDS,cysW,sulfate/thiosulfate ABC transporter inner membrane subunit CysW,2847743,b2423
YP_026169,EBHIBJHK_02138,P0A6B7,YP_026169.1,b2530,CDS,iscS,cysteine desulfurase IscS,947004,b2530
YP_026170,EBHIBJHK_02165,P15254,YP_026170.1,b2557,CDS,purL,phosphoribosylformylglycinamide synthetase,947032,b2557
YP_026171,EBHIBJHK_04437,P37908,YP_026171.3,b4461,CDS,yfjD,UPF0053 family inner membrane protein YfjD,2847739,b4461
YP_026172,EBHIBJHK_04440,P05824,YP_026172.1,b2616,CDS,recN,DNA repair protein RecN,947105,b2616
YP_026180,EBHIBJHK_02044,P56579,YP_026180.1,b2702,CDS,srlA,sorbitol-specific PTS enzyme IIC2 component,947575,b2702
YP_026181,EBHIBJHK_02043,P56580,YP_026181.1,b2703,CDS,srlE,sorbitol-specific PTS enzyme IIBC1 component,948933,b2703
YP_026182,EBHIBJHK_02031,P24241,YP_026182.1,b2715,CDS,ascF,beta-glucoside specific PTS enzyme IIBC component,947154,b2715
YP_026183,EBHIBJHK_02523,Q46911,YP_026183.1,b4463,CDS,ygcU,putative FAD-containing dehydrogenase,2847709,b4463
YP_026187,EBHIBJHK_02734,P52048,YP_026187.1,b4465,CDS,yggP,putative zinc-binding dehydrogenase YggP,2847686,b4465
YP_026188,EBHIBJHK_02731,P27302,YP_026188.1,b2935,CDS,tktA,transketolase 1,947420,b2935
YP_026189,EBHIBJHK_01696,P0CK95,YP_026189.1,b4466,CDS,yghJ,putative lipoprotein YghJ,2847716,b4466
YP_026190,EBHIBJHK_01692,P52074,YP_026190.1,b4467,CDS,glcF,"glycolate dehydrogenase, putative iron-sulfur subunit",2847717,b4467
YP_026191,EBHIBJHK_01691,P52073,YP_026191.1,b4468,CDS,glcE,"glycolate dehydrogenase, putative FAD-binding subunit",2847718,b4468
YP_026192,EBHIBJHK_01679,Q46841,YP_026192.1,b2983,CDS,yghQ,putative transport protein YghQ,947716,b2983
YP_026195,EBHIBJHK_01650,Q46858,YP_026195.1,b3013,CDS,yqhG,DUF3828 domain-containing protein YqhG,945919,b3013
YP_026196,EBHIBJHK_01648,Q46861,YP_026196.1,b4469,CDS,ygiQ,radical SAM superfamily protein YgiQ,948963,b4469
YP_026197,EBHIBJHK_01641,Q46866,YP_026197.1,b3023,CDS,ygiV,DNA-binding transcriptional repressor YgiV,945805,b3023
YP_026197,EBHIBJHK_01641,Q46866,YP_026197.1,b3023,CDS,ygiV,DNA-binding transcriptional repressor YgiV,945805,b3023
YP_026199,EBHIBJHK_03366,P06864,YP_026199.1,b3076,CDS,ebgA,evolved beta-D-galactosidase subunit alpha,947583,b3076
YP_026200,EBHIBJHK_03368,P42590,YP_026200.1,b3078,CDS,ygjI,putative transporter YgjI,947579,b3078
YP_026201,EBHIBJHK_03376,P42601,YP_026201.1,b3088,CDS,alx,putative membrane-bound redox modulator Alx,947607,b3088
YP_026202,EBHIBJHK_01296,P42626,YP_026202.1,b4470,CDS,cyuA,putative L-cysteine desulfidase CyuA,2847723,b4470
YP_026203,EBHIBJHK_01295,P42628,YP_026203.3,b3110,CDS,cyuP,cysteine detoxification protein CyuP,947628,b3110
YP_026204,EBHIBJHK_01294,P42630,YP_026204.1,b4471,CDS,tdcG,L-serine deaminase III,2847724,b4471
YP_026205,EBHIBJHK_01292,P42632,YP_026205.1,b3114,CDS,tdcE,2-ketobutyrate formate-lyase/pyruvate formate-lyase 4,947623,b3114
YP_026207,EBHIBJHK_01200,P0AEC3,YP_026207.1,b3210,CDS,arcB,sensor histidine kinase ArcB,947887,b3210
YP_026208,EBHIBJHK_01171,P46474,YP_026208.1,b4472,CDS,yhdP,phospholipid transport factor YhdP,2847740,b4472
YP_026209,EBHIBJHK_01148,P45767,YP_026209.1,b3269,CDS,yhdX,putative ABC transporter membrane subunit YhdX,947765,b3269
YP_026210,EBHIBJHK_04414,P45771,YP_026210.1,b3283,CDS,yrdD,putative DNA topoisomerase,947782,b3283
YP_026211,EBHIBJHK_04412,P30852,YP_026211.1,b4473,CDS,smf,protein Smf,2847708,b4473
YP_026212,EBHIBJHK_01481,P0AC26,YP_026212.2,b3367,CDS,nirC,nitrite transporter NirC,2847757,b3367
YP_026214,EBHIBJHK_01491,P45552,YP_026214.1,b3383,CDS,yhfZ,putative DNA-binding transcriptional regulator YhfZ,947897,b3383
YP_026215,EBHIBJHK_01498,P0A6D7,YP_026215.2,b3390,CDS,aroK,shikimate kinase 1,2847759,b3390
YP_026216,EBHIBJHK_01516,P30128,YP_026216.2,b3406,CDS,greB,transcription elongation factor GreB,2847706,b3406
YP_026217,EBHIBJHK_01526,P39835,YP_026217.1,b3415,CDS,gntT,high-affinity gluconate transporter,947924,b3415
YP_026218,EBHIBJHK_01528,P00490,YP_026218.1,b3417,CDS,malP,maltodextrin phosphorylase,947922,b3417
YP_026219,EBHIBJHK_01530,P46849,YP_026219.1,b4475,CDS,rtcA,RNA 3'-terminal phosphate cyclase,2847707,b4475
YP_026220,EBHIBJHK_01534,P09391,YP_026220.1,b3424,CDS,glpG,rhomboid protease GlpG,947936,b3424
YP_026221,EBHIBJHK_01548,P0AC96,YP_026221.1,b4476,CDS,gntU,low-affinity gluconate transporter,2847760,b4476
YP_026222,EBHIBJHK_01550,P0ACP5,YP_026222.1,b3438,CDS,gntR,DNA-binding transcriptional repressor GntR,947946,b3438
YP_026223,EBHIBJHK_01570,P0AD96,YP_026223.1,b3460,CDS,livJ,branched chain amino acid/phenylalanine ABC transporter periplasmic binding protein,947971,b3460
YP_026225,EBHIBJHK_03603,P37624,YP_026225.1,b3486,CDS,rbbA,ribosome-associated ATPase,947998,b3486
YP_026226,EBHIBJHK_03534,P37650,YP_026226.4,b3530,CDS,bcsC,cellulose synthase outer membrane channel,948047,b3530
YP_026227,EBHIBJHK_03545,Q6BF25,YP_026227.1,b4453,CDS,ldrD,small toxic polypeptide LdrD,2847730,b4453
YP_026227,EBHIBJHK_03687,Q6BF25,YP_026227.1,b4453,CDS,ldrD,small toxic polypeptide LdrD,2847730,b4453
YP_026227,EBHIBJHK_03544,Q6BF25,YP_026227.1,b4453,CDS,ldrD,small toxic polypeptide LdrD,2847730,b4453
YP_026228,EBHIBJHK_03673,P37665,YP_026228.1,b3552,CDS,yiaD,PF13488 family lipoprotein YiaD,948075,b3552
YP_026229,EBHIBJHK_03667,P37305,YP_026229.1,b4455,CDS,hokA,small toxic polypeptide,2847732,b4455
YP_026230,EBHIBJHK_03652,P27297,YP_026230.1,b3570,CDS,bax,putative glycoside hydrolase Bax,948089,b3570
YP_026231,EBHIBJHK_03650,P09053,YP_026231.1,b3572,CDS,avtA,valine--pyruvate aminotransferase,948087,b3572
YP_026232,EBHIBJHK_04203,P37675,YP_026232.1,b3578,CDS,yiaN,"2,3-diketo-L-gulonate:Na(+) symporter - membrane subunit",948092,b3578
YP_026233,EBHIBJHK_04189,P37686,YP_026233.1,b3589,CDS,yiaY,L-threonine dehydrogenase,948102,b3589
YP_026237,EBHIBJHK_02467,Q6BF17,YP_026237.1,b4478,CDS,dgoD,D-galactonate dehydratase,2847765,b4478
YP_026238,EBHIBJHK_02468,Q6BF16,YP_026238.1,b4477,CDS,dgoA,2-dehydro-3-deoxy-6-phosphogalactonate aldolase,2847766,b4477
YP_026239,EBHIBJHK_02470,P31460,YP_026239.1,b4479,CDS,dgoR,DNA-binding transcriptional regulator DgoR,2847767,b4479
YP_026240,EBHIBJHK_02471,P0ADM6,YP_026240.1,b3696,CDS,yidX,putative lipoprotein YidX,948202,b3696
YP_026241,EBHIBJHK_02474,P0AES6,YP_026241.1,b3699,CDS,gyrB,DNA gyrase subunit B,948211,b3699
YP_026243,EBHIBJHK_02516,P0ADN0,YP_026243.1,b3745,CDS,viaA,protein ViaA,948257,b3745
YP_026244,EBHIBJHK_02518,P63183,YP_026244.1,b3747,CDS,kup,K(+):H(+) symporter Kup,948255,b3747
YP_026245,EBHIBJHK_04853,P31475,YP_026245.1,b3755,CDS,yieP,DNA-binding transcriptional regulator YieP,948263,b3755
YP_026246,EBHIBJHK_02693,P0A8R9,YP_026246.1,b4480,CDS,hdfR,DNA-binding transcriptional dual regulator HdfR,2847698,b4480
YP_026247,EBHIBJHK_02688,P0AB80,YP_026247.1,b3770,CDS,ilvE,branched-chain-amino-acid aminotransferase,948278,b3770
YP_026248,EBHIBJHK_02687,P05791,YP_026248.1,b3771,CDS,ilvD,dihydroxy-acid dehydratase,948277,b3771
YP_026251,EBHIBJHK_02681,P09980,YP_026251.1,b3778,CDS,rep,ATP-dependent DNA helicase Rep,948292,b3778
YP_026252,EBHIBJHK_02680,P25552,YP_026252.1,b3779,CDS,gpp,"guanosine-5'-triphosphate,3'-diphosphate phosphatase",948291,b3779
YP_026253,EBHIBJHK_02674,P27828,YP_026253.1,b3786,CDS,wecB,UDP-N-acetylglucosamine 2-epimerase,944789,b3786
YP_026254,EBHIBJHK_02673,P27829,YP_026254.1,b3787,CDS,wecC,UDP-N-acetyl-D-mannosamine dehydrogenase,948977,b3787
YP_026256,EBHIBJHK_02672,P27832,YP_026256.2,b3790,CDS,rffC,RffC,948298,b3790
YP_026257,EBHIBJHK_02669,P56258,YP_026257.1,b4481,CDS,wecF,TDP-N-acetylfucosamine:lipid II N-acetylfucosaminyltransferase,2847677,b4481
YP_026258,EBHIBJHK_02666,P27837,YP_026258.1,b3795,CDS,yifK,putative transporter YifK,945400,b3795
YP_026259,EBHIBJHK_02661,P25550,YP_026259.1,b3800,CDS,aslB,putative anaerobic sulfatase maturation enzyme AslB,949013,b3800
YP_026260,EBHIBJHK_02656,P06983,YP_026260.1,b3805,CDS,hemC,hydroxymethylbilane synthase,947759,b3805
YP_026261,EBHIBJHK_02646,P27840,YP_026261.1,b4482,CDS,yigE,DUF2233 domain-containing protein YigE,2847679,b4482
YP_026262,EBHIBJHK_02642,P27844,YP_026262.1,b3819,CDS,rarD,putative transporter RarD,948330,b3819
YP_026263,EBHIBJHK_02639,P15043,YP_026263.3,b3822,CDS,recQ,ATP-dependent DNA helicase RecQ,948318,b3822
YP_026264,EBHIBJHK_02638,P0AG38,YP_026264.1,b3823,CDS,rhtC,L-threonine exporter,948317,b3823
YP_026265,EBHIBJHK_02637,P0AG34,YP_026265.1,b3824,CDS,rhtB,L-homoserine/L-homoserine lactone/L-threonine exporter,948316,b3824
YP_026266,EBHIBJHK_02636,P07000,YP_026266.1,b3825,CDS,pldB,lysophospholipase L2,948314,b3825
YP_026267,EBHIBJHK_02635,P27848,YP_026267.1,b3826,CDS,yigL,phosphosugar phosphatase YigL,2847768,b3826
YP_026268,EBHIBJHK_02628,P56262,YP_026268.1,b3830,CDS,ysgA,putative dienelactone hydrolase,948320,b3830
YP_026269,EBHIBJHK_02625,P0A887,YP_026269.1,b3833,CDS,ubiE,"bifunctional 2-octaprenyl-6-methoxy-1,4-benzoquinol methylase and demethylmenaquinone methyltransferase",948926,b3833
YP_026270,EBHIBJHK_02621,P69425,YP_026270.1,b3838,CDS,tatB,twin arginine protein translocation system - TatB protein,948319,b3838
YP_026271,EBHIBJHK_02619,P27859,YP_026271.1,b4483,CDS,tatD,3' -> 5' ssDNA/RNA exonuclease TatD,2847752,b4483
YP_026272,EBHIBJHK_02615,P21151,YP_026272.1,b3845,CDS,fadA,3-ketoacyl-CoA thiolase,948324,b3845
YP_026273,EBHIBJHK_02611,P0AFZ7,YP_026273.1,b3849,CDS,trkH,K(+) transporter TrkH,948333,b3849
YP_026274,EBHIBJHK_04721,P32132,YP_026274.1,b3871,CDS,bipA,50S ribosomal subunit assembly factor BipA,948369,b3871
YP_026275,EBHIBJHK_02923,P32136,YP_026275.1,b3876,CDS,yihO,putative sulfoquinovose transporter,948377,b3876
YP_026276,EBHIBJHK_02886,P32170,YP_026276.1,b3903,CDS,rhaA,L-rhamnose isomerase,948400,b3903
YP_026277,EBHIBJHK_02876,P0AE85,YP_026277.1,b4484,CDS,cpxP,periplasmic protein CpxP,2847688,b4484
YP_026278,EBHIBJHK_03704,P32670,YP_026278.1,b3947,CDS,ptsA,putative PTS multiphosphoryl transfer protein PtsA,948437,b3947
YP_026279,EBHIBJHK_04164,O32583,YP_026279.1,b4407,CDS,thiS,sulfur carrier protein ThiS,2847702,b4407
YP_026280,EBHIBJHK_04159,P32664,YP_026280.1,b3996,CDS,nudC,RNA decapping hydrolase,948498,b3996
YP_026281,EBHIBJHK_01800,Q6BEX5,YP_026281.1,b4487,CDS,yjdP,protein YjdP,2847754,b4487
YP_026282,EBHIBJHK_01806,P16678,YP_026282.1,b4097,CDS,phnK,carbon-phosphorus lyase subunit PhnK,948611,b4097
YP_026283,EBHIBJHK_04656,P0ADB4,YP_026283.1,b4410,CDS,ecnA,"entericidin A lipoprotein, antidote to entericidin B",2847736,b4410
YP_026284,EBHIBJHK_04657,P0ADB7,YP_026284.1,b4411,CDS,ecnB,bacteriolytic entericidin B lipoprotein,2847737,b4411
YP_026285,EBHIBJHK_02841,P39317,YP_026285.1,b4215,CDS,ytfI,protein YtfI,948738,b4215
YP_026286,EBHIBJHK_02829,Q6BEX0,YP_026286.1,b4485,CDS,ytfR,galactofuranose ABC transporter putative ATP binding subunit,2847725,b4485
YP_026287,EBHIBJHK_02803,P39337,YP_026287.1,b4256,CDS,yjgM,putative N-acetyltransferase YjgM,948772,b4256
YP_026288,EBHIBJHK_02802,P39338,YP_026288.1,b4257,CDS,yjgN,inner membrane protein YjgN,948784,b4257
YP_026290,EBHIBJHK_02364,P39399,YP_026290.1,b4357,CDS,lgoR,putative DNA-binding transcriptional regulator LgoR,948881,b4357
YP_026291,EBHIBJHK_02340,P39408,YP_026291.2,b4378,CDS,yjjV,putative metal-dependent hydrolase YjjV,2847741,b4378
YP_588437,EBHIBJHK_01043,Q2EEQ2,YP_588437.1,b4506,CDS,ykgO,50S ribosomal subunit protein L36B,1450238,b4506
YP_588441,EBHIBJHK_01382,P18393,YP_588441.1,b4511,CDS,ybdZ,enterobactin biosynthesis protein YbdZ,1450243,b4511
YP_588442,EBHIBJHK_01368,P0AAS9,YP_588442.1,b4512,CDS,ybdD,PF04328 family protein YbdD,949021,b4512
YP_588444,EBHIBJHK_03323,P56100,YP_588444.1,b4515,CDS,cydX,cytochrome bd-I accessory subunit CydX,1450246,b4515
YP_588445,EBHIBJHK_04639,P0CF10,YP_588445.1,b4516,CDS,insA4,IS1 family protein InsA,1450250,b4516
YP_588446,EBHIBJHK_00886,P0AC92,YP_588446.1,b4517,CDS,gnsA,putative phosphatidylethanolamine synthesis regulator GnsA,1450249,b4517
YP_588447,EBHIBJHK_03830,P58034,YP_588447.1,b4520,CDS,ymgF,inner membrane protein YmgF,1450253,b4520
YP_588449,EBHIBJHK_03748,P0CB62,YP_588449.3,b4522,CDS,ymiA,uncharacterized protein YmiA,1450256,b4522
YP_588450,EBHIBJHK_03749,P58094,YP_588450.2,b4523,CDS,yciX,uncharacterized protein YciX,1450257,b4523
YP_588451,EBHIBJHK_03920,P38394,YP_588451.1,b4526,CDS,ydaE,zinc-binding protein,948959,b4526
YP_588453,EBHIBJHK_03176,P0ACW2,YP_588453.1,b4529,CDS,ydbJ,DUF333 domain-containing protein YdbJ,4056027,b4529
YP_588455,EBHIBJHK_00237,Q2EES1,YP_588455.2,b4535,CDS,yniD,uncharacterized protein YniD,1450269,b4535
YP_588456,EBHIBJHK_00134,Q2MB16,YP_588456.1,b4536,CDS,yobH,uncharacterized protein YobH,1450271,b4536
YP_588458,EBHIBJHK_04459,P69348,YP_588458.1,b4539,CDS,yoeB,ribosome-dependent mRNA interferase toxin YoeB,1450274,b4539
YP_588460,EBHIBJHK_03032,Q2EES6,YP_588460.1,b4542,CDS,yohO,UPF0387 family protein YohO,1450279,b4542
YP_588461,EBHIBJHK_00386,P0AFT8,YP_588461.1,b4502,CDS,yeiW,putative metal-chelating domain-containing protein YeiW,4056031,b4502
YP_588462,EBHIBJHK_00474,Q47377,YP_588462.1,b4544,CDS,arnE,undecaprenyl-phosphate-alpha-L-Ara4N flippase - ArnE subunit,1450282,b4544
YP_588464,EBHIBJHK_04365,P0AD40,YP_588464.1,b4546,CDS,ypeB,PF12843 family protein YpeB,1450285,b4546
YP_588465,EBHIBJHK_02229,Q2EET2,YP_588465.1,b4547,CDS,ypfN,PF13980 family protein YpfN,1450286,b4547
YP_588467,EBHIBJHK_04406,P36675,YP_588467.1,b4550,CDS,arfA,alternative ribosome-rescue factor A,1450289,b4550
YP_588468,EBHIBJHK_01463,P0ADW8,YP_588468.1,b4551,CDS,yheV,DUF2387 domain-containing protein YheV,1450290,b4551
YP_588469,EBHIBJHK_03662,Q2M7M3,YP_588469.1,b4553,CDS,ysaB,putative lipoprotein YsaB,1450292,b4553
YP_588470,EBHIBJHK_04910,Q2M7R5,YP_588470.1,b4554,CDS,yibT,protein YibT,1450299,b4554
YP_588470,EBHIBJHK_04180,Q2M7R5,YP_588470.1,b4554,CDS,yibT,protein YibT,1450299,b4554
YP_588471,EBHIBJHK_04907,Q2M7X4,YP_588471.1,b4555,CDS,yicS,uncharacterized protein YicS,1450300,b4555
YP_588473,EBHIBJHK_02653,P0ADN6,YP_588473.1,b4558,CDS,yifL,putative lipoprotein YifL,1450304,b4558
YP_588474,EBHIBJHK_01838,P64646,YP_588474.1,b4559,CDS,ghoT,toxin of the GhoTS toxin-antitoxin system,1450308,b4559
YP_588476,EBHIBJHK_02417,P58035,YP_588476.1,b4565,CDS,sgcB,putative PTS enzyme IIB component SgcB,1450295,b4565
YP_588477,EBHIBJHK_02413,Q2EEU2,YP_588477.1,b4566,CDS,topAI,"toxin of the TopAI-YjhQ toxin-antitoxin system, TopA inhibitor",1450297,b4566
YP_588478,EBHIBJHK_02352,P55914,YP_588478.1,b4567,CDS,yjjZ,DUF1435 domain-containing protein YjjZ,1450313,b4567
YP_588479,EBHIBJHK_02342,Q2M5U1,YP_588479.2,b4568,CDS,ytjA,DUF1328 domain-containing protein YtjA,1450298,b4568
NA,EBHIBJHK_04768,O66646,NA,NA,CDS,lolD_3,Lipoprotein-releasing system ATP-binding protein LolD,NA,NA
NA,EBHIBJHK_04769,A0A011ALW5,NA,NA,CDS,NA,Macrolide Exporter MacB,NA,NA
NA,EBHIBJHK_04770,A0A011ALW5,NA,NA,CDS,NA,Macrolide Exporter MacB,NA,NA
NA,EBHIBJHK_04771,NA,NA,NA,CDS,NA,hypothetical protein,NA,NA
NA,EBHIBJHK_04772,P19478,NA,NA,CDS,tpd,34 kDa membrane antigen,NA,NA
NA,EBHIBJHK_04773,A0A061B9V3,NA,NA,CDS,NA,Iron permease FTR1/Fip1/EfeU,NA,NA
NA,EBHIBJHK_04773,A0A074RMA2,NA,NA,CDS,NA,Iron permease FTR1/Fip1/EfeU,NA,NA
NA,EBHIBJHK_04774,P0C6E0,NA,NA,CDS,nqrC,Na(+)-translocating NADH-quinone reductase subunit C,NA,NA
NA,EBHIBJHK_02630,NA,NA,NA,CDS,NA,hypothetical protein,NA,NA
NA,EBHIBJHK_02631,NA,NA,NA,CDS,NA,hypothetical protein,NA,NA
NA,EBHIBJHK_04776,NA,NA,NA,CDS,NA,hypothetical protein,NA,NA
NA,EBHIBJHK_00855,NA,NA,NA,CDS,NA,hypothetical protein,NA,NA
NA,EBHIBJHK_04778,A0A081GKH5,NA,NA,CDS,NA,OsmC/Ohr hydroperoxide reductase,NA,NA
NA,EBHIBJHK_00503,NA,NA,NA,CDS,NA,hypothetical protein,NA,NA
NA,EBHIBJHK_04780,NA,NA,NA,CDS,NA,hypothetical protein,NA,NA
NA,EBHIBJHK_04781,NA,NA,NA,CDS,NA,hypothetical protein,NA,NA
NA,EBHIBJHK_04782,P77258,NA,NA,CDS,nemA_2,N-ethylmaleimide reductase,NA,NA
NA,EBHIBJHK_04783,NA,NA,NA,CDS,NA,hypothetical protein,NA,NA
NA,EBHIBJHK_04784,O67610,NA,NA,CDS,fabG_3,3-oxoacyl-[acyl-carrier-protein] reductase FabG,NA,NA
NA,EBHIBJHK_04785,Q08432,NA,NA,CDS,patB,Cystathionine beta-lyase PatB,NA,NA
NA,EBHIBJHK_04786,A0A077KMB2,NA,NA,CDS,NA,Amino Acid and Vitamin Transporters,NA,NA
NA,EBHIBJHK_02643,NA,NA,NA,CDS,NA,hypothetical protein,NA,NA
NA,EBHIBJHK_02644,NA,NA,NA,CDS,NA,hypothetical protein,NA,NA
NA,EBHIBJHK_04789,NA,NA,NA,CDS,NA,hypothetical protein,NA,NA
NA,EBHIBJHK_00868,NA,NA,NA,CDS,NA,hypothetical protein,NA,NA
NA,EBHIBJHK_02647,A4X3Q0,NA,NA,CDS,salL,Adenosyl-chloride synthase,NA,NA
NA,EBHIBJHK_00870,NA,NA,NA,CDS,NA,hypothetical protein,NA,NA
NA,EBHIBJHK_03727,Q8G0Y6,NA,NA,CDS,bepC,Outer membrane efflux protein BepC,NA,NA
NA,EBHIBJHK_03728,NA,NA,NA,CDS,NA,hypothetical protein,NA,NA
NA,EBHIBJHK_03729,P23702,NA,NA,CDS,ltxB,Leukotoxin export ATP-binding protein LtxB,NA,NA
NA,EBHIBJHK_03730,Q7ANN5,NA,NA,CDS,prsE,Type I secretion system membrane fusion protein PrsE,NA,NA
NA,EBHIBJHK_01596,NA,NA,NA,CDS,NA,hypothetical protein,NA,NA
NA,EBHIBJHK_01597,NA,NA,NA,CDS,NA,hypothetical protein,NA,NA
NA,EBHIBJHK_01598,NA,NA,NA,tRNA,NA,tRNA-Met(cat),NA,NA
NA,EBHIBJHK_03734,NA,NA,NA,CDS,NA,hypothetical protein,NA,NA
NA,EBHIBJHK_03735,NA,NA,NA,CDS,NA,hypothetical protein,NA,NA
NA,EBHIBJHK_00880,NA,NA,NA,CDS,NA,hypothetical protein,NA,NA
NA,EBHIBJHK_04802,NA,NA,NA,CDS,NA,hypothetical protein,NA,NA
NA,EBHIBJHK_04803,NA,NA,NA,CDS,NA,hypothetical protein,NA,NA
NA,EBHIBJHK_04804,A0A081CBB0,NA,NA,CDS,NA,Neuropathy target esterase,NA,NA
NA,EBHIBJHK_02662,NA,NA,NA,tRNA,NA,tRNA-Pro(tgg),NA,NA
NA,EBHIBJHK_02663,NA,NA,NA,tRNA,NA,tRNA-Leu(cag),NA,NA
NA,EBHIBJHK_02664,NA,NA,NA,tRNA,NA,tRNA-His(gtg),NA,NA
NA,EBHIBJHK_04807,NA,NA,NA,CDS,era_2,GTPase Era,NA,NA
NA,EBHIBJHK_04808,NA,NA,NA,CDS,NA,hypothetical protein,NA,NA
NA,EBHIBJHK_03151,NA,NA,NA,CDS,RBKS,Ribokinase,NA,NA
NA,EBHIBJHK_04108,NA,NA,NA,CDS,NA,hypothetical protein,NA,NA
NA,EBHIBJHK_04109,NA,NA,NA,CDS,NA,hypothetical protein,NA,NA
NA,EBHIBJHK_04110,NA,NA,NA,CDS,NA,hypothetical protein,NA,NA
NA,EBHIBJHK_00651,NA,NA,NA,CDS,NA,hypothetical protein,NA,NA
NA,EBHIBJHK_01732,Q8KWT4,NA,NA,CDS,bacC,Dihydroanticapsin 7-dehydrogenase,NA,NA
NA,EBHIBJHK_01733,P37078,NA,NA,CDS,sorC,Sorbitol operon regulator,NA,NA
NA,EBHIBJHK_01977,P38036,NA,NA,CDS,ygcB,CRISPR-associated endonuclease/helicase Cas3,NA,NA
NA,EBHIBJHK_04114,NA,NA,NA,CDS,NA,hypothetical protein,NA,NA
NA,EBHIBJHK_04115,A0A015UYB4,NA,NA,CDS,NA,DNA Protection and Modification,NA,NA
NA,EBHIBJHK_01979,NA,NA,NA,CDS,NA,hypothetical protein,NA,NA
NA,EBHIBJHK_01981,NA,NA,NA,CDS,NA,hypothetical protein,NA,NA
NA,EBHIBJHK_04118,NA,NA,NA,CDS,NA,hypothetical protein,NA,NA
NA,EBHIBJHK_01023,NA,NA,NA,CDS,NA,hypothetical protein,NA,NA
NA,EBHIBJHK_04927,NA,NA,NA,rRNA,NA,5S ribosomal RNA,NA,NA
NA,EBHIBJHK_01742,NA,NA,NA,CDS,NA,hypothetical protein,NA,NA
NA,EBHIBJHK_01026,NA,NA,NA,CDS,NA,hypothetical protein,NA,NA
NA,EBHIBJHK_03047,NA,NA,NA,CDS,NA,IS200/IS605 family transposase IS609,NA,NA
NA,EBHIBJHK_04818,P77174,NA,NA,CDS,ybdM_2,putative protein YbdM,NA,NA
NA,EBHIBJHK_03764,A0A076MNE0,NA,NA,CDS,betI_2,"HTH-type, TetR-like transcriptional regulator",NA,NA
NA,EBHIBJHK_00546,NA,NA,NA,CDS,NA,hypothetical protein,NA,NA
NA,EBHIBJHK_04127,NA,NA,NA,CDS,NA,hypothetical protein,NA,NA
NA,EBHIBJHK_03171,O34338,NA,NA,CDS,mntB_3,Manganese transport system ATP-binding protein MntB,NA,NA
NA,EBHIBJHK_03172,Q57449,NA,NA,CDS,NA,putative periplasmic iron-binding protein,NA,NA
NA,EBHIBJHK_00550,P76500,NA,NA,CDS,yfcQ,putative fimbrial-like protein YfcQ,NA,NA
NA,EBHIBJHK_04825,NA,NA,NA,CDS,dsbD_2,Thiol:disulfide interchange protein DsbD,NA,NA
NA,EBHIBJHK_04133,A0A011U857,NA,NA,CDS,NA,Phage Integrase-like Recombinase,NA,NA
NA,EBHIBJHK_04134,NA,NA,NA,CDS,NA,hypothetical protein,NA,NA
NA,EBHIBJHK_01998,P69782,NA,NA,CDS,hosA,Transcriptional regulator HosA,NA,NA
NA,EBHIBJHK_01999,P69772,NA,NA,CDS,ecdB,putative UbiX-like flavin prenyltransferase,NA,NA
NA,EBHIBJHK_04943,P44196,NA,NA,CDS,NA,putative protein,NA,NA
NA,EBHIBJHK_04944,P31499,NA,NA,CDS,hemR_2,Hemin receptor,NA,NA
NA,EBHIBJHK_04945,NA,NA,NA,CDS,NA,hypothetical protein,NA,NA
NA,EBHIBJHK_04138,NA,NA,NA,CDS,NA,hypothetical protein,NA,NA
NA,EBHIBJHK_02821,P0C079,NA,NA,CDS,relB_1,Antitoxin RelB,NA,NA
NA,EBHIBJHK_02822,P0ABE7,NA,NA,CDS,cybC,Soluble cytochrome b562,NA,NA
NA,EBHIBJHK_04143,NA,NA,NA,CDS,NA,hypothetical protein,NA,NA
NA,EBHIBJHK_00563,NA,NA,NA,tRNA,NA,tRNA-Arg(cct),NA,NA
NA,EBHIBJHK_00564,P32053,NA,NA,CDS,intA_1,Prophage integrase IntA,NA,NA
NA,EBHIBJHK_04146,NA,NA,NA,CDS,NA,hypothetical protein,NA,NA
NA,EBHIBJHK_02010,NA,NA,NA,CDS,NA,hypothetical protein,NA,NA
NA,EBHIBJHK_03785,P0DPR7,NA,NA,CDS,emrB_3,Colistin resistance protein EmrB,NA,NA
NA,EBHIBJHK_02012,Q08385,NA,NA,CDS,mopA,Molybdenum-pterin-binding protein MopA,NA,NA
NA,EBHIBJHK_03787,P76241,NA,NA,CDS,nimR_2,HTH-type transcriptional regulator NimR,NA,NA
NA,EBHIBJHK_02710,O07838,NA,NA,CDS,dctM_2,C4-dicarboxylate TRAP transporter large permease protein DctM,NA,NA
NA,EBHIBJHK_04152,NA,NA,NA,CDS,NA,hypothetical protein,NA,NA
NA,EBHIBJHK_00572,NA,NA,NA,CDS,NA,hypothetical protein,NA,NA
NA,EBHIBJHK_04845,A0A024FSC3,NA,NA,CDS,NA,Transposase IS3/IS150/IS904,NA,NA
NA,EBHIBJHK_00574,P20384,NA,NA,CDS,bin3,Putative transposon Tn552 DNA-invertase bin3,NA,NA
NA,EBHIBJHK_04847,Q3J6K9,NA,NA,CDS,acuI_2,Acrylyl-CoA reductase AcuI,NA,NA
NA,EBHIBJHK_01898,NA,NA,NA,CDS,NA,hypothetical protein,NA,NA
NA,EBHIBJHK_04849,A0A075QTR3,NA,NA,CDS,NA,IS1 element transposase InsA,NA,NA
NA,EBHIBJHK_00941,P0DSD9,NA,NA,CDS,ompF_2,Outer membrane porin F,NA,NA
NA,EBHIBJHK_04851,P28629,NA,NA,CDS,adiA_2,Biodegradative arginine decarboxylase,NA,NA
NA,EBHIBJHK_00821,Q93S40,NA,NA,CDS,oatWY,Polysialic acid O-acetyltransferase,NA,NA
NA,EBHIBJHK_01662,A0A074LS04,NA,NA,CDS,NA,Dienelactone hydrolase-like enzyme,NA,NA
NA,EBHIBJHK_01663,A0A074LS04,NA,NA,CDS,NA,Dienelactone hydrolase-like enzyme,NA,NA
NA,EBHIBJHK_04968,NA,NA,NA,CDS,NA,hypothetical protein,NA,NA
NA,EBHIBJHK_02386,NA,NA,NA,CDS,kptA_1,RNA 2'-phosphotransferase,NA,NA
NA,EBHIBJHK_02028,P64580,NA,NA,CDS,higB,mRNA interferase HigB,NA,NA
NA,EBHIBJHK_02029,P67703,NA,NA,CDS,higA,Antitoxin HigA,NA,NA
NA,EBHIBJHK_03444,A0A045IIY6,NA,NA,CDS,NA,"Vibrio phage ICP1, Orf50",NA,NA
NA,EBHIBJHK_04972,NA,NA,NA,rRNA,NA,5S ribosomal RNA,NA,NA
NA,EBHIBJHK_04862,Q7A627,NA,NA,CDS,arcC1,Carbamate kinase 1,NA,NA
NA,EBHIBJHK_03809,P94360,NA,NA,CDS,msmX,Oligosaccharides import ATP-binding protein MsmX,NA,NA
NA,EBHIBJHK_01075,A0A075SI79,NA,NA,CDS,NA,Protein of unknown function DUF984,NA,NA
NA,EBHIBJHK_04864,A0A081UJE0,NA,NA,CDS,NA,Divalent Anion Sodium Symporter-Related Transporters,NA,NA
NA,EBHIBJHK_04864,A0A015XC70,NA,NA,CDS,NA,Divalent Anion Sodium Symporter-Related Transporters,NA,NA
NA,EBHIBJHK_04864,A0A015ZLR8,NA,NA,CDS,NA,Divalent Anion Sodium Symporter-Related Transporters,NA,NA
NA,EBHIBJHK_04864,A0A015U3T3,NA,NA,CDS,NA,Divalent Anion Sodium Symporter-Related Transporters,NA,NA
NA,EBHIBJHK_04864,A0A015T1N8,NA,NA,CDS,NA,Divalent Anion Sodium Symporter-Related Transporters,NA,NA
NA,EBHIBJHK_04865,Q7MP98,NA,NA,CDS,argR_2,Arginine repressor,NA,NA
NA,EBHIBJHK_04866,NA,NA,NA,CDS,NA,IS66 family transposase ISEc23,NA,NA
NA,EBHIBJHK_01680,NA,NA,NA,CDS,NA,hypothetical protein,NA,NA
NA,EBHIBJHK_01681,P39187,NA,NA,CDS,ytfJ_1,putative protein YtfJ,NA,NA
NA,EBHIBJHK_01682,A0A069ZJ37,NA,NA,CDS,NA,Permease LptG/LptF-related,NA,NA
NA,EBHIBJHK_01683,P0ADC6,NA,NA,CDS,lptG_1,Lipopolysaccharide export system permease protein LptG,NA,NA
NA,EBHIBJHK_01684,P22806,NA,NA,CDS,bioF_1,8-amino-7-oxononanoate synthase,NA,NA
NA,EBHIBJHK_01685,NA,NA,NA,CDS,acpP_1,Acyl carrier protein,NA,NA
NA,EBHIBJHK_01686,B2FI29,NA,NA,CDS,oleD_1,2-alkyl-3-oxoalkanoate reductase,NA,NA
NA,EBHIBJHK_01687,P9WQ43,NA,NA,CDS,NA,Long-chain-fatty-acid--AMP ligase FadD26,NA,NA
NA,EBHIBJHK_03826,NA,NA,NA,CDS,NA,hypothetical protein,NA,NA
NA,EBHIBJHK_00608,NA,NA,NA,tRNA,NA,tRNA-Ala(ggc),NA,NA
NA,EBHIBJHK_00609,NA,NA,NA,tRNA,NA,tRNA-Ala(ggc),NA,NA
NA,EBHIBJHK_02053,NA,NA,NA,tRNA,NA,tRNA-Arg(tcg),NA,NA
NA,EBHIBJHK_02054,NA,NA,NA,tRNA,NA,tRNA-Arg(acg),NA,NA
NA,EBHIBJHK_02055,NA,NA,NA,tRNA,NA,tRNA-Arg(acg),NA,NA
NA,EBHIBJHK_02056,NA,NA,NA,tRNA,NA,tRNA-Arg(acg),NA,NA
NA,EBHIBJHK_04880,P28816,NA,NA,CDS,tetD,Transposon Tn10 TetD protein,NA,NA
NA,EBHIBJHK_03119,NA,NA,NA,tRNA,NA,tRNA-Asn(gtt),NA,NA
NA,EBHIBJHK_00616,NA,NA,NA,tRNA,NA,tRNA-Lys(ttt),NA,NA
NA,EBHIBJHK_03121,P32053,NA,NA,CDS,intA_4,Prophage integrase IntA,NA,NA
NA,EBHIBJHK_03122,P9WFX1,NA,NA,CDS,mbtI,Salicylate synthase,NA,NA
NA,EBHIBJHK_01700,E3PJ86,NA,NA,CDS,gspD2,Secretin GspD 2,NA,NA
NA,EBHIBJHK_03124,Q99T13,NA,NA,CDS,NA,Putative multidrug export ATP-binding/permease protein,NA,NA
NA,EBHIBJHK_03125,A0A060RSL7,NA,NA,CDS,btuD_2,Type 1 protein exporter,NA,NA
NA,EBHIBJHK_03841,NA,NA,NA,CDS,NA,hypothetical protein,NA,NA
NA,EBHIBJHK_01704,P45774,NA,NA,CDS,epsH,Type II secretion system protein H,NA,NA
NA,EBHIBJHK_01705,A0A084SVJ1,NA,NA,CDS,NA,Type II secretion system protein GspI,NA,NA
NA,EBHIBJHK_01706,Q00517,NA,NA,CDS,xcpW,Type II secretion system protein J,NA,NA
NA,EBHIBJHK_01707,P45762,NA,NA,CDS,gspK,Putative type II secretion system protein K,NA,NA
NA,EBHIBJHK_04893,NA,NA,NA,CDS,NA,hypothetical protein,NA,NA
NA,EBHIBJHK_04894,A0A084W8P2,NA,NA,CDS,NA,Type VI secretion system VgrG/RHS,NA,NA
NA,EBHIBJHK_01710,P23889,NA,NA,CDS,kpsM,Polysialic acid transport protein KpsM,NA,NA
NA,EBHIBJHK_01711,P23888,NA,NA,CDS,kpsT,Polysialic acid transport ATP-binding protein KpsT,NA,NA
NA,EBHIBJHK_01712,NA,NA,NA,CDS,NA,hypothetical protein,NA,NA
NA,EBHIBJHK_01713,NA,NA,NA,CDS,NA,hypothetical protein,NA,NA
NA,EBHIBJHK_01714,NA,NA,NA,CDS,NA,hypothetical protein,NA,NA
NA,EBHIBJHK_01715,NA,NA,NA,CDS,NA,hypothetical protein,NA,NA
NA,EBHIBJHK_00998,A0A068PC40,NA,NA,CDS,NA,Transposase 11-like,NA,NA
NA,EBHIBJHK_01716,NA,NA,NA,CDS,NA,hypothetical protein,NA,NA
NA,EBHIBJHK_03141,NA,NA,NA,tRNA,NA,tRNA-Asn(gtt),NA,NA
NA,EBHIBJHK_00638,P33343,NA,NA,CDS,yehD_1,putative fimbrial-like protein YehD,NA,NA
NA,EBHIBJHK_00639,NA,NA,NA,CDS,NA,hypothetical protein,NA,NA
NA,EBHIBJHK_01721,A0A017T7V5,NA,NA,CDS,NA,Bacterial polysaccharide biosynthesis and export,NA,NA
NA,EBHIBJHK_01722,Q8FDQ2,NA,NA,CDS,kpsF,Arabinose 5-phosphate isomerase KpsF,NA,NA
NA,EBHIBJHK_01723,NA,NA,NA,CDS,NA,hypothetical protein,NA,NA
NA,EBHIBJHK_01724,NA,NA,NA,CDS,NA,hypothetical protein,NA,NA
NA,EBHIBJHK_01725,A0A069D3R4,NA,NA,CDS,NA,"Transposase IS66, Orf2",NA,NA
NA,EBHIBJHK_01725,A0A078S0Q2,NA,NA,CDS,NA,"Transposase IS66, Orf2",NA,NA
NA,EBHIBJHK_02786,P75785,NA,NA,CDS,opgE_1,Phosphoethanolamine transferase OpgE,NA,NA
NA,EBHIBJHK_05029,NA,NA,NA,tRNA,NA,tRNA-Glu(ttc),NA,NA
NA,EBHIBJHK_02091,NA,NA,NA,CDS,NA,hypothetical protein,NA,NA
NA,EBHIBJHK_02092,NA,NA,NA,CDS,NA,hypothetical protein,NA,NA
NA,EBHIBJHK_01730,P37081,NA,NA,CDS,sorB_2,PTS system sorbose-specific EIIB component,NA,NA
NA,NA,NA,NA,NA,repeat_region,NA,NA,NA,NA
NA,NA,NA,NA,NA,repeat_region,NA,NA,NA,NA
NA,EBHIBJHK_02095,NA,NA,NA,CDS,NA,hypothetical protein,NA,NA
NA,EBHIBJHK_04920,NA,NA,NA,tRNA,NA,tRNA-Thr(ggt),NA,NA
NA,EBHIBJHK_04921,NA,NA,NA,tRNA,NA,tRNA-Gly(tcc),NA,NA
NA,EBHIBJHK_04922,NA,NA,NA,tRNA,NA,tRNA-Tyr(gta),NA,NA
NA,EBHIBJHK_04923,NA,NA,NA,tRNA,NA,tRNA-Thr(tgt),NA,NA
NA,EBHIBJHK_01738,NA,NA,NA,CDS,NA,hypothetical protein,NA,NA
NA,EBHIBJHK_01022,NA,NA,NA,tRNA,NA,tRNA-Thr(cgt),NA,NA
NA,EBHIBJHK_03160,A0A031INW2,NA,NA,CDS,NA,Viral Assembly and Modifier Protease,NA,NA
NA,EBHIBJHK_02102,NA,NA,NA,CDS,NA,hypothetical protein,NA,NA
NA,EBHIBJHK_04119,NA,NA,NA,CDS,NA,hypothetical protein,NA,NA
NA,EBHIBJHK_01025,NA,NA,NA,CDS,NA,hypothetical protein,NA,NA
NA,EBHIBJHK_03882,P13669,NA,NA,CDS,mngR_3,Mannosyl-D-glycerate transport/metabolism system repressor MngR,NA,NA
NA,EBHIBJHK_01028,P77333,NA,NA,CDS,pgrR_1,HTH-type transcriptional regulator PgrR,NA,NA
NA,EBHIBJHK_01029,Q01609,NA,NA,CDS,NA,putative protein,NA,NA
NA,EBHIBJHK_01030,P0ADL1,NA,NA,CDS,nepI_1,Purine ribonucleoside efflux pump NepI,NA,NA
NA,EBHIBJHK_04932,NA,NA,NA,CDS,NA,hypothetical protein,NA,NA
NA,EBHIBJHK_04128,NA,NA,NA,CDS,NA,hypothetical protein,NA,NA
NA,EBHIBJHK_02351,NA,NA,NA,tRNA,NA,tRNA-Leu(cag),NA,NA
NA,EBHIBJHK_03767,Q88N32,NA,NA,CDS,ttgC,putative efflux pump outer membrane protein TtgC,NA,NA
NA,EBHIBJHK_02115,NA,NA,NA,CDS,NA,hypothetical protein,NA,NA
NA,EBHIBJHK_04939,NA,NA,NA,CDS,NA,IS21 family transposase IS100kyp,NA,NA
NA,EBHIBJHK_04940,NA,NA,NA,CDS,NA,hypothetical protein,NA,NA
NA,EBHIBJHK_04941,NA,NA,NA,CDS,NA,hypothetical protein,NA,NA
NA,EBHIBJHK_04942,A0A017HLD6,NA,NA,CDS,NA,Transposase-related protein,NA,NA
NA,EBHIBJHK_02937,NA,NA,NA,CDS,NA,hypothetical protein,NA,NA
NA,EBHIBJHK_04829,P0A0D1,NA,NA,CDS,ant1_1,Streptomycin 3''-adenylyltransferase,NA,NA
NA,EBHIBJHK_04830,P00382,NA,NA,CDS,dhfrI,Dihydrofolate reductase type 1,NA,NA
NA,EBHIBJHK_04137,NA,NA,NA,CDS,NA,hypothetical protein,NA,NA
NA,EBHIBJHK_03182,NA,NA,b4492,CDS,ydbA,"putative outer membrane protein, N-terminal fragment",NA,NA
NA,EBHIBJHK_04946,NA,NA,NA,CDS,NA,hypothetical protein,NA,NA
NA,EBHIBJHK_04949,P13657,NA,NA,CDS,mbeC,Mobilization protein MbeC,NA,NA
NA,EBHIBJHK_04950,P03051,NA,NA,CDS,rop,Regulatory protein rop,NA,NA
NA,EBHIBJHK_01048,P77333,NA,NA,CDS,pgrR_2,HTH-type transcriptional regulator PgrR,NA,NA
NA,EBHIBJHK_01049,P77333,NA,NA,CDS,pgrR_3,HTH-type transcriptional regulator PgrR,NA,NA
NA,EBHIBJHK_01050,P46336,NA,NA,CDS,iolS,Aldo-keto reductase IolS,NA,NA
NA,EBHIBJHK_01051,O32210,NA,NA,CDS,yvgN_2,Glyoxal reductase,NA,NA
NA,EBHIBJHK_01052,A0A077Q3Z9,NA,NA,CDS,NA,Intimin/Invasin domain-containing protein,NA,NA
NA,EBHIBJHK_03908,A0A068R246,NA,NA,CDS,NA,Bacterial autotransporter adhesion,NA,NA
NA,EBHIBJHK_03909,NA,NA,NA,CDS,NA,hypothetical protein,NA,NA
NA,EBHIBJHK_03194,NA,NA,NA,CDS,NA,hypothetical protein,NA,NA
NA,EBHIBJHK_03195,NA,NA,NA,CDS,NA,hypothetical protein,NA,NA
NA,EBHIBJHK_04272,A0A086YMN0,NA,NA,CDS,NA,Type II TA system RelE-like toxin,NA,NA
NA,EBHIBJHK_04274,P27296,NA,NA,CDS,dinG_2,ATP-dependent DNA helicase DinG,NA,NA
NA,EBHIBJHK_04961,O32003,NA,NA,CDS,yokD,SPbeta prophage-derived aminoglycoside N(3')-acetyltransferase-like protein YokD,NA,NA
NA,EBHIBJHK_03198,Q59309,NA,NA,CDS,gap,Glyceraldehyde-3-phosphate dehydrogenase,NA,NA
NA,EBHIBJHK_01899,NA,NA,NA,CDS,NA,hypothetical protein,NA,NA
NA,EBHIBJHK_03319,NA,NA,NA,CDS,NA,hypothetical protein,NA,NA
NA,EBHIBJHK_04850,Q9Z6M8,NA,NA,CDS,aaxC_1,Arginine/agmatine antiporter,NA,NA
NA,EBHIBJHK_03082,NA,NA,NA,CDS,NA,hypothetical protein,NA,NA
NA,EBHIBJHK_04966,NA,NA,NA,CDS,NA,hypothetical protein,NA,NA
NA,EBHIBJHK_04967,NA,NA,NA,CDS,NA,hypothetical protein,NA,NA
NA,EBHIBJHK_00824,NA,NA,NA,CDS,NA,hypothetical protein,NA,NA
NA,EBHIBJHK_04969,NA,NA,NA,CDS,NA,hypothetical protein,NA,NA
NA,EBHIBJHK_04970,NA,NA,NA,CDS,NA,hypothetical protein,NA,NA
NA,EBHIBJHK_03925,NA,NA,NA,CDS,NA,hypothetical protein,NA,NA
NA,EBHIBJHK_04971,NA,NA,NA,rRNA,NA,23S ribosomal RNA (partial),NA,NA
NA,EBHIBJHK_00829,NA,NA,NA,CDS,NA,hypothetical protein,NA,NA
NA,EBHIBJHK_03928,NA,NA,NA,CDS,NA,hypothetical protein,NA,NA
NA,EBHIBJHK_03212,NA,NA,NA,CDS,NA,hypothetical protein,NA,NA
NA,EBHIBJHK_00832,NA,NA,NA,CDS,NA,hypothetical protein,NA,NA
NA,EBHIBJHK_01076,Q8ZKQ1,NA,NA,CDS,lsrB_1,Autoinducer 2-binding protein LsrB,NA,NA
NA,EBHIBJHK_01077,P04983,NA,NA,CDS,rbsA_1,Ribose import ATP-binding protein RbsA,NA,NA
NA,EBHIBJHK_03216,Q57154,NA,NA,CDS,repB_1,RepFIB replication protein A,NA,NA
NA,EBHIBJHK_03934,P64488,NA,NA,CDS,yeaR_2,putative protein YeaR,NA,NA
NA,EBHIBJHK_03935,NA,NA,NA,CDS,NA,hypothetical protein,NA,NA
NA,EBHIBJHK_04296,NA,NA,NA,CDS,NA,hypothetical protein,NA,NA
NA,EBHIBJHK_03220,P62552,NA,NA,CDS,ccdA,Antitoxin CcdA,NA,NA
NA,EBHIBJHK_04298,P31005,NA,NA,CDS,mdh_3,NAD-dependent methanol dehydrogenase,NA,NA
NA,EBHIBJHK_04299,A0A081K5L4,NA,NA,CDS,NA,Phosphate propanoyltransferase,NA,NA
NA,EBHIBJHK_04300,A0A078LW27,NA,NA,CDS,ftsA_3,Bacterial cell division protein FtsA/MreB,NA,NA
NA,EBHIBJHK_03941,NA,NA,NA,CDS,NA,hypothetical protein,NA,NA
NA,EBHIBJHK_04987,P0A0D1,NA,NA,CDS,ant1_2,Streptomycin 3''-adenylyltransferase,NA,NA
NA,EBHIBJHK_04988,A0A072NYL0,NA,NA,CDS,NA,Dihydrofolate reductase,NA,NA
NA,EBHIBJHK_04989,NA,NA,NA,CDS,NA,hypothetical protein,NA,NA
NA,EBHIBJHK_03945,NA,NA,NA,CDS,NA,hypothetical protein,NA,NA
NA,EBHIBJHK_03946,NA,NA,NA,CDS,NA,hypothetical protein,NA,NA
NA,EBHIBJHK_03947,NA,NA,NA,CDS,NA,hypothetical protein,NA,NA
NA,EBHIBJHK_03948,NA,NA,NA,CDS,NA,hypothetical protein,NA,NA
NA,EBHIBJHK_03949,NA,NA,NA,CDS,NA,hypothetical protein,NA,NA
NA,EBHIBJHK_01812,A0QQ68,NA,NA,CDS,phnE,Phosphate-import permease protein PhnE,NA,NA
NA,EBHIBJHK_03951,NA,NA,NA,CDS,NA,hypothetical protein,NA,NA
NA,EBHIBJHK_03952,NA,NA,NA,CDS,NA,hypothetical protein,NA,NA
NA,EBHIBJHK_03953,NA,NA,NA,CDS,NA,hypothetical protein,NA,NA
NA,EBHIBJHK_04314,A0A087HRS3,NA,NA,CDS,NA,Group II Intron Splicing and Mobility/Defense,NA,NA
NA,EBHIBJHK_03955,NA,NA,NA,CDS,NA,hypothetical protein,NA,NA
NA,EBHIBJHK_03956,NA,NA,NA,CDS,NA,hypothetical protein,NA,NA
NA,EBHIBJHK_03957,NA,NA,NA,CDS,NA,hypothetical protein,NA,NA
NA,EBHIBJHK_03958,NA,NA,NA,CDS,NA,hypothetical protein,NA,NA
NA,EBHIBJHK_05004,NA,NA,NA,CDS,era_3,GTPase Era,NA,NA
NA,EBHIBJHK_05005,NA,NA,NA,CDS,NA,hypothetical protein,NA,NA
NA,EBHIBJHK_03961,NA,NA,NA,CDS,NA,hypothetical protein,NA,NA
NA,EBHIBJHK_04322,Q9KWV4,NA,NA,CDS,ttgE,Toluene efflux pump membrane transporter TtgE,NA,NA
NA,EBHIBJHK_05008,NA,NA,NA,CDS,NA,hypothetical protein,NA,NA
NA,EBHIBJHK_00866,NA,NA,NA,CDS,NA,hypothetical protein,NA,NA
NA,EBHIBJHK_00867,NA,NA,NA,CDS,NA,hypothetical protein,NA,NA
NA,EBHIBJHK_04326,P24183,NA,NA,CDS,fdnG_2,"Formate dehydrogenase, nitrate-inducible, major subunit",NA,NA
NA,EBHIBJHK_05011,NA,NA,NA,CDS,NA,hypothetical protein,NA,NA
NA,EBHIBJHK_05013,A0A017HLD6,NA,NA,CDS,NA,Transposase-related protein,NA,NA
NA,EBHIBJHK_04329,P37592,NA,b0553,CDS,nmpC,putative outer membrane porin NmpC,NA,NA
NA,EBHIBJHK_03253,NA,NA,NA,CDS,NA,hypothetical protein,NA,NA
NA,EBHIBJHK_00752,P37016,NA,NA,CDS,yadK,putative fimbrial-like protein YadK,NA,NA
NA,EBHIBJHK_05016,NA,NA,NA,CDS,NA,hypothetical protein,NA,NA
NA,EBHIBJHK_05017,A0A062VGB9,NA,NA,CDS,NA,Bacterial Insertion Sequence Transposase,NA,NA
NA,EBHIBJHK_00876,NA,NA,NA,CDS,NA,hypothetical protein,NA,NA
NA,EBHIBJHK_05020,NA,NA,NA,tRNA,NA,tRNA-Ala(tgc),NA,NA
NA,EBHIBJHK_05021,NA,NA,NA,tRNA,NA,tRNA-Ile(gat),NA,NA
NA,EBHIBJHK_05022,NA,NA,NA,CDS,NA,IS200/IS605 family transposase IS200F,NA,NA
NA,EBHIBJHK_05023,NA,NA,NA,CDS,NA,hypothetical protein,NA,NA
NA,EBHIBJHK_02901,NA,NA,NA,CDS,NA,hypothetical protein,NA,NA
NA,EBHIBJHK_03617,NA,NA,NA,CDS,NA,hypothetical protein,NA,NA
NA,EBHIBJHK_04341,P32717,NA,NA,CDS,yjcS_2,Putative alkyl/aryl-sulfatase YjcS,NA,NA
NA,EBHIBJHK_03265,NA,NA,NA,CDS,NA,hypothetical protein,NA,NA
NA,EBHIBJHK_02905,NA,NA,NA,CDS,NA,hypothetical protein,NA,NA
NA,EBHIBJHK_02906,A0A087JY02,NA,NA,CDS,NA,Bacterial HTH-type regulators and antitoxins,NA,NA
NA,EBHIBJHK_02907,Q9KMA6,NA,NA,CDS,higB-2_2,Toxin HigB-2,NA,NA
NA,EBHIBJHK_02089,NA,NA,NA,tRNA,NA,tRNA-Met(cat),NA,NA
NA,EBHIBJHK_05030,NA,NA,NA,CDS,NA,hypothetical protein,NA,NA
NA,EBHIBJHK_05032,NA,NA,NA,tRNA,NA,tRNA-Ile(gat),NA,NA
NA,EBHIBJHK_05033,NA,NA,NA,tRNA,NA,tRNA-Lys(ttt),NA,NA
NA,EBHIBJHK_01013,NA,NA,NA,CDS,NA,hypothetical protein,NA,NA
NA,EBHIBJHK_01014,NA,NA,NA,CDS,NA,hypothetical protein,NA,NA
NA,EBHIBJHK_04916,NA,NA,NA,CDS,NA,hypothetical protein,NA,NA
NA,EBHIBJHK_03630,Q9KL40,NA,NA,CDS,hutX,Intracellular heme transport protein HutX,NA,NA
NA,EBHIBJHK_03994,NA,NA,NA,CDS,NA,hypothetical protein,NA,NA
NA,EBHIBJHK_03995,NA,NA,NA,CDS,NA,hypothetical protein,NA,NA
NA,EBHIBJHK_02099,NA,NA,NA,CDS,dnaT_1,Primosomal protein 1,NA,NA
NA,EBHIBJHK_02100,NA,NA,NA,CDS,NA,hypothetical protein,NA,NA
NA,EBHIBJHK_03280,A0A068PC40,NA,NA,CDS,NA,Transposase 11-like,NA,NA
NA,EBHIBJHK_04116,NA,NA,NA,CDS,NA,hypothetical protein,NA,NA
NA,EBHIBJHK_04236,NA,NA,NA,tRNA,NA,tRNA-SeC(tca),NA,NA
NA,EBHIBJHK_01024,NA,NA,NA,CDS,NA,hypothetical protein,NA,NA
NA,EBHIBJHK_02103,NA,NA,NA,CDS,NA,hypothetical protein,NA,NA
NA,EBHIBJHK_04123,NA,NA,NA,tRNA,NA,tRNA-Thr(tgt),NA,NA
NA,EBHIBJHK_01027,NA,NA,NA,CDS,NA,hypothetical protein,NA,NA
NA,EBHIBJHK_03048,NA,NA,NA,CDS,NA,hypothetical protein,NA,NA
NA,EBHIBJHK_04005,NA,NA,NA,tRNA,NA,tRNA-Tyr(gta),NA,NA
NA,EBHIBJHK_04125,NA,NA,NA,CDS,NA,hypothetical protein,NA,NA
NA,EBHIBJHK_01747,NA,NA,NA,CDS,NA,hypothetical protein,NA,NA
NA,EBHIBJHK_03886,P26218,NA,NA,CDS,bglH_2,Cryptic outer membrane porin BglH,NA,NA
NA,EBHIBJHK_04934,P9WJX9,NA,NA,CDS,tap_2,Multidrug efflux pump Tap,NA,NA
NA,EBHIBJHK_04131,NA,NA,NA,CDS,NA,hypothetical protein,NA,NA
NA,EBHIBJHK_03055,A0A024L809,NA,NA,CDS,NA,Pentapeptide repeat and BTB/POZ domain-containing protein,NA,NA
NA,EBHIBJHK_04132,NA,NA,NA,CDS,NA,hypothetical protein,NA,NA
NA,EBHIBJHK_01876,NA,NA,NA,CDS,NA,hypothetical protein,NA,NA
NA,EBHIBJHK_02694,NA,NA,NA,tRNA,NA,tRNA-Trp(cca),NA,NA
NA,EBHIBJHK_04828,P23895,NA,NA,CDS,emrE_2,Multidrug transporter EmrE,NA,NA
NA,EBHIBJHK_04135,NA,NA,NA,CDS,NA,hypothetical protein,NA,NA
NA,EBHIBJHK_01404,NA,NA,NA,CDS,NA,hypothetical protein,NA,NA
NA,EBHIBJHK_00840,NA,NA,NA,CDS,NA,hypothetical protein,NA,NA
NA,EBHIBJHK_00841,NA,NA,NA,CDS,NA,hypothetical protein,NA,NA
NA,EBHIBJHK_02482,NA,NA,NA,CDS,NA,hypothetical protein,NA,NA
NA,EBHIBJHK_03538,P0DP92,NA,NA,CDS,bcsQ_1,Cellulose biosynthesis protein BcsQ,NA,NA
NA,EBHIBJHK_01046,P32382,NA,NA,CDS,NA,NADH oxidase,NA,NA
NA,EBHIBJHK_04739,P10486,NA,NA,CDS,hsdR,Type I restriction enzyme EcoR124II R protein,NA,NA
NA,EBHIBJHK_01887,NA,NA,NA,CDS,NA,hypothetical protein,NA,NA
NA,EBHIBJHK_01888,NA,NA,NA,CDS,NA,hypothetical protein,NA,NA
NA,EBHIBJHK_03784,P0DPR7,NA,NA,CDS,emrB_2,Colistin resistance protein EmrB,NA,NA
NA,EBHIBJHK_04147,NA,NA,NA,CDS,NA,hypothetical protein,NA,NA
NA,EBHIBJHK_01891,NA,NA,NA,CDS,NA,hypothetical protein,NA,NA
NA,EBHIBJHK_01892,NA,NA,NA,CDS,NA,hypothetical protein,NA,NA
NA,EBHIBJHK_01893,NA,NA,NA,CDS,NA,hypothetical protein,NA,NA
NA,EBHIBJHK_01894,NA,NA,NA,CDS,NA,hypothetical protein,NA,NA
NA,EBHIBJHK_01895,NA,NA,NA,CDS,NA,hypothetical protein,NA,NA
NA,EBHIBJHK_01896,NA,NA,NA,CDS,NA,hypothetical protein,NA,NA
NA,EBHIBJHK_01897,NA,NA,NA,CDS,NA,hypothetical protein,NA,NA
NA,EBHIBJHK_00857,NA,NA,NA,CDS,NA,hypothetical protein,NA,NA
NA,EBHIBJHK_00858,NA,NA,NA,CDS,NA,hypothetical protein,NA,NA
NA,EBHIBJHK_00859,P0ACB0,NA,NA,CDS,dnaB_1,Replicative DNA helicase,NA,NA
NA,EBHIBJHK_00860,NA,NA,NA,CDS,NA,hypothetical protein,NA,NA
NA,EBHIBJHK_00861,NA,NA,NA,CDS,NA,hypothetical protein,NA,NA
NA,EBHIBJHK_01902,A0A072TF05,NA,NA,CDS,NA,Bacteriophage Baseplate Hub,NA,NA
NA,EBHIBJHK_01903,NA,NA,NA,CDS,NA,hypothetical protein,NA,NA
NA,EBHIBJHK_00864,NA,NA,NA,CDS,NA,hypothetical protein,NA,NA
NA,EBHIBJHK_00825,NA,NA,NA,CDS,NA,hypothetical protein,NA,NA
NA,EBHIBJHK_00826,NA,NA,NA,CDS,NA,hypothetical protein,NA,NA
NA,EBHIBJHK_00827,NA,NA,NA,CDS,NA,hypothetical protein,NA,NA
NA,EBHIBJHK_00828,NA,NA,NA,CDS,clpP_1,ATP-dependent Clp protease proteolytic subunit,NA,NA
NA,EBHIBJHK_01908,Q02TE1,NA,NA,CDS,gpFI,Putative prophage major tail sheath protein,NA,NA
NA,EBHIBJHK_00830,NA,NA,NA,CDS,NA,hypothetical protein,NA,NA
NA,EBHIBJHK_00831,NA,NA,NA,CDS,NA,hypothetical protein,NA,NA
NA,EBHIBJHK_04974,P13661,NA,NA,CDS,bla_2,Beta-lactamase OXA-1,NA,NA
NA,EBHIBJHK_00833,NA,NA,NA,CDS,NA,hypothetical protein,NA,NA
NA,EBHIBJHK_00834,NA,NA,NA,CDS,NA,hypothetical protein,NA,NA
NA,EBHIBJHK_00835,NA,NA,NA,CDS,NA,hypothetical protein,NA,NA
NA,EBHIBJHK_00836,NA,NA,NA,CDS,NA,hypothetical protein,NA,NA
NA,EBHIBJHK_00837,NA,NA,NA,CDS,NA,hypothetical protein,NA,NA
NA,EBHIBJHK_00838,NA,NA,NA,CDS,NA,hypothetical protein,NA,NA
NA,EBHIBJHK_00839,NA,NA,NA,CDS,NA,hypothetical protein,NA,NA
NA,EBHIBJHK_01718,NA,NA,NA,CDS,NA,hypothetical protein,NA,NA
NA,EBHIBJHK_00881,NA,NA,NA,CDS,NA,hypothetical protein,NA,NA
NA,EBHIBJHK_00842,NA,NA,NA,CDS,NA,hypothetical protein,NA,NA
NA,EBHIBJHK_00843,NA,NA,NA,CDS,NA,hypothetical protein,NA,NA
NA,EBHIBJHK_00844,NA,NA,NA,CDS,NA,hypothetical protein,NA,NA
NA,EBHIBJHK_00845,NA,NA,NA,CDS,NA,hypothetical protein,NA,NA
NA,EBHIBJHK_00846,NA,NA,NA,CDS,NA,hypothetical protein,NA,NA
NA,EBHIBJHK_00847,NA,NA,NA,CDS,NA,hypothetical protein,NA,NA
NA,EBHIBJHK_00848,NA,NA,NA,CDS,NA,hypothetical protein,NA,NA
NA,EBHIBJHK_00849,NA,NA,NA,CDS,NA,hypothetical protein,NA,NA
NA,EBHIBJHK_00850,NA,NA,NA,CDS,NA,hypothetical protein,NA,NA
NA,EBHIBJHK_00851,NA,NA,NA,CDS,NA,hypothetical protein,NA,NA
NA,EBHIBJHK_00852,NA,NA,NA,CDS,NA,hypothetical protein,NA,NA
NA,EBHIBJHK_00853,P0AG74,NA,NA,CDS,rusA,Crossover junction endodeoxyribonuclease RusA,NA,NA
NA,EBHIBJHK_04311,Q30W71,NA,NA,CDS,cutD_2,Choline trimethylamine-lyase activating enzyme,NA,NA
NA,EBHIBJHK_04312,NA,NA,NA,CDS,NA,hypothetical protein,NA,NA
NA,EBHIBJHK_00856,NA,NA,NA,CDS,NA,hypothetical protein,NA,NA
NA,EBHIBJHK_01018,P24251,NA,b0240,CDS,crl,RNA polymerase holoenzyme assembly factor Crl,NA,NA
NA,EBHIBJHK_03632,Q56992,NA,NA,CDS,hmuU,Hemin transport system permease protein HmuU,NA,NA
NA,EBHIBJHK_02098,NA,NA,NA,CDS,NA,hypothetical protein,NA,NA
NA,EBHIBJHK_04117,NA,NA,NA,CDS,NA,hypothetical protein,NA,NA
NA,EBHIBJHK_03160,A0A077F605,NA,NA,CDS,NA,Viral Assembly and Modifier Protease,NA,NA
NA,EBHIBJHK_00862,NA,NA,NA,CDS,NA,hypothetical protein,NA,NA
NA,EBHIBJHK_00863,NA,NA,NA,CDS,NA,hypothetical protein,NA,NA
NA,EBHIBJHK_04886,NA,NA,NA,CDS,NA,hypothetical protein,NA,NA
NA,EBHIBJHK_00865,NA,NA,NA,CDS,NA,hypothetical protein,NA,NA
NA,EBHIBJHK_03128,A0A066XM05,NA,NA,CDS,COQ5,Polyketide and Nonribosomal Peptide Biosynthesis Enzymes,NA,NA
NA,EBHIBJHK_03129,A0A059J4M3,NA,NA,CDS,NA,Gfo/Idh/MocA Oxidoreductases,NA,NA
NA,EBHIBJHK_04447,D2TV88,NA,NA,CDS,NA,putative autotransporter,NA,NA
NA,EBHIBJHK_00869,NA,NA,NA,CDS,NA,hypothetical protein,NA,NA
NA,EBHIBJHK_04087,P77333,NA,NA,CDS,pgrR_5,HTH-type transcriptional regulator PgrR,NA,NA
NA,EBHIBJHK_00871,NA,NA,NA,CDS,NA,hypothetical protein,NA,NA
NA,EBHIBJHK_00872,NA,NA,NA,CDS,NA,hypothetical protein,NA,NA
NA,EBHIBJHK_00873,NA,NA,NA,CDS,NA,hypothetical protein,NA,NA
NA,EBHIBJHK_00874,NA,NA,NA,CDS,NA,hypothetical protein,NA,NA
NA,EBHIBJHK_00875,NA,NA,NA,CDS,NA,hypothetical protein,NA,NA
NA,EBHIBJHK_00997,A0A068PC40,NA,NA,CDS,NA,Transposase 11-like,NA,NA
NA,EBHIBJHK_00877,NA,NA,NA,CDS,NA,hypothetical protein,NA,NA
NA,EBHIBJHK_00878,NA,NA,NA,CDS,NA,hypothetical protein,NA,NA
NA,EBHIBJHK_00879,NA,NA,NA,CDS,NA,hypothetical protein,NA,NA
NA,EBHIBJHK_04136,P06968,NA,NA,CDS,dut_2,Deoxyuridine 5'-triphosphate nucleotidohydrolase,NA,NA
NA,EBHIBJHK_04178,Q8ZL65,NA,NA,CDS,sadB,Inner membrane lipoprotein SadB,NA,NA
NA,EBHIBJHK_00882,NA,NA,NA,CDS,NA,hypothetical protein,NA,NA
NA,EBHIBJHK_00883,A0A069PA44,NA,NA,CDS,xerC_1,Phage Integrase,NA,NA
NA,EBHIBJHK_01965,Q0P9C5,NA,NA,CDS,pglH,"GalNAc-alpha-(1->4)-GalNAc-alpha-(1->3)-diNAcBac-PP-undecaprenol alpha-1,4-N-acetyl-D-galactosaminyltransferase",NA,NA
NA,EBHIBJHK_01966,B5L3F2,NA,NA,CDS,wfgD,"UDP-Glc:alpha-D-GlcNAc-diphosphoundecaprenol beta-1,3-glucosyltransferase WfgD",NA,NA
NA,EBHIBJHK_01967,P09147,NA,NA,CDS,galE_1,UDP-glucose 4-epimerase,NA,NA
NA,EBHIBJHK_01008,Q03478,NA,NA,CDS,lafU,Chemotaxis protein LafU,NA,NA
NA,EBHIBJHK_05028,A0A017HLD6,NA,NA,CDS,NA,Transposase-related protein,NA,NA
NA,EBHIBJHK_03865,NA,NA,NA,CDS,NA,hypothetical protein,NA,NA
NA,EBHIBJHK_01727,Q5E1G4,NA,NA,CDS,yggP_1,Mannitol-1-phosphate 5-dehydrogenase,NA,NA
NA,EBHIBJHK_03867,NA,NA,NA,CDS,NA,hypothetical protein,NA,NA
NA,EBHIBJHK_03152,NA,NA,NA,CDS,NA,hypothetical protein,NA,NA
NA,EBHIBJHK_03868,NA,NA,NA,CDS,NA,hypothetical protein,NA,NA
NA,EBHIBJHK_03153,NA,NA,NA,CDS,NA,hypothetical protein,NA,NA
NA,EBHIBJHK_02096,NA,NA,NA,CDS,NA,hypothetical protein,NA,NA
NA,EBHIBJHK_02097,NA,NA,NA,CDS,NA,hypothetical protein,NA,NA
NA,EBHIBJHK_04846,A0A084W6Z3,NA,NA,CDS,NA,Retinal determination transcriptional regulator,NA,NA
NA,EBHIBJHK_04881,P28815,NA,NA,CDS,tetC,Transposon Tn10 TetC protein,NA,NA
NA,EBHIBJHK_03120,NA,NA,NA,CDS,NA,hypothetical protein,NA,NA
NA,EBHIBJHK_03474,A0A059L7T5,NA,NA,CDS,NA,Leucine-rich repeat-containing bacterial E3 ubiquitin ligases,NA,NA
NA,EBHIBJHK_04197,NA,NA,NA,CDS,rhaR_5,HTH-type transcriptional activator RhaR,NA,NA
NA,EBHIBJHK_03123,P0AE16,NA,NA,CDS,ampG_2,Anhydromuropeptide permease,NA,NA
NA,EBHIBJHK_04235,P37326,NA,NA,CDS,intS_2,Prophage integrase IntS,NA,NA
NA,EBHIBJHK_04319,A0A084J8T2,NA,NA,CDS,NA,Bacterial microcompartment shell,NA,NA
NA,EBHIBJHK_04928,P39180,NA,NA,CDS,flu_1,Antigen 43,NA,NA
NA,EBHIBJHK_04815,NA,NA,NA,CDS,NA,hypothetical protein,NA,NA
NA,EBHIBJHK_04930,NA,NA,NA,CDS,NA,hypothetical protein,NA,NA
NA,EBHIBJHK_04126,NA,NA,NA,tRNA,NA,tRNA-Met(cat),NA,NA
NA,EBHIBJHK_02108,NA,NA,NA,CDS,NA,hypothetical protein,NA,NA
NA,EBHIBJHK_02349,NA,NA,NA,tRNA,NA,tRNA-Leu(cag),NA,NA
NA,EBHIBJHK_02350,NA,NA,NA,tRNA,NA,tRNA-Leu(cag),NA,NA
NA,EBHIBJHK_04821,A0A060NJI2,NA,NA,CDS,NA,ATP-dependent Helicase,NA,NA
NA,EBHIBJHK_03170,Q55282,NA,NA,CDS,mntB_2,Manganese transport system membrane protein MntB,NA,NA
NA,EBHIBJHK_04937,NA,NA,NA,CDS,NA,hypothetical protein,NA,NA
NA,EBHIBJHK_02116,NA,NA,NA,CDS,NA,hypothetical protein,NA,NA
NA,EBHIBJHK_02117,A0A077Q3Z9,NA,NA,CDS,NA,Intimin/Invasin domain-containing protein,NA,NA
NA,EBHIBJHK_04614,NA,NA,NA,CDS,NA,hypothetical protein,NA,NA
NA,EBHIBJHK_03217,NA,NA,NA,CDS,NA,hypothetical protein,NA,NA
NA,EBHIBJHK_04295,NA,NA,NA,CDS,NA,IS3 family transposase ISLad1,NA,NA
NA,EBHIBJHK_04177,NA,NA,NA,CDS,NA,hypothetical protein,NA,NA
NA,EBHIBJHK_02553,Q9KBQ3,NA,NA,CDS,araB_2,Ribulokinase,NA,NA
NA,EBHIBJHK_04867,NA,NA,NA,CDS,NA,hypothetical protein,NA,NA
NA,EBHIBJHK_04260,NA,NA,NA,CDS,NA,hypothetical protein,NA,NA
NA,EBHIBJHK_04947,NA,NA,NA,CDS,NA,hypothetical protein,NA,NA
NA,EBHIBJHK_04144,NA,NA,NA,CDS,NA,hypothetical protein,NA,NA
NA,EBHIBJHK_04145,NA,NA,NA,CDS,NA,hypothetical protein,NA,NA
NA,EBHIBJHK_04740,A0A066ZPL6,NA,NA,CDS,NA,Type I restriction enzyme S subunit,NA,NA
NA,EBHIBJHK_04627,Q7VYQ1,NA,NA,CDS,queH,Epoxyqueuosine reductase QueH,NA,NA
NA,EBHIBJHK_03825,NA,NA,NA,CDS,NA,hypothetical protein,NA,NA
NA,EBHIBJHK_03786,P0DPR6,NA,NA,CDS,emrA_2,Colistin resistance protein EmrA,NA,NA
NA,EBHIBJHK_04841,A0A077Q3Z9,NA,NA,CDS,NA,Intimin/Invasin domain-containing protein,NA,NA
NA,EBHIBJHK_04842,P43015,NA,NA,CDS,hilA,Transcriptional regulator HilA,NA,NA
NA,EBHIBJHK_02711,A0A058ZNT6,NA,NA,CDS,NA,"TRAP transporter, small membrane protein DctQ",NA,NA
NA,EBHIBJHK_02712,Q0B2F6,NA,NA,CDS,NA,Solute-binding protein,NA,NA
NA,EBHIBJHK_04845,A0A062BPS9,NA,NA,CDS,NA,Transposase IS3/IS150/IS904,NA,NA
NA,EBHIBJHK_03117,NA,NA,NA,tRNA,NA,tRNA-Ser(cga),NA,NA
NA,EBHIBJHK_03276,A0A078S0Q2,NA,NA,CDS,NA,"Transposase IS66, Orf2",NA,NA
NA,EBHIBJHK_04595,NA,NA,NA,CDS,NA,hypothetical protein,NA,NA
NA,EBHIBJHK_03158,NA,NA,NA,CDS,NA,hypothetical protein,NA,NA
NA,EBHIBJHK_02101,NA,NA,NA,CDS,NA,hypothetical protein,NA,NA
NA,EBHIBJHK_03159,NA,NA,NA,CDS,NA,hypothetical protein,NA,NA
NA,EBHIBJHK_04885,A0A014M615,NA,NA,CDS,NA,HTH-type Metal-responsive Transcriptional Regulator,NA,NA
NA,EBHIBJHK_03355,NA,NA,NA,CDS,NA,hypothetical protein,NA,NA
NA,EBHIBJHK_00985,NA,NA,NA,tRNA,NA,tRNA-Ser(gga),NA,NA
NA,EBHIBJHK_04752,A0A077N287,NA,NA,CDS,NA,Type VI secretion system sheath protein TssB1,NA,NA
NA,EBHIBJHK_04752,A0A068QUQ1,NA,NA,CDS,NA,Type VI secretion system sheath protein TssB1,NA,NA
NA,EBHIBJHK_03443,NA,NA,NA,CDS,NA,hypothetical protein,NA,NA
NA,EBHIBJHK_03444,A0A066PIP2,NA,NA,CDS,NA,"Vibrio phage ICP1, Orf50",NA,NA
NA,EBHIBJHK_03131,P40871,NA,NA,CDS,dhbE,"2,3-dihydroxybenzoate-AMP ligase",NA,NA
NA,EBHIBJHK_01909,NA,NA,NA,CDS,NA,hypothetical protein,NA,NA
NA,EBHIBJHK_01910,NA,NA,NA,CDS,NA,hypothetical protein,NA,NA
NA,EBHIBJHK_03332,NA,NA,NA,tRNA,NA,tRNA-Lys(ttt),NA,NA
NA,EBHIBJHK_04975,P20092,NA,NA,CDS,aacA4,Aminoglycoside N(6')-acetyltransferase type 1,NA,NA
NA,EBHIBJHK_04976,NA,NA,NA,CDS,NA,hypothetical protein,NA,NA
NA,EBHIBJHK_02853,NA,NA,NA,CDS,NA,hypothetical protein,NA,NA
NA,EBHIBJHK_04535,NA,NA,NA,CDS,NA,hypothetical protein,NA,NA
NA,EBHIBJHK_04900,P0ACN7,NA,NA,CDS,cytR_3,HTH-type transcriptional repressor CytR,NA,NA
NA,EBHIBJHK_03139,NA,NA,NA,tRNA,NA,tRNA-Asn(gtt),NA,NA
NA,EBHIBJHK_01717,NA,NA,NA,CDS,NA,hypothetical protein,NA,NA
NA,EBHIBJHK_04827,P0AC13,NA,NA,CDS,folP_2,Dihydropteroate synthase,NA,NA
NA,EBHIBJHK_01719,P42216,NA,NA,CDS,kpsU,3-deoxy-manno-octulosonate cytidylyltransferase,NA,NA
NA,EBHIBJHK_03144,NA,NA,NA,tRNA,NA,tRNA-Asn(gtt),NA,NA
NA,EBHIBJHK_04868,A0A078S0Q2,NA,NA,CDS,NA,"Transposase IS66, Orf2",NA,NA
NA,EBHIBJHK_04868,A0A069D3R4,NA,NA,CDS,NA,"Transposase IS66, Orf2",NA,NA
NA,EBHIBJHK_04869,NA,NA,NA,CDS,NA,hypothetical protein,NA,NA
NA,EBHIBJHK_04870,NA,NA,NA,CDS,NA,hypothetical protein,NA,NA
NA,EBHIBJHK_04871,NA,NA,NA,CDS,NA,hypothetical protein,NA,NA
NA,EBHIBJHK_04872,NA,NA,NA,CDS,NA,hypothetical protein,NA,NA
NA,EBHIBJHK_02785,NA,NA,NA,CDS,NA,hypothetical protein,NA,NA
NA,EBHIBJHK_02051,NA,NA,NA,tRNA,NA,tRNA-Ser(gct),NA,NA
NA,EBHIBJHK_02052,NA,NA,NA,tRNA,NA,tRNA-Arg(acg),NA,NA
NA,EBHIBJHK_04551,NA,NA,NA,tRNA,NA,tRNA-Asp(gtc),NA,NA
NA,EBHIBJHK_04877,NA,NA,NA,CDS,NA,hypothetical protein,NA,NA
NA,EBHIBJHK_04775,A0A069RNJ6,NA,NA,CDS,resA_2,Thioredoxin family ResA/DsbE subfamily,NA,NA
NA,EBHIBJHK_03950,NA,NA,NA,CDS,NA,hypothetical protein,NA,NA
NA,EBHIBJHK_04918,NA,NA,NA,CDS,NA,hypothetical protein,NA,NA
NA,EBHIBJHK_04747,A0A069B4W7,NA,NA,CDS,NA,"Type VI secretion, TssG-like",NA,NA
NA,EBHIBJHK_04997,NA,NA,NA,CDS,NA,hypothetical protein,NA,NA
NA,EBHIBJHK_04315,NA,NA,NA,CDS,NA,hypothetical protein,NA,NA
NA,EBHIBJHK_04316,A0A077KEB4,NA,NA,CDS,NA,Bacterial two-component sensor kinase systems,NA,NA
NA,EBHIBJHK_04317,NA,NA,NA,CDS,rhaR_6,HTH-type transcriptional activator RhaR,NA,NA
NA,EBHIBJHK_05002,NA,NA,NA,CDS,NA,hypothetical protein,NA,NA
NA,EBHIBJHK_04883,P02980,NA,NA,CDS,tetA,"Tetracycline resistance protein, class B",NA,NA
NA,EBHIBJHK_03243,NA,NA,NA,CDS,NA,hypothetical protein,NA,NA
NA,EBHIBJHK_02066,Q9ADP8,NA,NA,CDS,NA,putative transporter,NA,NA
NA,EBHIBJHK_05007,NA,NA,NA,CDS,NA,hypothetical protein,NA,NA
NA,EBHIBJHK_04445,NA,NA,NA,CDS,NA,hypothetical protein,NA,NA
NA,EBHIBJHK_03130,Q9ZGI1,NA,NA,CDS,pikAV,Thioesterase PikA5,NA,NA
NA,EBHIBJHK_03165,NA,NA,NA,CDS,NA,hypothetical protein,NA,NA
NA,EBHIBJHK_03132,P46359,NA,NA,CDS,fyuA,Pesticin receptor,NA,NA
NA,EBHIBJHK_03133,A0A077Q3Z9,NA,NA,CDS,NA,Intimin/Invasin domain-containing protein,NA,NA
NA,EBHIBJHK_03134,A0A077Q3Z9,NA,NA,CDS,NA,Intimin/Invasin domain-containing protein,NA,NA
NA,EBHIBJHK_03135,A0A011PVM6,NA,NA,CDS,NA,Lipopolysaccharide/Lipooligosaccharide Heptosyltransferase,NA,NA
NA,EBHIBJHK_00995,NA,NA,NA,CDS,NA,hypothetical protein,NA,NA
NA,EBHIBJHK_00996,A0A068PC40,NA,NA,CDS,NA,Transposase 11-like,NA,NA
NA,EBHIBJHK_01955,Q8X7P7,NA,NA,CDS,gnu,"N-acetyl-alpha-D-glucosaminyl-diphospho-ditrans,octacis-undecaprenol 4-epimerase",NA,NA
NA,EBHIBJHK_03215,NA,NA,NA,CDS,NA,hypothetical protein,NA,NA
NA,EBHIBJHK_03337,NA,NA,NA,tRNA,NA,tRNA-Lys(ttt),NA,NA
NA,EBHIBJHK_03338,NA,NA,NA,tRNA,NA,tRNA-Lys(ttt),NA,NA
NA,EBHIBJHK_03339,P19769,NA,NA,CDS,insK,Putative transposase InsK for insertion sequence element IS150,NA,NA
NA,EBHIBJHK_03340,NA,NA,NA,CDS,NA,IS3 family transposase IS629,NA,NA
NA,EBHIBJHK_03937,NA,NA,NA,CDS,NA,hypothetical protein,NA,NA
NA,EBHIBJHK_04221,NA,NA,NA,CDS,NA,hypothetical protein,NA,NA
NA,EBHIBJHK_04906,P69066,NA,NA,CDS,sicA,Chaperone protein SicA,NA,NA
NA,EBHIBJHK_01006,NA,NA,NA,CDS,NA,hypothetical protein,NA,NA
NA,EBHIBJHK_01007,P40729,NA,NA,CDS,flhA_2,Flagellar biosynthesis protein FlhA,NA,NA
NA,EBHIBJHK_03267,NA,NA,NA,CDS,NA,hypothetical protein,NA,NA
NA,EBHIBJHK_04585,NA,NA,NA,CDS,NA,hypothetical protein,NA,NA
NA,EBHIBJHK_04741,A0A087MA40,NA,NA,CDS,NA,DNA Adenine N(4)/N(6)-Methyltransferase,NA,NA
NA,EBHIBJHK_03150,A0A089I7C6,NA,NA,CDS,NA,Carbohydrate Metabolism HTH-type Transcriptional Regulators,NA,NA
NA,EBHIBJHK_05031,P76364,NA,NA,CDS,cbeA_3,Cytoskeleton bundling-enhancing antitoxin CbeA,NA,NA
NA,EBHIBJHK_04226,NA,NA,NA,CDS,NA,hypothetical protein,NA,NA
NA,EBHIBJHK_02787,P32053,NA,NA,CDS,intA_3,Prophage integrase IntA,NA,NA
NA,EBHIBJHK_04632,A0A060DRB6,NA,NA,CDS,NA,Bacterial transcriptional regulator/dioxygenase,NA,NA
NA,EBHIBJHK_01731,P37080,NA,NA,CDS,sorF,PTS system sorbose-specific EIIA component,NA,NA
NA,EBHIBJHK_04747,A0A071MFD1,NA,NA,CDS,NA,"Type VI secretion, TssG-like",NA,NA
NA,EBHIBJHK_04669,NA,NA,NA,CDS,NA,hypothetical protein,NA,NA
NA,EBHIBJHK_04919,NA,NA,NA,CDS,NA,IS1380 family transposase ISEcp1,NA,NA
NA,EBHIBJHK_03631,NA,NA,NA,CDS,NA,hypothetical protein,NA,NA
NA,EBHIBJHK_03155,NA,NA,NA,CDS,NA,hypothetical protein,NA,NA
NA,EBHIBJHK_03160,A0A059KU83,NA,NA,CDS,NA,Viral Assembly and Modifier Protease,NA,NA
NA,EBHIBJHK_03354,NA,NA,NA,CDS,NA,hypothetical protein,NA,NA
NA,EBHIBJHK_04233,NA,NA,NA,CDS,NA,hypothetical protein,NA,NA
NA,EBHIBJHK_03356,NA,NA,NA,CDS,NA,hypothetical protein,NA,NA
NA,EBHIBJHK_02104,NA,NA,NA,CDS,NA,hypothetical protein,NA,NA
NA,EBHIBJHK_02105,P15032,NA,NA,CDS,recE_1,Exodeoxyribonuclease 8,NA,NA
NA,EBHIBJHK_02106,NA,NA,NA,CDS,NA,hypothetical protein,NA,NA
NA,EBHIBJHK_04931,P75677,NA,NA,CDS,NA,hypothetical protein,NA,NA
NA,EBHIBJHK_01907,NA,NA,NA,CDS,NA,hypothetical protein,NA,NA
NA,EBHIBJHK_02109,NA,NA,NA,CDS,NA,hypothetical protein,NA,NA
NA,EBHIBJHK_02110,NA,NA,NA,CDS,NA,hypothetical protein,NA,NA
NA,EBHIBJHK_02111,P32053,NA,NA,CDS,intA_2,Prophage integrase IntA,NA,NA
NA,EBHIBJHK_04820,NA,NA,NA,CDS,NA,hypothetical protein,NA,NA
NA,EBHIBJHK_03768,P28246,NA,NA,CDS,bcr_2,Bicyclomycin resistance protein,NA,NA
NA,EBHIBJHK_04824,Q56320,NA,NA,CDS,trpF,N-(5'-phosphoribosyl)anthranilate isomerase,NA,NA
NA,EBHIBJHK_04823,P13081,NA,NA,CDS,ble,Bleomycin resistance protein,NA,NA
NA,EBHIBJHK_04897,NA,NA,NA,CDS,NA,hypothetical protein,NA,NA
NA,EBHIBJHK_02316,NA,NA,NA,CDS,NA,hypothetical protein,NA,NA
NA,EBHIBJHK_05019,NA,NA,NA,CDS,NA,IS200/IS605 family transposase IS200C,NA,NA
NA,EBHIBJHK_03259,NA,NA,NA,CDS,NA,hypothetical protein,NA,NA
NA,EBHIBJHK_04800,NA,NA,NA,CDS,NA,hypothetical protein,NA,NA
NA,EBHIBJHK_02554,P44737,NA,NA,CDS,rbsB_1,Ribose import binding protein RbsB,NA,NA
NA,EBHIBJHK_04984,P0ACR9,NA,NA,CDS,mprA_2,Transcriptional repressor MprA,NA,NA
NA,EBHIBJHK_04985,P39180,NA,NA,CDS,flu_3,Antigen 43,NA,NA
NA,EBHIBJHK_04301,NA,NA,NA,CDS,NA,hypothetical protein,NA,NA
NA,EBHIBJHK_01047,P76049,NA,NA,CDS,ycjY_1,putative protein YcjY,NA,NA
NA,EBHIBJHK_03186,NA,NA,NA,CDS,NA,hypothetical protein,NA,NA
NA,EBHIBJHK_04304,O06961,NA,NA,CDS,tdcD_2,Propionate kinase,NA,NA
NA,EBHIBJHK_03347,P0DJA7,NA,NA,CDS,sacA_2,Sucrose-6-phosphate hydrolase,NA,NA
NA,EBHIBJHK_03229,NA,NA,NA,CDS,NA,hypothetical protein,NA,NA
NA,EBHIBJHK_04629,NA,NA,NA,CDS,NA,hypothetical protein,NA,NA
NA,EBHIBJHK_01053,P0ACI0,NA,NA,CDS,rob_1,Right origin-binding protein,NA,NA
NA,EBHIBJHK_01054,O34678,NA,NA,CDS,ytbE,putative oxidoreductase YtbE,NA,NA
NA,EBHIBJHK_04310,A0A031WDE4,NA,NA,CDS,pflD_2,Trans-4-hydroxy-L-proline dehydratase,NA,NA
NA,EBHIBJHK_04272,A0A011P7U5,NA,NA,CDS,NA,Type II TA system RelE-like toxin,NA,NA
NA,EBHIBJHK_02093,NA,NA,NA,CDS,NA,hypothetical protein,NA,NA
NA,EBHIBJHK_02094,NA,NA,NA,CDS,NA,hypothetical protein,NA,NA
NA,EBHIBJHK_04746,NA,NA,NA,CDS,NA,hypothetical protein,NA,NA
NA,EBHIBJHK_04995,NA,NA,NA,CDS,NA,hypothetical protein,NA,NA
NA,EBHIBJHK_03352,NA,NA,NA,CDS,NA,hypothetical protein,NA,NA
NA,EBHIBJHK_03353,NA,NA,NA,CDS,NA,hypothetical protein,NA,NA
NA,EBHIBJHK_04234,NA,NA,NA,CDS,NA,hypothetical protein,NA,NA
NA,EBHIBJHK_03335,NA,NA,NA,tRNA,NA,tRNA-Val(tac),NA,NA
NA,EBHIBJHK_04196,P31435,NA,NA,CDS,yicJ_1,Inner membrane symporter YicJ,NA,NA
NA,EBHIBJHK_03244,NA,NA,NA,CDS,NA,hypothetical protein,NA,NA
NA,EBHIBJHK_05006,NA,NA,NA,rRNA,NA,16S ribosomal RNA (partial),NA,NA
NA,EBHIBJHK_01904,A0A068QVC8,NA,NA,CDS,NA,Bacteriophage Tail Fiber Structural Protein,NA,NA
NA,EBHIBJHK_04752,A0A087L741,NA,NA,CDS,NA,Type VI secretion system sheath protein TssB1,NA,NA
NA,EBHIBJHK_04446,NA,NA,NA,tmRNA,ssrA,"transfer-messenger RNA, SsrA",NA,NA
NA,EBHIBJHK_04085,NA,NA,NA,CDS,NA,hypothetical protein,NA,NA
NA,EBHIBJHK_04044,A0A0H2VCA1,NA,NA,CDS,upaG,Autotransporter adhesin UpaG,NA,NA
NA,EBHIBJHK_03967,NA,NA,NA,CDS,NA,hypothetical protein,NA,NA
NA,EBHIBJHK_02969,NA,NA,NA,CDS,NA,hypothetical protein,NA,NA
NA,EBHIBJHK_03333,NA,NA,NA,tRNA,NA,tRNA-Val(tac),NA,NA
NA,EBHIBJHK_03334,NA,NA,NA,tRNA,NA,tRNA-Lys(ttt),NA,NA
NA,EBHIBJHK_00001,P46144,NA,NA,CDS,yedJ,putative protein YedJ,NA,NA
NA,EBHIBJHK_01078,P0AGI1,NA,NA,CDS,rbsC_1,Ribose import permease protein RbsC,NA,NA
NA,EBHIBJHK_01079,Q8ZKQ2,NA,NA,CDS,lsrD_1,Autoinducer 2 import system permease protein LsrD,NA,NA
NA,EBHIBJHK_03218,NA,NA,NA,CDS,NA,hypothetical protein,NA,NA
NA,EBHIBJHK_03219,NA,NA,NA,CDS,NA,hypothetical protein,NA,NA
NA,EBHIBJHK_01082,NA,NA,NA,tRNA,NA,tRNA-Ser(gga),NA,NA
NA,EBHIBJHK_03221,P62554,NA,NA,CDS,ccdB,Toxin CcdB,NA,NA
NA,EBHIBJHK_03222,A0A087N7Y8,NA,NA,CDS,xerC_5,Bacterial tyrosine recombinase XerC/XerD complex,NA,NA
NA,EBHIBJHK_03223,P03856,NA,NA,CDS,repE,Replication initiation protein,NA,NA
NA,EBHIBJHK_03224,A0A074JE74,NA,NA,CDS,NA,DNA Partitioning ATPase,NA,NA
NA,EBHIBJHK_03225,P62558,NA,NA,CDS,sopB,Protein SopB,NA,NA
NA,EBHIBJHK_03226,NA,NA,NA,CDS,NA,hypothetical protein,NA,NA
NA,EBHIBJHK_03227,P28638,NA,NA,CDS,yhdJ_2,DNA adenine methyltransferase YhdJ,NA,NA
NA,EBHIBJHK_03228,NA,NA,NA,CDS,NA,hypothetical protein,NA,NA
NA,EBHIBJHK_01091,P25524,NA,NA,CDS,codA_1,Cytosine deaminase,NA,NA
NA,EBHIBJHK_03230,NA,NA,NA,CDS,NA,hypothetical protein,NA,NA
NA,EBHIBJHK_03231,P52603,NA,NA,CDS,klcA_1,Antirestriction protein KlcA,NA,NA
NA,EBHIBJHK_03232,NA,NA,NA,CDS,NA,hypothetical protein,NA,NA
NA,EBHIBJHK_03233,NA,NA,NA,CDS,NA,hypothetical protein,NA,NA
NA,EBHIBJHK_03234,A0A087HRS3,NA,NA,CDS,NA,Group II Intron Splicing and Mobility/Defense,NA,NA
NA,EBHIBJHK_03235,NA,NA,NA,CDS,NA,hypothetical protein,NA,NA
NA,EBHIBJHK_04313,A0A087HRS3,NA,NA,CDS,NA,Group II Intron Splicing and Mobility/Defense,NA,NA
NA,EBHIBJHK_03237,NA,NA,NA,CDS,NA,hypothetical protein,NA,NA
NA,EBHIBJHK_03238,P10026,NA,NA,CDS,traM,Relaxosome protein TraM,NA,NA
NA,EBHIBJHK_03239,P06626,NA,NA,CDS,traJ,Protein TraJ,NA,NA
NA,EBHIBJHK_03240,P06627,NA,NA,CDS,traY,Relaxosome protein TraY,NA,NA
NA,EBHIBJHK_03241,P04737,NA,NA,CDS,traA,Pilin,NA,NA
NA,EBHIBJHK_03242,NA,NA,NA,CDS,NA,hypothetical protein,NA,NA
NA,EBHIBJHK_00029,NA,NA,NA,CDS,NA,hypothetical protein,NA,NA
NA,EBHIBJHK_00030,NA,NA,NA,CDS,NA,hypothetical protein,NA,NA
NA,EBHIBJHK_03245,NA,NA,NA,CDS,NA,hypothetical protein,NA,NA
NA,EBHIBJHK_03246,NA,NA,NA,CDS,NA,hypothetical protein,NA,NA
NA,EBHIBJHK_03247,NA,NA,NA,CDS,NA,hypothetical protein,NA,NA
NA,EBHIBJHK_03248,NA,NA,NA,CDS,NA,hypothetical protein,NA,NA
NA,EBHIBJHK_03249,P41069,NA,NA,CDS,traV,Protein TraV,NA,NA
NA,EBHIBJHK_03250,P41065,NA,NA,CDS,traR,Protein TraR,NA,NA
NA,EBHIBJHK_03251,NA,NA,NA,CDS,NA,hypothetical protein,NA,NA
NA,EBHIBJHK_03252,P18004,NA,NA,CDS,traC,Protein TraC,NA,NA
NA,EBHIBJHK_00039,A0A061JUX2,NA,NA,CDS,NA,Flagellin,NA,NA
NA,EBHIBJHK_03254,NA,NA,NA,CDS,NA,hypothetical protein,NA,NA
NA,EBHIBJHK_03255,NA,NA,NA,CDS,NA,hypothetical protein,NA,NA
NA,EBHIBJHK_03256,NA,NA,NA,CDS,NA,hypothetical protein,NA,NA
NA,EBHIBJHK_03257,P24082,NA,NA,CDS,traN,Mating pair stabilization protein TraN,NA,NA
NA,EBHIBJHK_03258,NA,NA,NA,CDS,NA,hypothetical protein,NA,NA
NA,EBHIBJHK_01121,A0A068R246,NA,b4580,CDS,yaiT,putative autotransporter YaiT,NA,NA
NA,EBHIBJHK_03260,NA,NA,NA,CDS,NA,hypothetical protein,NA,NA
NA,EBHIBJHK_03261,NA,NA,NA,CDS,NA,hypothetical protein,NA,NA
NA,EBHIBJHK_03262,P18033,NA,NA,CDS,traQ,Protein TraQ,NA,NA
NA,EBHIBJHK_03263,NA,NA,NA,CDS,NA,hypothetical protein,NA,NA
NA,EBHIBJHK_03264,NA,NA,NA,CDS,NA,hypothetical protein,NA,NA
NA,EBHIBJHK_00051,NA,NA,NA,tRNA,NA,tRNA-Gly(gcc),NA,NA
NA,EBHIBJHK_00052,NA,NA,NA,tRNA,NA,tRNA-Cys(gca),NA,NA
NA,EBHIBJHK_00053,NA,NA,NA,tRNA,NA,tRNA-Leu(taa),NA,NA
NA,EBHIBJHK_03268,P09129,NA,NA,CDS,traS,Protein TraS,NA,NA
NA,EBHIBJHK_03269,P27461,NA,NA,CDS,ylpA,Lipoprotein YlpA,NA,NA
NA,EBHIBJHK_03270,P09130,NA,NA,CDS,traD,Coupling protein TraD,NA,NA
NA,EBHIBJHK_03271,P14565,NA,NA,CDS,traI,Multifunctional conjugation protein TraI,NA,NA
NA,EBHIBJHK_03272,NA,NA,NA,CDS,NA,hypothetical protein,NA,NA
NA,EBHIBJHK_03273,P29367,NA,NA,CDS,finO,Fertility inhibition protein,NA,NA
NA,EBHIBJHK_03274,NA,NA,NA,CDS,NA,hypothetical protein,NA,NA
NA,EBHIBJHK_03275,NA,NA,NA,CDS,NA,hypothetical protein,NA,NA
NA,EBHIBJHK_03276,A0A069D3R4,NA,NA,CDS,NA,"Transposase IS66, Orf2",NA,NA
NA,EBHIBJHK_01139,NA,NA,NA,CDS,NA,hypothetical protein,NA,NA
NA,EBHIBJHK_03277,A0A084W8P2,NA,NA,CDS,NA,Type VI secretion system VgrG/RHS,NA,NA
NA,EBHIBJHK_03278,NA,NA,NA,CDS,NA,hypothetical protein,NA,NA
NA,EBHIBJHK_01142,A0A024FSC3,NA,NA,CDS,NA,Transposase IS3/IS150/IS904,NA,NA
NA,EBHIBJHK_01142,A0A062BPS9,NA,NA,CDS,NA,Transposase IS3/IS150/IS904,NA,NA
NA,EBHIBJHK_01143,NA,NA,NA,rRNA,NA,5S ribosomal RNA,NA,NA
NA,EBHIBJHK_01144,NA,NA,NA,tRNA,NA,tRNA-Thr(ggt),NA,NA
NA,EBHIBJHK_01145,NA,NA,NA,rRNA,NA,5S ribosomal RNA,NA,NA
NA,EBHIBJHK_03639,NA,NA,NA,CDS,NA,hypothetical protein,NA,NA
NA,EBHIBJHK_02682,NA,NA,NA,CDS,NA,hypothetical protein,NA,NA
NA,EBHIBJHK_01512,Q9KMA6,NA,NA,CDS,higB-2_1,Toxin HigB-2,NA,NA
NA,EBHIBJHK_01149,P45766,NA,NA,CDS,yhdW,Putative amino-acid ABC transporter-binding protein YhdW,NA,NA
NA,EBHIBJHK_01867,P69831,NA,NA,CDS,gatC_1,PTS system galactitol-specific EIIC component,NA,NA
NA,EBHIBJHK_01151,NA,NA,NA,CDS,NA,hypothetical protein,NA,NA
NA,EBHIBJHK_03645,P37674,NA,NA,CDS,yiaM_1,"2,3-diketo-L-gulonate TRAP transporter small permease protein YiaM",NA,NA
NA,EBHIBJHK_01869,P15082,NA,b4498,CDS,gatR,"DNA-binding transcriptional repressor GatR, N-terminal fragment",NA,NA
NA,EBHIBJHK_00548,P76498,NA,NA,CDS,yfcO,putative protein YfcO,NA,NA
NA,EBHIBJHK_01872,A0A087N7Y8,NA,NA,CDS,xerC_2,Bacterial tyrosine recombinase XerC/XerD complex,NA,NA
NA,EBHIBJHK_02234,NA,NA,NA,CDS,NA,hypothetical protein,NA,NA
NA,EBHIBJHK_01874,NA,NA,NA,CDS,NA,hypothetical protein,NA,NA
NA,EBHIBJHK_00442,A0A084A248,NA,NA,CDS,NA,Alpha-2-macroglobulin-like,NA,NA
NA,EBHIBJHK_04375,A0A085W7F7,NA,NA,CDS,NA,Prepilin leader peptidase/N-methyltransferase,NA,NA
NA,EBHIBJHK_04731,NA,NA,NA,CDS,NA,IS3 family transposase ISLad1,NA,NA
NA,EBHIBJHK_04732,P71067,NA,NA,CDS,lutP,L-lactate permease,NA,NA
NA,EBHIBJHK_01879,NA,NA,NA,CDS,NA,hypothetical protein,NA,NA
NA,EBHIBJHK_01880,NA,NA,NA,CDS,NA,hypothetical protein,NA,NA
NA,EBHIBJHK_01881,NA,NA,NA,CDS,NA,hypothetical protein,NA,NA
NA,EBHIBJHK_01882,A0A061I9I5,NA,NA,CDS,NA,DNA Cytosine-5 Methyltransferase,NA,NA
NA,EBHIBJHK_04737,P0AC94,NA,NA,CDS,gntP_2,High-affinity gluconate transporter,NA,NA
NA,EBHIBJHK_01884,NA,NA,NA,CDS,NA,hypothetical protein,NA,NA
NA,EBHIBJHK_00452,A0A0H3JTK0,NA,NA,CDS,cntE,Staphylopine export protein,NA,NA
NA,EBHIBJHK_00453,P20668,NA,NA,CDS,gltC_1,HTH-type transcriptional regulator GltC,NA,NA
NA,EBHIBJHK_03308,P46850,NA,NA,CDS,rtcB_2,RNA-splicing ligase RtcB,NA,NA
NA,EBHIBJHK_03309,P0A9F6,NA,NA,CDS,gcvA_2,Glycine cleavage system transcriptional activator,NA,NA
NA,EBHIBJHK_04743,NA,NA,NA,CDS,NA,hypothetical protein,NA,NA
NA,EBHIBJHK_04744,A0A081RV82,NA,NA,CDS,NA,Type VI secretion system TssK,NA,NA
NA,EBHIBJHK_03312,P96603,NA,NA,CDS,dctA_1,C4-dicarboxylate transport protein,NA,NA
NA,EBHIBJHK_03313,NA,NA,NA,CDS,NA,hypothetical protein,NA,NA
NA,EBHIBJHK_03314,NA,NA,NA,CDS,NA,hypothetical protein,NA,NA
NA,EBHIBJHK_03315,O66145,NA,NA,CDS,NA,Methylaspartate ammonia-lyase,NA,NA
NA,EBHIBJHK_03316,Q05509,NA,NA,CDS,glmE,Glutamate mutase epsilon subunit,NA,NA
NA,EBHIBJHK_03317,NA,NA,NA,CDS,NA,hypothetical protein,NA,NA
NA,EBHIBJHK_03318,Q05488,NA,NA,CDS,glmS_2,Glutamate mutase sigma subunit,NA,NA
NA,EBHIBJHK_00106,NA,NA,NA,CDS,NA,hypothetical protein,NA,NA
NA,EBHIBJHK_03320,NA,NA,NA,CDS,NA,hypothetical protein,NA,NA
NA,EBHIBJHK_04751,NA,NA,NA,CDS,NA,hypothetical protein,NA,NA
NA,EBHIBJHK_04752,A0A017HQI6,NA,NA,CDS,NA,Type VI secretion system sheath protein TssB1,NA,NA
NA,EBHIBJHK_02262,NA,NA,NA,CDS,NA,hypothetical protein,NA,NA
NA,EBHIBJHK_04752,A0A010RJM4,NA,NA,CDS,NA,Type VI secretion system sheath protein TssB1,NA,NA
NA,EBHIBJHK_02606,NA,NA,NA,tRNA,NA,tRNA-Gly(ccc),NA,NA
NA,EBHIBJHK_00113,NA,NA,NA,CDS,NA,hypothetical protein,NA,NA
NA,EBHIBJHK_02266,NA,NA,NA,CDS,NA,hypothetical protein,NA,NA
NA,EBHIBJHK_02267,A0A031IDK0,NA,NA,CDS,NA,Bacterial Cell Wall Dynamics Protein,NA,NA
NA,EBHIBJHK_02268,NA,NA,NA,CDS,NA,hypothetical protein,NA,NA
NA,EBHIBJHK_02269,NA,NA,NA,CDS,NA,hypothetical protein,NA,NA
NA,EBHIBJHK_02270,NA,NA,NA,CDS,NA,hypothetical protein,NA,NA
NA,EBHIBJHK_02271,NA,NA,NA,CDS,NA,hypothetical protein,NA,NA
NA,EBHIBJHK_02272,NA,NA,NA,CDS,NA,hypothetical protein,NA,NA
NA,EBHIBJHK_02273,NA,NA,NA,CDS,NA,hypothetical protein,NA,NA
NA,EBHIBJHK_02274,NA,NA,NA,CDS,NA,hypothetical protein,NA,NA
NA,EBHIBJHK_02275,NA,NA,NA,CDS,NA,hypothetical protein,NA,NA
NA,EBHIBJHK_02276,NA,NA,NA,CDS,NA,hypothetical protein,NA,NA
NA,EBHIBJHK_02277,NA,NA,NA,CDS,NA,hypothetical protein,NA,NA
NA,EBHIBJHK_02278,NA,NA,NA,CDS,NA,hypothetical protein,NA,NA
NA,EBHIBJHK_02279,NA,NA,NA,CDS,NA,hypothetical protein,NA,NA
NA,EBHIBJHK_02280,NA,NA,NA,CDS,NA,hypothetical protein,NA,NA
NA,EBHIBJHK_02281,NA,NA,NA,CDS,NA,hypothetical protein,NA,NA
NA,EBHIBJHK_02282,NA,NA,NA,CDS,NA,hypothetical protein,NA,NA
NA,EBHIBJHK_02283,NA,NA,NA,CDS,NA,hypothetical protein,NA,NA
NA,EBHIBJHK_02284,NA,NA,NA,CDS,NA,hypothetical protein,NA,NA
NA,EBHIBJHK_02285,NA,NA,NA,CDS,NA,hypothetical protein,NA,NA
NA,EBHIBJHK_02286,NA,NA,NA,CDS,NA,hypothetical protein,NA,NA
NA,EBHIBJHK_02287,NA,NA,NA,CDS,NA,hypothetical protein,NA,NA
NA,EBHIBJHK_02288,NA,NA,NA,CDS,NA,hypothetical protein,NA,NA
NA,EBHIBJHK_02289,NA,NA,NA,CDS,NA,hypothetical protein,NA,NA
NA,EBHIBJHK_02290,NA,NA,NA,CDS,NA,hypothetical protein,NA,NA
NA,EBHIBJHK_02291,NA,NA,NA,CDS,NA,hypothetical protein,NA,NA
NA,EBHIBJHK_02292,NA,NA,NA,CDS,NA,hypothetical protein,NA,NA
NA,EBHIBJHK_02293,NA,NA,NA,CDS,NA,hypothetical protein,NA,NA
NA,EBHIBJHK_02294,NA,NA,NA,tRNA,NA,tRNA-Arg(tct),NA,NA
NA,EBHIBJHK_02295,NA,NA,NA,CDS,NA,hypothetical protein,NA,NA
NA,EBHIBJHK_02296,NA,NA,NA,CDS,NA,hypothetical protein,NA,NA
NA,EBHIBJHK_02297,A0A073IU75,NA,NA,CDS,NA,SPP1-like small terminase,NA,NA
NA,EBHIBJHK_02298,NA,NA,NA,CDS,NA,hypothetical protein,NA,NA
NA,EBHIBJHK_02299,NA,NA,NA,CDS,NA,hypothetical protein,NA,NA
NA,EBHIBJHK_02300,NA,NA,NA,CDS,NA,hypothetical protein,NA,NA
NA,EBHIBJHK_02301,NA,NA,NA,CDS,NA,hypothetical protein,NA,NA
NA,EBHIBJHK_02302,NA,NA,NA,CDS,NA,hypothetical protein,NA,NA
NA,EBHIBJHK_02303,NA,NA,NA,CDS,NA,hypothetical protein,NA,NA
NA,EBHIBJHK_02304,NA,NA,NA,CDS,NA,hypothetical protein,NA,NA
NA,EBHIBJHK_02305,NA,NA,NA,CDS,NA,hypothetical protein,NA,NA
NA,EBHIBJHK_02306,NA,NA,NA,CDS,NA,hypothetical protein,NA,NA
NA,EBHIBJHK_02307,Q8ZNY9,NA,NA,CDS,pphA_2,Serine/threonine-protein phosphatase 1,NA,NA
NA,EBHIBJHK_02308,NA,NA,NA,CDS,NA,hypothetical protein,NA,NA
NA,EBHIBJHK_02309,NA,NA,NA,CDS,NA,hypothetical protein,NA,NA
NA,EBHIBJHK_02310,NA,NA,NA,CDS,NA,hypothetical protein,NA,NA
NA,EBHIBJHK_02311,NA,NA,NA,CDS,NA,hypothetical protein,NA,NA
NA,EBHIBJHK_02312,NA,NA,NA,CDS,NA,hypothetical protein,NA,NA
NA,EBHIBJHK_01236,NA,NA,NA,tRNA,NA,tRNA-Leu(gag),NA,NA
NA,EBHIBJHK_02314,NA,NA,NA,CDS,clpX_1,ATP-dependent Clp protease ATP-binding subunit ClpX,NA,NA
NA,EBHIBJHK_02315,NA,NA,NA,CDS,NA,hypothetical protein,NA,NA
NA,EBHIBJHK_01239,NA,NA,NA,tRNA,NA,tRNA-Met(cat),NA,NA
NA,EBHIBJHK_02317,NA,NA,NA,CDS,NA,hypothetical protein,NA,NA
NA,EBHIBJHK_02318,NA,NA,NA,CDS,NA,hypothetical protein,NA,NA
NA,EBHIBJHK_02319,NA,NA,NA,CDS,NA,hypothetical protein,NA,NA
NA,EBHIBJHK_02320,NA,NA,NA,CDS,NA,hypothetical protein,NA,NA
NA,EBHIBJHK_02321,NA,NA,NA,CDS,NA,hypothetical protein,NA,NA
NA,EBHIBJHK_02322,NA,NA,NA,CDS,NA,hypothetical protein,NA,NA
NA,EBHIBJHK_02323,Q47141,NA,NA,CDS,hcaR_3,Hca operon transcriptional activator HcaR,NA,NA
NA,EBHIBJHK_02324,Q76KC2,NA,NA,CDS,pld1,Pyridoxal 4-dehydrogenase,NA,NA
NA,EBHIBJHK_02325,O67610,NA,NA,CDS,fabG_1,3-oxoacyl-[acyl-carrier-protein] reductase FabG,NA,NA
NA,EBHIBJHK_02326,NA,NA,NA,CDS,NA,hypothetical protein,NA,NA
NA,EBHIBJHK_02327,NA,NA,NA,CDS,NA,hypothetical protein,NA,NA
NA,EBHIBJHK_02665,NA,NA,NA,tRNA,NA,tRNA-Arg(ccg),NA,NA
NA,EBHIBJHK_04809,NA,NA,NA,CDS,NA,hypothetical protein,NA,NA
NA,EBHIBJHK_04810,NA,NA,NA,CDS,NA,hypothetical protein,NA,NA
NA,EBHIBJHK_04811,A0A060RP64,NA,NA,CDS,rep_2,"DNA helicase, UvrD/REP type",NA,NA
NA,EBHIBJHK_04812,NA,NA,NA,CDS,NA,hypothetical protein,NA,NA
NA,EBHIBJHK_02333,NA,NA,NA,CDS,NA,hypothetical protein,NA,NA
NA,EBHIBJHK_04111,NA,NA,NA,CDS,NA,hypothetical protein,NA,NA
NA,EBHIBJHK_04112,NA,NA,NA,CDS,NA,hypothetical protein,NA,NA
NA,EBHIBJHK_04113,NA,NA,NA,CDS,NA,hypothetical protein,NA,NA
NA,EBHIBJHK_03392,NA,NA,NA,tRNA,NA,tRNA-Ser(gga),NA,NA
NA,EBHIBJHK_01978,Q46901,NA,NA,CDS,casA,CRISPR system Cascade subunit CasA,NA,NA
NA,EBHIBJHK_00898,NA,NA,NA,tRNA,NA,tRNA-Ser(tga),NA,NA
NA,EBHIBJHK_01980,Q46899,NA,NA,CDS,casC,CRISPR system Cascade subunit CasC,NA,NA
NA,EBHIBJHK_01621,P07110,NA,b3046,CDS,yqiG,putative outer membrane usher protein YqiG,NA,NA
NA,EBHIBJHK_01982,Q46897,NA,NA,CDS,casE,CRISPR system Cascade subunit CasE,NA,NA
NA,EBHIBJHK_03043,A0A010ZPV0,NA,NA,CDS,NA,Outer-membrane lipoprotein LolB,NA,NA
NA,EBHIBJHK_04121,NA,NA,NA,tRNA,NA,tRNA-Arg(tct),NA,NA
NA,EBHIBJHK_04603,NA,NA,NA,CDS,NA,hypothetical protein,NA,NA
NA,EBHIBJHK_03401,P0ABK7,NA,NA,CDS,csgB,Minor curlin subunit,NA,NA
NA,EBHIBJHK_04817,NA,NA,NA,CDS,cysH_2,Phosphoadenosine phosphosulfate reductase,NA,NA
NA,EBHIBJHK_01271,Q8XAC3,NA,NA,CDS,agaA,N-acetylgalactosamine-6-phosphate deacetylase,NA,NA
NA,EBHIBJHK_01272,P69797,NA,NA,CDS,manX_2,PTS system mannose-specific EIIAB component,NA,NA
NA,EBHIBJHK_01273,P69805,NA,NA,CDS,manZ_3,PTS system mannose-specific EIID component,NA,NA
NA,EBHIBJHK_01274,P42910,NA,NA,CDS,agaC_2,N-acetylgalactosamine permease IIC component 1,NA,NA
NA,EBHIBJHK_04935,A0A067Q000,NA,NA,CDS,NA,Aminoglycoside Phosphotransferase Enzymes,NA,NA
NA,EBHIBJHK_02690,P0DP90,NA,NA,CDS,ilvG,Acetolactate synthase isozyme 2 large subunit,NA,NA
NA,EBHIBJHK_02354,P39404,NA,NA,CDS,bglJ_1,Transcriptional activator protein BglJ,NA,NA
NA,EBHIBJHK_02355,P39404,NA,NA,CDS,bglJ_2,Transcriptional activator protein BglJ,NA,NA
NA,EBHIBJHK_04826,NA,NA,NA,CDS,NA,hypothetical protein,NA,NA
NA,EBHIBJHK_00553,P07110,NA,NA,CDS,papC_1,Outer membrane usher protein PapC,NA,NA
NA,EBHIBJHK_02695,NA,NA,NA,tRNA,NA,tRNA-Asp(gtc),NA,NA
NA,EBHIBJHK_02696,A0A017HLD6,NA,NA,CDS,NA,Transposase-related protein,NA,NA
NA,EBHIBJHK_02697,P37326,NA,NA,CDS,intS_1,Prophage integrase IntS,NA,NA
NA,EBHIBJHK_02698,NA,NA,NA,tRNA,NA,tRNA-Phe(gaa),NA,NA
NA,EBHIBJHK_04139,A0A068NNX7,NA,NA,CDS,NA,Death on curing protein,NA,NA
NA,EBHIBJHK_04140,NA,NA,NA,CDS,NA,hypothetical protein,NA,NA
NA,EBHIBJHK_04141,NA,NA,NA,CDS,NA,hypothetical protein,NA,NA
NA,EBHIBJHK_02365,O32212,NA,NA,CDS,nhaK_2,"Sodium, potassium, lithium and rubidium/H(+) antiporter",NA,NA
NA,EBHIBJHK_02366,Q9KR64,NA,NA,CDS,siaP,Sialic acid-binding periplasmic protein SiaP,NA,NA
NA,EBHIBJHK_02367,A0A058ZNT6,NA,NA,CDS,NA,"TRAP transporter, small membrane protein DctQ",NA,NA
NA,EBHIBJHK_02368,Q9HU16,NA,NA,CDS,dctM_1,C4-dicarboxylate TRAP transporter large permease protein DctM,NA,NA
NA,EBHIBJHK_00565,NA,NA,NA,CDS,NA,hypothetical protein,NA,NA
NA,EBHIBJHK_00566,A0A072TE09,NA,NA,CDS,NA,Prophage regulatory DNA-binding activator,NA,NA
NA,EBHIBJHK_00567,NA,NA,NA,CDS,NA,hypothetical protein,NA,NA
NA,EBHIBJHK_00568,NA,NA,NA,CDS,NA,hypothetical protein,NA,NA
NA,EBHIBJHK_00569,NA,NA,NA,CDS,NA,hypothetical protein,NA,NA
NA,EBHIBJHK_00570,NA,NA,NA,CDS,NA,hypothetical protein,NA,NA
NA,EBHIBJHK_00571,NA,NA,NA,CDS,NA,hypothetical protein,NA,NA
NA,EBHIBJHK_02376,P05719,NA,NA,CDS,hsdS,Type-1 restriction enzyme EcoKI specificity protein,NA,NA
NA,EBHIBJHK_00573,NA,NA,NA,CDS,NA,hypothetical protein,NA,NA
NA,EBHIBJHK_02378,NA,NA,NA,CDS,NA,hypothetical protein,NA,NA
NA,EBHIBJHK_00575,P30000,NA,NA,CDS,cscB,Sucrose permease,NA,NA
NA,EBHIBJHK_00576,P26420,NA,NA,CDS,scrK_1,Fructokinase,NA,NA
NA,EBHIBJHK_00577,P0DJA7,NA,NA,CDS,sacA_1,Sucrose-6-phosphate hydrolase,NA,NA
NA,EBHIBJHK_00578,P37947,NA,NA,CDS,degA,HTH-type transcriptional regulator DegA,NA,NA
NA,EBHIBJHK_00579,P08555,NA,NA,CDS,dsdX,D-serine transporter DsdX,NA,NA
NA,EBHIBJHK_04852,Q9Z6M8,NA,NA,CDS,aaxC_2,Arginine/agmatine antiporter,NA,NA
NA,EBHIBJHK_01308,NA,NA,NA,tRNA,NA,tRNA-Met(cat),NA,NA
NA,EBHIBJHK_01309,NA,NA,NA,tRNA,NA,tRNA-Leu(tag),NA,NA
NA,EBHIBJHK_01310,NA,NA,NA,tRNA,NA,tRNA-Gln(ttg),NA,NA
NA,EBHIBJHK_01311,NA,NA,NA,tRNA,NA,tRNA-Gln(ttg),NA,NA
NA,EBHIBJHK_01312,NA,NA,NA,tRNA,NA,tRNA-Met(cat),NA,NA
NA,EBHIBJHK_01313,NA,NA,NA,tRNA,NA,tRNA-Gln(ctg),NA,NA
NA,EBHIBJHK_01314,NA,NA,NA,tRNA,NA,tRNA-Gln(ctg),NA,NA
NA,EBHIBJHK_04861,P13981,NA,NA,CDS,arcA_2,Arginine deiminase,NA,NA
NA,EBHIBJHK_00238,NA,NA,NA,CDS,NA,hypothetical protein,NA,NA
NA,EBHIBJHK_04532,NA,NA,NA,CDS,NA,hypothetical protein,NA,NA
NA,EBHIBJHK_04533,NA,NA,NA,CDS,NA,hypothetical protein,NA,NA
NA,EBHIBJHK_04534,NA,NA,NA,CDS,NA,hypothetical protein,NA,NA
NA,EBHIBJHK_02396,NA,NA,NA,CDS,NA,hypothetical protein,NA,NA
NA,EBHIBJHK_04536,NA,NA,NA,CDS,NA,hypothetical protein,NA,NA
NA,EBHIBJHK_04537,NA,NA,NA,CDS,NA,hypothetical protein,NA,NA
NA,EBHIBJHK_04538,NA,NA,NA,CDS,NA,hypothetical protein,NA,NA
NA,EBHIBJHK_04539,NA,NA,NA,CDS,NA,hypothetical protein,NA,NA
NA,EBHIBJHK_03456,D2TV88,NA,NA,CDS,NA,putative autotransporter,NA,NA
NA,EBHIBJHK_04541,A0A068QVC8,NA,NA,CDS,NA,Bacteriophage Tail Fiber Structural Protein,NA,NA
NA,EBHIBJHK_04542,NA,NA,NA,CDS,NA,hypothetical protein,NA,NA
NA,EBHIBJHK_04543,NA,NA,NA,CDS,NA,hypothetical protein,NA,NA
NA,EBHIBJHK_04544,NA,NA,NA,CDS,NA,hypothetical protein,NA,NA
NA,EBHIBJHK_04545,NA,NA,NA,CDS,NA,hypothetical protein,NA,NA
NA,EBHIBJHK_04546,NA,NA,NA,CDS,NA,hypothetical protein,NA,NA
NA,EBHIBJHK_04547,NA,NA,NA,CDS,NA,hypothetical protein,NA,NA
NA,EBHIBJHK_04548,Q57154,NA,NA,CDS,repB_2,RepFIB replication protein A,NA,NA
NA,EBHIBJHK_04549,NA,NA,NA,CDS,NA,hypothetical protein,NA,NA
NA,EBHIBJHK_04550,NA,NA,NA,rRNA,NA,5S ribosomal RNA,NA,NA
NA,EBHIBJHK_02412,A0A024X4Y3,NA,NA,CDS,NA,DNA2/NAM7-like helicase,NA,NA
NA,EBHIBJHK_03829,A0A031GS74,NA,NA,CDS,NA,Bacterial Autotransporter Virulence Factors,NA,NA
NA,EBHIBJHK_04878,NA,NA,NA,CDS,NA,hypothetical protein,NA,NA
NA,EBHIBJHK_04879,NA,NA,NA,CDS,NA,IS4 family transposase ISVsa5,NA,NA
NA,EBHIBJHK_00613,NA,NA,NA,tRNA,NA,tRNA-Val(tac),NA,NA
NA,EBHIBJHK_00614,NA,NA,NA,tRNA,NA,tRNA-Val(tac),NA,NA
NA,EBHIBJHK_00615,NA,NA,NA,tRNA,NA,tRNA-Val(tac),NA,NA
NA,EBHIBJHK_01343,A0A140NCB4,NA,NA,CDS,ybeM,Deaminated glutathione amidase,NA,NA
NA,EBHIBJHK_04884,P04483,NA,NA,CDS,tetR,Tetracycline repressor protein class B from transposon Tn10,NA,NA
NA,EBHIBJHK_04885,A0A061A3Y4,NA,NA,CDS,NA,HTH-type Metal-responsive Transcriptional Regulator,NA,NA
NA,EBHIBJHK_04561,NA,NA,NA,tRNA,NA,tRNA-Asp(gtc),NA,NA
NA,EBHIBJHK_03839,NA,NA,NA,CDS,NA,hypothetical protein,NA,NA
NA,EBHIBJHK_01702,P45780,NA,NA,CDS,epsF_2,Type II secretion system protein F,NA,NA
NA,EBHIBJHK_03480,A0A061QE96,NA,NA,CDS,btuB_1,TonB-dependent receptor-like,NA,NA
NA,EBHIBJHK_03481,P9WJJ7,NA,NA,CDS,nadC_2,Nicotinate-nucleotide pyrophosphorylase [carboxylating],NA,NA
NA,EBHIBJHK_03482,NA,NA,NA,CDS,NA,hypothetical protein,NA,NA
NA,EBHIBJHK_02428,A0A081A290,NA,NA,CDS,NA,Sugar transport protein,NA,NA
NA,EBHIBJHK_02429,P0AB87,NA,NA,CDS,fucA_1,L-fuculose phosphate aldolase,NA,NA
NA,EBHIBJHK_02430,Q2RXI0,NA,NA,CDS,mtnA,Methylthioribose-1-phosphate isomerase,NA,NA
NA,EBHIBJHK_02431,O31663,NA,NA,CDS,mtnK,Methylthioribose kinase,NA,NA
NA,EBHIBJHK_02432,NA,NA,NA,CDS,NA,hypothetical protein,NA,NA
NA,EBHIBJHK_02433,NA,NA,NA,CDS,NA,hypothetical protein,NA,NA
NA,EBHIBJHK_02434,NA,NA,NA,CDS,NA,hypothetical protein,NA,NA
NA,EBHIBJHK_04574,NA,NA,NA,CDS,NA,hypothetical protein,NA,NA
NA,EBHIBJHK_02436,NA,NA,NA,CDS,NA,hypothetical protein,NA,NA
NA,EBHIBJHK_02437,A0A087JY02,NA,NA,CDS,NA,Bacterial HTH-type regulators and antitoxins,NA,NA
NA,EBHIBJHK_00635,NA,NA,NA,CDS,NA,hypothetical protein,NA,NA
NA,EBHIBJHK_00636,P33341,NA,NA,CDS,yehB_1,Outer membrane usher protein YehB,NA,NA
NA,EBHIBJHK_00637,P33342,NA,NA,CDS,yehC_1,putative fimbrial chaperone YehC,NA,NA
NA,EBHIBJHK_04580,Q6T1W7,NA,NA,CDS,fdtC,"dTDP-3-amino-3,6-dideoxy-alpha-D-galactopyranose 3-N-acetyltransferase",NA,NA
NA,EBHIBJHK_04581,NA,NA,NA,CDS,NA,hypothetical protein,NA,NA
NA,EBHIBJHK_04582,NA,NA,NA,CDS,NA,hypothetical protein,NA,NA
NA,EBHIBJHK_04583,NA,NA,NA,CDS,NA,hypothetical protein,NA,NA
NA,EBHIBJHK_00291,NA,NA,NA,tRNA,NA,tRNA-Val(gac),NA,NA
NA,EBHIBJHK_00292,NA,NA,NA,tRNA,NA,tRNA-Val(gac),NA,NA
NA,EBHIBJHK_04586,NA,NA,NA,CDS,NA,hypothetical protein,NA,NA
NA,EBHIBJHK_04587,NA,NA,NA,CDS,NA,hypothetical protein,NA,NA
NA,EBHIBJHK_04588,P75677,NA,NA,CDS,NA,hypothetical protein,NA,NA
NA,EBHIBJHK_00647,A0A031J8F1,NA,NA,CDS,NA,Protein of unknown function DUF805,NA,NA
NA,EBHIBJHK_02788,NA,NA,NA,CDS,NA,hypothetical protein,NA,NA
NA,EBHIBJHK_02789,NA,NA,NA,tRNA,NA,tRNA-Leu(caa),NA,NA
NA,EBHIBJHK_04591,NA,NA,NA,CDS,NA,hypothetical protein,NA,NA
NA,EBHIBJHK_04592,NA,NA,NA,CDS,NA,hypothetical protein,NA,NA
NA,EBHIBJHK_04593,NA,NA,NA,CDS,NA,hypothetical protein,NA,NA
NA,EBHIBJHK_04594,NA,NA,NA,CDS,NA,hypothetical protein,NA,NA
NA,EBHIBJHK_02457,Q9AGA6,NA,NA,CDS,aglB,6-phospho-alpha-glucosidase,NA,NA
NA,EBHIBJHK_04596,NA,NA,NA,CDS,NA,hypothetical protein,NA,NA
NA,EBHIBJHK_04597,NA,NA,NA,CDS,NA,hypothetical protein,NA,NA
NA,EBHIBJHK_04598,NA,NA,NA,CDS,NA,hypothetical protein,NA,NA
NA,EBHIBJHK_04599,NA,NA,NA,CDS,NA,hypothetical protein,NA,NA
NA,EBHIBJHK_04600,NA,NA,NA,CDS,NA,hypothetical protein,NA,NA
NA,EBHIBJHK_04601,NA,NA,NA,CDS,NA,hypothetical protein,NA,NA
NA,EBHIBJHK_04602,NA,NA,NA,CDS,NA,hypothetical protein,NA,NA
NA,EBHIBJHK_01863,P0C8J9,NA,NA,CDS,gatZ_1,"D-tagatose-1,6-bisphosphate aldolase subunit GatZ",NA,NA
NA,EBHIBJHK_04604,NA,NA,NA,CDS,NA,hypothetical protein,NA,NA
NA,EBHIBJHK_04605,A0A066RZS0,NA,NA,CDS,NA,Tail Fiber Assembly Chaperone,NA,NA
NA,EBHIBJHK_03883,Q45399,NA,NA,CDS,celA,PTS system cellobiose-specific EIIB component,NA,NA
NA,EBHIBJHK_03884,P17334,NA,NA,CDS,chbC_2,"PTS system N,N'-diacetylchitobiose-specific EIIC component",NA,NA
NA,EBHIBJHK_00667,NA,NA,NA,CDS,NA,hypothetical protein,NA,NA
NA,EBHIBJHK_00668,NA,NA,NA,CDS,NA,hypothetical protein,NA,NA
NA,EBHIBJHK_03766,P52002,NA,NA,CDS,mexB_1,Multidrug resistance protein MexB,NA,NA
NA,EBHIBJHK_04936,NA,NA,NA,CDS,NA,hypothetical protein,NA,NA
NA,EBHIBJHK_01751,A0A024L809,NA,NA,CDS,NA,Pentapeptide repeat and BTB/POZ domain-containing protein,NA,NA
NA,EBHIBJHK_04938,NA,NA,NA,CDS,NA,hypothetical protein,NA,NA
NA,EBHIBJHK_01400,Q9KS45,NA,NA,CDS,vgrG1,Actin cross-linking toxin VgrG1,NA,NA
NA,EBHIBJHK_01401,NA,NA,NA,CDS,NA,hypothetical protein,NA,NA
NA,EBHIBJHK_01402,NA,NA,NA,CDS,NA,hypothetical protein,NA,NA
NA,EBHIBJHK_01403,E0SAK8,NA,NA,CDS,rhsA,putative deoxyribonuclease RhsA,NA,NA
NA,EBHIBJHK_00325,NA,NA,NA,CDS,NA,hypothetical protein,NA,NA
NA,EBHIBJHK_01405,NA,NA,NA,CDS,NA,hypothetical protein,NA,NA
NA,EBHIBJHK_01406,NA,NA,NA,CDS,NA,hypothetical protein,NA,NA
NA,EBHIBJHK_01407,NA,NA,NA,CDS,NA,hypothetical protein,NA,NA
NA,EBHIBJHK_01408,NA,NA,NA,CDS,NA,hypothetical protein,NA,NA
NA,EBHIBJHK_01409,A0A084W8P2,NA,NA,CDS,NA,Type VI secretion system VgrG/RHS,NA,NA
NA,EBHIBJHK_01410,NA,NA,NA,CDS,NA,hypothetical protein,NA,NA
NA,EBHIBJHK_04625,NA,NA,NA,CDS,NA,hypothetical protein,NA,NA
NA,EBHIBJHK_04626,NA,NA,NA,CDS,NA,hypothetical protein,NA,NA
NA,EBHIBJHK_01413,NA,NA,NA,CDS,NA,hypothetical protein,NA,NA
NA,EBHIBJHK_04628,NA,NA,NA,CDS,NA,hypothetical protein,NA,NA
NA,EBHIBJHK_02491,NA,NA,NA,CDS,NA,hypothetical protein,NA,NA
NA,EBHIBJHK_02492,NA,NA,NA,CDS,NA,hypothetical protein,NA,NA
NA,EBHIBJHK_01417,NA,NA,NA,tRNA,NA,tRNA-Arg(tct),NA,NA
NA,EBHIBJHK_02494,NA,NA,NA,CDS,NA,hypothetical protein,NA,NA
NA,EBHIBJHK_04958,A0A024FSC3,NA,NA,CDS,NA,Transposase IS3/IS150/IS904,NA,NA
NA,EBHIBJHK_04958,A0A062BPS9,NA,NA,CDS,NA,Transposase IS3/IS150/IS904,NA,NA
NA,EBHIBJHK_04959,NA,NA,NA,CDS,NA,IS3 family transposase ISKpn11,NA,NA
NA,EBHIBJHK_04960,P12921,NA,NA,CDS,tmrB,Tunicamycin resistance protein,NA,NA
NA,EBHIBJHK_04637,NA,NA,NA,CDS,NA,hypothetical protein,NA,NA
NA,EBHIBJHK_04638,NA,NA,NA,CDS,NA,hypothetical protein,NA,NA
NA,EBHIBJHK_04750,A0A072TEA3,NA,NA,CDS,NA,Type VI secretion system TssC-like,NA,NA
NA,EBHIBJHK_04963,P75677,NA,NA,CDS,NA,hypothetical protein,NA,NA
NA,EBHIBJHK_04964,P39180,NA,NA,CDS,flu_2,Antigen 43,NA,NA
NA,EBHIBJHK_04965,A0A084W8P2,NA,NA,CDS,NA,Type VI secretion system VgrG/RHS,NA,NA
NA,EBHIBJHK_03559,NA,NA,NA,tRNA,NA,tRNA-Gly(gcc),NA,NA
NA,EBHIBJHK_03560,NA,NA,NA,tRNA,NA,tRNA-Gly(gcc),NA,NA
NA,EBHIBJHK_03561,NA,NA,NA,tRNA,NA,tRNA-Gly(gcc),NA,NA
NA,EBHIBJHK_04640,NA,NA,NA,CDS,NA,hypothetical protein,NA,NA
NA,EBHIBJHK_04641,P32053,NA,NA,CDS,intA_6,Prophage integrase IntA,NA,NA
NA,EBHIBJHK_04642,NA,NA,NA,tRNA,NA,tRNA-Phe(gaa),NA,NA
NA,EBHIBJHK_03926,NA,NA,NA,CDS,NA,hypothetical protein,NA,NA
NA,EBHIBJHK_04973,P26841,NA,NA,CDS,cat,Chloramphenicol acetyltransferase,NA,NA
NA,EBHIBJHK_01437,P77555,NA,NA,CDS,allD_2,Ureidoglycolate dehydrogenase (NAD(+)),NA,NA
NA,EBHIBJHK_02851,NA,NA,NA,CDS,NA,IS200/IS605 family transposase IS609,NA,NA
NA,EBHIBJHK_02852,NA,NA,NA,CDS,NA,hypothetical protein,NA,NA
NA,EBHIBJHK_01793,P07658,NA,NA,CDS,fdhF_2,Formate dehydrogenase H,NA,NA
NA,EBHIBJHK_03932,NA,NA,NA,CDS,NA,hypothetical protein,NA,NA
NA,EBHIBJHK_03933,NA,NA,NA,CDS,NA,hypothetical protein,NA,NA
NA,EBHIBJHK_02519,A0A024FSC3,NA,NA,CDS,NA,Transposase IS3/IS150/IS904,NA,NA
NA,EBHIBJHK_02519,A0A062BPS9,NA,NA,CDS,NA,Transposase IS3/IS150/IS904,NA,NA
NA,EBHIBJHK_04982,NA,NA,NA,CDS,NA,hypothetical protein,NA,NA
NA,EBHIBJHK_01799,NA,NA,NA,CDS,NA,hypothetical protein,NA,NA
NA,EBHIBJHK_03938,NA,NA,NA,CDS,NA,hypothetical protein,NA,NA
NA,EBHIBJHK_03939,NA,NA,NA,CDS,NA,hypothetical protein,NA,NA
NA,EBHIBJHK_03940,NA,NA,NA,CDS,NA,hypothetical protein,NA,NA
NA,EBHIBJHK_04658,NA,NA,NA,CDS,NA,hypothetical protein,NA,NA
NA,EBHIBJHK_04659,NA,NA,NA,CDS,NA,hypothetical protein,NA,NA
NA,EBHIBJHK_01452,NA,NA,NA,CDS,NA,hypothetical protein,NA,NA
NA,EBHIBJHK_04661,P11904,NA,NA,CDS,parM,Plasmid segregation protein ParM,NA,NA
NA,EBHIBJHK_04662,NA,NA,NA,CDS,NA,hypothetical protein,NA,NA
NA,EBHIBJHK_04663,A0A074JE74,NA,NA,CDS,NA,DNA Partitioning ATPase,NA,NA
NA,EBHIBJHK_04664,NA,NA,NA,CDS,NA,hypothetical protein,NA,NA
NA,EBHIBJHK_04665,A0A085VEY0,NA,NA,CDS,NA,D12 class N6 adenine-specific DNA methyltransferase,NA,NA
NA,EBHIBJHK_04666,P36767,NA,NA,CDS,rdgC_2,Recombination-associated protein RdgC,NA,NA
NA,EBHIBJHK_04667,NA,NA,NA,CDS,NA,hypothetical protein,NA,NA
NA,EBHIBJHK_04668,NA,NA,NA,CDS,NA,hypothetical protein,NA,NA
NA,EBHIBJHK_00381,P76168,NA,NA,CDS,intQ_1,Putative defective protein IntQ,NA,NA
NA,EBHIBJHK_04670,NA,NA,NA,CDS,NA,hypothetical protein,NA,NA
NA,EBHIBJHK_03954,NA,NA,NA,CDS,NA,hypothetical protein,NA,NA
NA,EBHIBJHK_04672,NA,NA,NA,CDS,NA,hypothetical protein,NA,NA
NA,EBHIBJHK_04673,NA,NA,NA,CDS,NA,hypothetical protein,NA,NA
NA,EBHIBJHK_04674,P67700,NA,NA,CDS,yddM_2,putative HTH-type transcriptional regulator YddM,NA,NA
NA,EBHIBJHK_04675,NA,NA,NA,CDS,NA,hypothetical protein,NA,NA
NA,EBHIBJHK_04676,NA,NA,NA,CDS,NA,hypothetical protein,NA,NA
NA,EBHIBJHK_04677,NA,NA,NA,CDS,NA,hypothetical protein,NA,NA
NA,EBHIBJHK_04678,NA,NA,NA,CDS,NA,hypothetical protein,NA,NA
NA,EBHIBJHK_03962,NA,NA,NA,CDS,NA,hypothetical protein,NA,NA
NA,EBHIBJHK_03601,A0A068PC40,NA,NA,CDS,NA,Transposase 11-like,NA,NA
NA,EBHIBJHK_05009,NA,NA,NA,CDS,era_4,GTPase Era,NA,NA
NA,EBHIBJHK_05010,NA,NA,NA,CDS,NA,hypothetical protein,NA,NA
NA,EBHIBJHK_03966,NA,NA,NA,CDS,NA,hypothetical protein,NA,NA
NA,EBHIBJHK_02889,NA,NA,NA,CDS,NA,hypothetical protein,NA,NA
NA,EBHIBJHK_03606,NA,NA,NA,CDS,NA,hypothetical protein,NA,NA
NA,EBHIBJHK_05014,NA,NA,NA,CDS,NA,hypothetical protein,NA,NA
NA,EBHIBJHK_00751,P31058,NA,NA,CDS,yadC,putative fimbrial-like protein YadC,NA,NA
NA,EBHIBJHK_04687,NA,NA,NA,CDS,NA,hypothetical protein,NA,NA
NA,EBHIBJHK_00753,P37018,NA,NA,CDS,yadM,putative fimbrial-like protein YadM,NA,NA
NA,EBHIBJHK_05018,NA,NA,NA,CDS,NA,hypothetical protein,NA,NA
NA,EBHIBJHK_02896,P32176,NA,NA,CDS,fdoG_1,Formate dehydrogenase-O major subunit,NA,NA
NA,EBHIBJHK_02552,P0ACP1,NA,NA,CDS,cra_2,Catabolite repressor/activator,NA,NA
NA,EBHIBJHK_00405,NA,NA,NA,tRNA,NA,tRNA-Pro(ggg),NA,NA
NA,EBHIBJHK_00406,D2TV88,NA,b2190,CDS,yejO,adhesin-like autotransporter YejO,NA,NA
NA,EBHIBJHK_02555,P0AGI1,NA,NA,CDS,rbsC_3,Ribose import permease protein RbsC,NA,NA
NA,EBHIBJHK_02556,P04983,NA,NA,CDS,rbsA_2,Ribose import ATP-binding protein RbsA,NA,NA
NA,EBHIBJHK_05025,NA,NA,NA,rRNA,NA,16S ribosomal RNA (partial),NA,NA
NA,EBHIBJHK_05026,NA,NA,NA,CDS,NA,hypothetical protein,NA,NA
NA,EBHIBJHK_01844,NA,NA,NA,CDS,NA,hypothetical protein,NA,NA
NA,EBHIBJHK_03621,A0A086MZZ9,NA,NA,CDS,NA,Metal-responsive transcriptional regulator,NA,NA
NA,EBHIBJHK_03622,A0A084T8I6,NA,NA,CDS,NA,UPF0718 putative permease,NA,NA
NA,EBHIBJHK_03623,NA,NA,b3504,CDS,yhiS,putative uncharacterized protein YhiS,NA,NA
NA,EBHIBJHK_02908,P9WK87,NA,NA,CDS,nlhH,Carboxylesterase NlhH,NA,NA
NA,EBHIBJHK_02909,NA,NA,NA,CDS,NA,hypothetical protein,NA,NA
NA,EBHIBJHK_03626,P31517,NA,NA,CDS,hemS,Hemin transport protein HemS,NA,NA
NA,EBHIBJHK_03627,P31499,NA,NA,CDS,hemR_1,Hemin receptor,NA,NA
NA,EBHIBJHK_03628,Q56991,NA,NA,CDS,hmuT,Hemin-binding periplasmic protein HmuT,NA,NA
NA,EBHIBJHK_03629,A0A384LP51,NA,NA,CDS,chuW,Anaerobilin synthase,NA,NA
NA,EBHIBJHK_02569,NA,NA,NA,tRNA,NA,tRNA-Met(cat),NA,NA
NA,EBHIBJHK_02570,NA,NA,NA,tRNA,NA,tRNA-Met(cat),NA,NA
NA,EBHIBJHK_02571,NA,NA,NA,tRNA,NA,tRNA-Met(cat),NA,NA
NA,EBHIBJHK_03633,O70014,NA,NA,CDS,hmuV,Hemin import ATP-binding protein HmuV,NA,NA
NA,EBHIBJHK_04712,NA,NA,NA,CDS,NA,hypothetical protein,NA,NA
NA,EBHIBJHK_03279,A0A084W8P2,NA,NA,CDS,NA,Type VI secretion system VgrG/RHS,NA,NA
NA,EBHIBJHK_02920,A0A088RZS0,NA,NA,CDS,NA,4-Toluene Sulfonate Uptake Permease,NA,NA
NA,EBHIBJHK_03281,A0A068PC40,NA,NA,CDS,NA,Transposase 11-like,NA,NA
NA,EBHIBJHK_03042,A0A010ZPV0,NA,NA,CDS,NA,Outer-membrane lipoprotein LolB,NA,NA
NA,EBHIBJHK_04120,NA,NA,NA,CDS,smc,Chromosome partition protein Smc,NA,NA
NA,EBHIBJHK_04122,NA,NA,NA,tRNA,NA,tRNA-Tyr(gta),NA,NA
NA,EBHIBJHK_04816,NA,NA,NA,CDS,NA,hypothetical protein,NA,NA
NA,EBHIBJHK_01513,A0A087JY02,NA,NA,CDS,NA,Bacterial HTH-type regulators and antitoxins,NA,NA
NA,EBHIBJHK_03642,NA,NA,NA,CDS,NA,hypothetical protein,NA,NA
NA,EBHIBJHK_04006,NA,NA,NA,tRNA,NA,tRNA-Tyr(gta),NA,NA
NA,EBHIBJHK_00788,NA,NA,NA,CDS,NA,hypothetical protein,NA,NA
NA,EBHIBJHK_01031,NA,NA,NA,CDS,NA,hypothetical protein,NA,NA
NA,EBHIBJHK_04129,NA,NA,NA,CDS,NA,hypothetical protein,NA,NA
NA,EBHIBJHK_04130,NA,NA,NA,CDS,NA,hypothetical protein,NA,NA
NA,EBHIBJHK_01873,NA,NA,NA,CDS,NA,hypothetical protein,NA,NA
NA,EBHIBJHK_04372,Q1R5Y2,NA,NA,CDS,tuf1,Elongation factor Tu 1,NA,NA
NA,EBHIBJHK_01875,NA,NA,NA,CDS,NA,hypothetical protein,NA,NA
NA,EBHIBJHK_01522,NA,NA,NA,CDS,NA,hypothetical protein,NA,NA
NA,EBHIBJHK_01877,NA,NA,NA,CDS,NA,hypothetical protein,NA,NA
NA,EBHIBJHK_01878,NA,NA,NA,CDS,NA,hypothetical protein,NA,NA
NA,EBHIBJHK_02000,Q7DBA7,NA,NA,CDS,edcC,Phenolic acid decarboxylase,NA,NA
NA,EBHIBJHK_02001,Q9X698,NA,NA,CDS,vdcD,Protein VdcD,NA,NA
NA,EBHIBJHK_04831,A0A087N7Y8,NA,NA,CDS,xerC_6,Bacterial tyrosine recombinase XerC/XerD complex,NA,NA
NA,EBHIBJHK_01760,NA,NA,NA,CDS,NA,hypothetical protein,NA,NA
NA,EBHIBJHK_01883,NA,NA,NA,CDS,NA,hypothetical protein,NA,NA
NA,EBHIBJHK_04142,NA,NA,NA,CDS,NA,hypothetical protein,NA,NA
NA,EBHIBJHK_01885,NA,NA,NA,CDS,NA,hypothetical protein,NA,NA
NA,EBHIBJHK_01886,NA,NA,NA,CDS,NA,hypothetical protein,NA,NA
NA,EBHIBJHK_01533,P0ACL0,NA,NA,CDS,glpR,Glycerol-3-phosphate regulon repressor,NA,NA
NA,EBHIBJHK_04742,NA,NA,NA,CDS,NA,hypothetical protein,NA,NA
NA,EBHIBJHK_01889,NA,NA,NA,CDS,NA,hypothetical protein,NA,NA
NA,EBHIBJHK_01890,NA,NA,NA,CDS,NA,hypothetical protein,NA,NA
NA,EBHIBJHK_01537,NA,NA,NA,CDS,NA,hypothetical protein,NA,NA
NA,EBHIBJHK_01538,NA,NA,NA,CDS,NA,hypothetical protein,NA,NA
NA,EBHIBJHK_01539,O51233,NA,NA,CDS,pstS_1,Phosphate-binding protein PstS,NA,NA
NA,EBHIBJHK_00460,A0A061L3F3,NA,NA,CDS,NA,Rpn/YhgA-like nuclease,NA,NA
NA,EBHIBJHK_00460,A0A022PDD1,NA,NA,CDS,NA,Rpn/YhgA-like nuclease,NA,NA
NA,EBHIBJHK_04747,A0A084D9D2,NA,NA,CDS,NA,"Type VI secretion, TssG-like",NA,NA
NA,EBHIBJHK_04748,A0A069NG03,NA,NA,CDS,NA,Type VI secretion system TssF,NA,NA
NA,EBHIBJHK_04749,A0A068YQ48,NA,NA,CDS,NA,Type VI secretion system TssE1-like,NA,NA
NA,EBHIBJHK_04848,A0A084Y3W5,NA,NA,CDS,NA,"Transposase 27 family, IS1 element",NA,NA
NA,EBHIBJHK_01900,NA,NA,NA,CDS,NA,hypothetical protein,NA,NA
NA,EBHIBJHK_01901,NA,NA,NA,CDS,NA,hypothetical protein,NA,NA
NA,EBHIBJHK_04752,A0A077PTQ7,NA,NA,CDS,NA,Type VI secretion system sheath protein TssB1,NA,NA
NA,EBHIBJHK_00822,NA,NA,NA,CDS,NA,hypothetical protein,NA,NA
NA,EBHIBJHK_00823,NA,NA,NA,CDS,NA,hypothetical protein,NA,NA
NA,EBHIBJHK_03680,NA,NA,NA,tRNA,NA,tRNA-Pro(cgg),NA,NA
NA,EBHIBJHK_02608,NA,NA,NA,CDS,NA,hypothetical protein,NA,NA
NA,EBHIBJHK_04752,A0A069B7K5,NA,NA,CDS,NA,Type VI secretion system sheath protein TssB1,NA,NA
NA,EBHIBJHK_04752,A0A084ZNH0,NA,NA,CDS,NA,Type VI secretion system sheath protein TssB1,NA,NA
NA,EBHIBJHK_04752,A0A077NUR4,NA,NA,CDS,NA,Type VI secretion system sheath protein TssB1,NA,NA
NA,EBHIBJHK_04753,Q9HI36,NA,NA,CDS,hcpA_2,Major exported protein,NA,NA
NA,EBHIBJHK_04754,NA,NA,NA,CDS,NA,hypothetical protein,NA,NA
NA,EBHIBJHK_01555,NA,NA,b3443,CDS,yrhA,putative uncharacterized protein YrhA,NA,NA
NA,EBHIBJHK_03688,A0A084W8P2,NA,NA,CDS,NA,Type VI secretion system VgrG/RHS,NA,NA
NA,EBHIBJHK_03689,NA,NA,NA,CDS,NA,hypothetical protein,NA,NA
NA,EBHIBJHK_03690,NA,NA,NA,CDS,NA,hypothetical protein,NA,NA
NA,EBHIBJHK_03691,A0A075QTR3,NA,NA,CDS,NA,IS1 element transposase InsA,NA,NA
NA,EBHIBJHK_04760,NA,NA,NA,CDS,NA,hypothetical protein,NA,NA
NA,EBHIBJHK_04761,NA,NA,NA,CDS,NA,hypothetical protein,NA,NA
NA,EBHIBJHK_04762,A0A060D0L6,NA,NA,CDS,NA,Transposase IS110-like,NA,NA
NA,EBHIBJHK_04763,NA,NA,NA,CDS,NA,hypothetical protein,NA,NA
NA,EBHIBJHK_00486,Q47013,NA,NA,CDS,elaD_1,Protease ElaD,NA,NA
NA,EBHIBJHK_03697,O34313,NA,NA,CDS,yfkN,Trifunctional nucleotide phosphoesterase protein YfkN,NA,NA
NA,EBHIBJHK_04766,NA,NA,NA,CDS,NA,hypothetical protein,NA,NA
NA,EBHIBJHK_04767,Q81SZ9,NA,NA,CDS,resA_1,Thiol-disulfide oxidoreductase ResA,NA,NA
NA,EBHIBJHK_04306,P37449,NA,NA,CDS,pduB,Propanediol utilization protein PduB,NA,NA
NA,EBHIBJHK_04905,NA,NA,NA,CDS,NA,hypothetical protein,NA,NA
NA,EBHIBJHK_01923,NA,NA,NA,CDS,NA,hypothetical protein,NA,NA
NA,EBHIBJHK_02313,NA,NA,NA,CDS,NA,hypothetical protein,NA,NA
NA,EBHIBJHK_04572,NA,NA,NA,CDS,NA,hypothetical protein,NA,NA
NA,EBHIBJHK_03349,P16551,NA,NA,CDS,rafA,Alpha-galactosidase,NA,NA
NA,EBHIBJHK_03350,P21867,NA,NA,CDS,rafR,HTH-type transcriptional regulator RafR,NA,NA
NA,EBHIBJHK_04065,P25148,NA,NA,CDS,gspA,General stress protein A,NA,NA
NA,EBHIBJHK_04875,NA,NA,NA,CDS,NA,hypothetical protein,NA,NA
NA,EBHIBJHK_04239,O31644,NA,NA,CDS,manR,Transcriptional regulator ManR,NA,NA
NA,EBHIBJHK_04067,A0A068UGF6,NA,NA,CDS,NA,Glycosyltransferase 8 domain-containing,NA,NA
NA,EBHIBJHK_04957,NA,NA,NA,CDS,NA,hypothetical protein,NA,NA
NA,EBHIBJHK_04788,A0A060D0L6,NA,NA,CDS,NA,Transposase IS110-like,NA,NA
NA,EBHIBJHK_03127,NA,NA,NA,CDS,dltA,D-alanine--D-alanyl carrier protein ligase,NA,NA
NA,EBHIBJHK_04084,A0A072TDY6,NA,NA,CDS,NA,HipA Serine/Threonine-Protein Kinase,NA,NA
NA,EBHIBJHK_04567,A0A084D9D7,NA,NA,CDS,NA,Type VI secretion system TssM-like,NA,NA
NA,EBHIBJHK_03021,Q93PU3,NA,NA,CDS,ttgI,Toluene efflux pump outer membrane protein TtgI,NA,NA
NA,EBHIBJHK_02904,NA,NA,NA,CDS,NA,hypothetical protein,NA,NA
NA,EBHIBJHK_02970,A0A087JY02,NA,NA,CDS,NA,Bacterial HTH-type regulators and antitoxins,NA,NA
NA,EBHIBJHK_04195,E8MGH8,NA,NA,CDS,hypBA1,Non-reducing end beta-L-arabinofuranosidase,NA,NA
NA,EBHIBJHK_04911,NA,NA,NA,CDS,NA,hypothetical protein,NA,NA
NA,EBHIBJHK_03840,NA,NA,NA,CDS,NA,hypothetical protein,NA,NA
NA,EBHIBJHK_04291,A0A024FSC3,NA,NA,CDS,NA,Transposase IS3/IS150/IS904,NA,NA
NA,EBHIBJHK_02107,NA,NA,NA,CDS,NA,hypothetical protein,NA,NA
NA,EBHIBJHK_01906,NA,NA,NA,CDS,NA,hypothetical protein,NA,NA
NA,EBHIBJHK_04873,NA,NA,NA,CDS,NA,hypothetical protein,NA,NA
NA,EBHIBJHK_03164,NA,NA,NA,CDS,NA,hypothetical protein,NA,NA
NA,EBHIBJHK_01720,Q03961,NA,NA,CDS,kpsD,Polysialic acid transport protein KpsD,NA,NA
NA,EBHIBJHK_04764,NA,NA,NA,CDS,NA,hypothetical protein,NA,NA
NA,EBHIBJHK_04245,P23917,NA,NA,CDS,mak_2,Fructokinase,NA,NA
NA,EBHIBJHK_03169,Q55282,NA,NA,CDS,mntB_1,Manganese transport system membrane protein MntB,NA,NA
NA,EBHIBJHK_04342,A0A010TGC9,NA,NA,CDS,NA,Bacterial Diguanylate Cyclase,NA,NA
NA,EBHIBJHK_04090,NA,NA,NA,CDS,NA,hypothetical protein,NA,NA
NA,EBHIBJHK_02987,NA,NA,NA,CDS,NA,hypothetical protein,NA,NA
NA,EBHIBJHK_04291,A0A062BPS9,NA,NA,CDS,NA,Transposase IS3/IS150/IS904,NA,NA
NA,EBHIBJHK_04991,NA,NA,NA,CDS,NA,hypothetical protein,NA,NA
NA,EBHIBJHK_04992,NA,NA,NA,CDS,NA,hypothetical protein,NA,NA
NA,EBHIBJHK_04064,NA,NA,NA,CDS,NA,hypothetical protein,NA,NA
NA,EBHIBJHK_04787,A0A024FI08,NA,NA,CDS,NA,AB hydrolase superfamily Esterase 10,NA,NA
NA,EBHIBJHK_04570,Q9I742,NA,NA,CDS,clpV1,Protein ClpV1,NA,NA
NA,EBHIBJHK_04240,P71012,NA,NA,CDS,fruA_2,PTS system fructose-specific EIIABC component,NA,NA
NA,EBHIBJHK_04887,A0A069S6F2,NA,NA,CDS,NA,Jasmonate Hydroxylase-like,NA,NA
NA,EBHIBJHK_02779,A0A084W6Z3,NA,NA,CDS,NA,Retinal determination transcriptional regulator,NA,NA
NA,EBHIBJHK_04990,NA,NA,NA,CDS,NA,hypothetical protein,NA,NA
NA,EBHIBJHK_04904,P18011,NA,NA,CDS,ipaB,Invasin IpaB,NA,NA
NA,EBHIBJHK_05027,A0A078S0Q2,NA,NA,CDS,NA,"Transposase IS66, Orf2",NA,NA
NA,EBHIBJHK_04066,Q9ZIS7,NA,NA,CDS,rfaY,Lipopolysaccharide core heptose(II) kinase RfaY,NA,NA
NA,EBHIBJHK_04243,P0AB74,NA,NA,CDS,kbaY_2,"D-tagatose-1,6-bisphosphate aldolase subunit KbaY",NA,NA
NA,EBHIBJHK_01913,A0A072TF05,NA,NA,CDS,NA,Bacteriophage Baseplate Hub,NA,NA
NA,EBHIBJHK_04321,P52002,NA,NA,CDS,mexB_2,Multidrug resistance protein MexB,NA,NA
NA,EBHIBJHK_04903,NA,NA,NA,CDS,NA,hypothetical protein,NA,NA
NA,EBHIBJHK_04320,Q9AIU0,NA,NA,CDS,ttgR,HTH-type transcriptional regulator TtgR,NA,NA
NA,EBHIBJHK_02778,A0A024FSC3,NA,NA,CDS,NA,Transposase IS3/IS150/IS904,NA,NA
NA,EBHIBJHK_04569,NA,NA,NA,CDS,NA,hypothetical protein,NA,NA
NA,EBHIBJHK_04899,A0A084W8P2,NA,NA,CDS,NA,Type VI secretion system VgrG/RHS,NA,NA
NA,EBHIBJHK_04568,NA,NA,NA,CDS,NA,hypothetical protein,NA,NA
NA,EBHIBJHK_04584,NA,NA,NA,CDS,der_2,GTPase Der,NA,NA
NA,EBHIBJHK_03696,NA,NA,NA,CDS,NA,hypothetical protein,NA,NA
NA,EBHIBJHK_04244,P13243,NA,NA,CDS,fbaA_2,putative fructose-bisphosphate aldolase,NA,NA
NA,EBHIBJHK_04063,P27243,NA,NA,CDS,rfaL,O-antigen ligase,NA,NA
NA,EBHIBJHK_01962,NA,NA,NA,CDS,NA,hypothetical protein,NA,NA
NA,EBHIBJHK_03358,NA,NA,NA,CDS,NA,hypothetical protein,NA,NA
NA,EBHIBJHK_03162,A0A009RW37,NA,NA,CDS,NA,Viral Tip Attachment Protein,NA,NA
NA,EBHIBJHK_03163,P0A917,NA,b4570,CDS,lomR,Rac prophage; protein LomR_1,NA,NA
NA,EBHIBJHK_01905,A0A066RZS0,NA,NA,CDS,NA,Tail Fiber Assembly Chaperone,NA,NA
NA,EBHIBJHK_04525,NA,NA,NA,CDS,NA,hypothetical protein,NA,NA
NA,EBHIBJHK_03166,NA,NA,NA,CDS,NA,hypothetical protein,NA,NA
NA,EBHIBJHK_03484,Q57130,NA,NA,CDS,NA,putative ABC transporter permease protein,NA,NA
NA,EBHIBJHK_03765,P52477,NA,NA,CDS,mexA,Multidrug resistance protein MexA,NA,NA
NA,EBHIBJHK_03539,P0DP92,NA,NA,CDS,bcsQ_2,Cellulose biosynthesis protein BcsQ,NA,NA
NA,EBHIBJHK_04088,NA,NA,NA,CDS,NA,hypothetical protein,NA,NA
NA,EBHIBJHK_02446,NA,NA,NA,CDS,NA,hypothetical protein,NA,NA
NA,EBHIBJHK_04223,Q8XAS8,NA,NA,CDS,efeU,Ferrous iron permease EfeU,NA,NA
NA,EBHIBJHK_04756,NA,NA,NA,CDS,NA,Tn3 family transposase,NA,NA
NA,EBHIBJHK_03214,A0A087N7Y8,NA,NA,CDS,xerC_4,Bacterial tyrosine recombinase XerC/XerD complex,NA,NA
NA,EBHIBJHK_04758,P13975,NA,NA,CDS,pemI,Antitoxin PemI,NA,NA
NA,EBHIBJHK_04759,NA,NA,NA,CDS,NA,hypothetical protein,NA,NA
NA,EBHIBJHK_04292,Q6F754,NA,NA,CDS,NA,Glycine betaine transporter,NA,NA
NA,EBHIBJHK_04540,A0A066RZS0,NA,NA,CDS,NA,Tail Fiber Assembly Chaperone,NA,NA
NA,EBHIBJHK_02778,A0A062BPS9,NA,NA,CDS,NA,Transposase IS3/IS150/IS904,NA,NA
NA,EBHIBJHK_03377,NA,NA,NA,CDS,NA,hypothetical protein,NA,NA
NA,EBHIBJHK_03343,P26420,NA,NA,CDS,scrK_2,Fructokinase,NA,NA
NA,EBHIBJHK_03192,NA,NA,NA,CDS,NA,hypothetical protein,NA,NA
NA,EBHIBJHK_03344,NA,NA,NA,CDS,NA,hypothetical protein,NA,NA
NA,EBHIBJHK_01911,NA,NA,NA,CDS,NA,hypothetical protein,NA,NA
NA,EBHIBJHK_04290,NA,NA,NA,CDS,NA,IS3 family transposase ISSfl10,NA,NA
NA,EBHIBJHK_03348,P16552,NA,NA,CDS,rafB,Raffinose permease,NA,NA
NA,EBHIBJHK_04839,NA,NA,NA,CDS,NA,hypothetical protein,NA,NA
NA,EBHIBJHK_04840,NA,NA,NA,CDS,NA,IS3 family transposase ISLad1,NA,NA
NA,EBHIBJHK_04874,NA,NA,NA,CDS,NA,hypothetical protein,NA,NA
NA,EBHIBJHK_02750,NA,NA,NA,CDS,NA,hypothetical protein,NA,NA
NA,EBHIBJHK_02493,NA,NA,NA,CDS,NA,hypothetical protein,NA,NA
NA,EBHIBJHK_04843,NA,NA,NA,CDS,NA,hypothetical protein,NA,NA
NA,EBHIBJHK_04271,NA,NA,NA,CDS,NA,hypothetical protein,NA,NA
NA,EBHIBJHK_03193,NA,NA,NA,CDS,NA,hypothetical protein,NA,NA
NA,EBHIBJHK_03485,A0A064A258,NA,NA,CDS,NA,ABC Transporter Solute-Binding,NA,NA
NA,EBHIBJHK_03167,NA,NA,NA,CDS,NA,hypothetical protein,NA,NA
NA,EBHIBJHK_04805,NA,NA,NA,CDS,NA,hypothetical protein,NA,NA
NA,EBHIBJHK_02445,NA,NA,NA,CDS,NA,hypothetical protein,NA,NA
NA,EBHIBJHK_04755,P0ADI0,NA,NA,CDS,pinR,Serine recombinase PinR,NA,NA
NA,EBHIBJHK_05015,NA,NA,NA,CDS,NA,hypothetical protein,NA,NA
NA,EBHIBJHK_05003,NA,NA,NA,CDS,NA,hypothetical protein,NA,NA
NA,EBHIBJHK_03359,P32053,NA,NA,CDS,intA_5,Prophage integrase IntA,NA,NA
NA,EBHIBJHK_04564,NA,NA,NA,CDS,NA,hypothetical protein,NA,NA
NA,EBHIBJHK_03126,A0A066WL18,NA,NA,CDS,NA,Pyochelin receptor regulatory protein,NA,NA
NA,EBHIBJHK_04566,NA,NA,NA,CDS,NA,hypothetical protein,NA,NA
NA,EBHIBJHK_03483,Q57399,NA,NA,CDS,NA,putative ABC transporter ATP-binding protein,NA,NA
NA,EBHIBJHK_04242,P20966,NA,NA,CDS,fruA_3,PTS system fructose-specific EIIB'BC component,NA,NA
NA,EBHIBJHK_02780,NA,NA,NA,CDS,NA,hypothetical protein,NA,NA
NA,EBHIBJHK_04983,NA,NA,NA,CDS,NA,hypothetical protein,NA,NA
NA,EBHIBJHK_03168,NA,NA,NA,CDS,NA,hypothetical protein,NA,NA
NA,EBHIBJHK_04571,NA,NA,NA,CDS,NA,hypothetical protein,NA,NA
NA,EBHIBJHK_05027,A0A069D3R4,NA,NA,CDS,NA,"Transposase IS66, Orf2",NA,NA
NA,EBHIBJHK_03213,NA,NA,NA,CDS,NA,hypothetical protein,NA,NA
NA,EBHIBJHK_03336,NA,NA,NA,tRNA,NA,tRNA-Lys(ttt),NA,NA
NA,EBHIBJHK_03931,NA,NA,NA,CDS,NA,hypothetical protein,NA,NA
NA,EBHIBJHK_04293,NA,NA,NA,CDS,NA,hypothetical protein,NA,NA
NA,EBHIBJHK_04294,NA,NA,NA,CDS,NA,hypothetical protein,NA,NA
NA,EBHIBJHK_04977,NA,NA,NA,CDS,NA,hypothetical protein,NA,NA
NA,EBHIBJHK_01961,A0A069EZX5,NA,NA,CDS,NA,Polysaccharide Biosynthesis and Transport,NA,NA
NA,EBHIBJHK_05024,NA,NA,NA,CDS,NA,hypothetical protein,NA,NA
NA,EBHIBJHK_01963,NA,NA,NA,CDS,NA,hypothetical protein,NA,NA
NA,EBHIBJHK_04302,P0AEJ8,NA,NA,CDS,eutN_2,Ethanolamine utilization protein EutN,NA,NA
NA,EBHIBJHK_04303,A0A062WYH4,NA,NA,CDS,NA,GlcG-related carbohydrate metabolism protein,NA,NA
NA,EBHIBJHK_04806,P0DM85,NA,NA,CDS,crfC_2,Clamp-binding protein CrfC,NA,NA
NA,EBHIBJHK_04882,A0A086XRA7,NA,NA,CDS,NA,Tn903 transposase-like,NA,NA
NA,EBHIBJHK_04344,NA,NA,NA,CDS,NA,hypothetical protein,NA,NA
NA,EBHIBJHK_04307,NA,NA,NA,CDS,astD_2,N-succinylglutamate 5-semialdehyde dehydrogenase,NA,NA
NA,EBHIBJHK_04308,NA,NA,NA,CDS,NA,hypothetical protein,NA,NA
NA,EBHIBJHK_04309,P80876,NA,NA,CDS,yfkM,General stress protein 18,NA,NA
NA,EBHIBJHK_04745,A0A031GVJ2,NA,NA,CDS,NA,"Type VI secretion system, lipoprotein SciN",NA,NA
NA,EBHIBJHK_04876,NA,NA,NA,CDS,NA,hypothetical protein,NA,NA
NA,EBHIBJHK_03668,NA,NA,NA,CDS,NA,hypothetical protein,NA,NA
NA,EBHIBJHK_04844,NA,NA,NA,CDS,NA,hypothetical protein,NA,NA
NA,EBHIBJHK_04996,A0A023WYY0,NA,NA,CDS,NA,RNA-guided DNA endonucleases/Transposases,NA,NA
NA,EBHIBJHK_03156,P45548,NA,NA,CDS,php_2,Phosphotriesterase homology protein,NA,NA
NA,EBHIBJHK_03157,A0A061M2D8,NA,NA,CDS,NA,Transposase ISL3,NA,NA
NA,EBHIBJHK_04917,P28585,NA,NA,CDS,bla_1,Beta-lactamase CTX-M-1,NA,NA
NA,EBHIBJHK_04331,A0A086J0C2,NA,NA,CDS,NA,Multifunctional Developmental and Immune Receptor,NA,NA
NA,EBHIBJHK_04091,P77735,NA,NA,CDS,yajO_2,1-deoxyxylulose-5-phosphate synthase YajO,NA,NA
NA,EBHIBJHK_05000,NA,NA,NA,CDS,NA,hypothetical protein,NA,NA
NA,EBHIBJHK_03357,NA,NA,NA,CDS,NA,hypothetical protein,NA,NA
NA,EBHIBJHK_03161,NA,NA,NA,CDS,NA,hypothetical protein,NA,NA
NA,EBHIBJHK_04082,A0A068R246,NA,NA,CDS,NA,Bacterial autotransporter adhesion,NA,NA
NA,EBHIBJHK_04565,Q9HI36,NA,NA,CDS,hcpA_1,Major exported protein,NA,NA
NA,EBHIBJHK_04124,NA,NA,NA,tRNA,NA,tRNA-Ser(tga),NA,NA
NA,EBHIBJHK_04241,O31645,NA,NA,CDS,manP_4,PTS system mannose-specific EIIBCA component,NA,NA
NA,EBHIBJHK_04086,NA,NA,NA,CDS,NA,ISNCY family transposase ISBcen27,NA,NA
NA,EBHIBJHK_04819,NA,NA,NA,CDS,NA,hypothetical protein,NA,NA
NA,EBHIBJHK_05012,NA,NA,NA,CDS,NA,hypothetical protein,NA,NA
NA,EBHIBJHK_04089,P64313,NA,NA,CDS,hchA_2,Protein/nucleic acid deglycase HchA,NA,NA
NA,EBHIBJHK_04948,NA,NA,NA,CDS,NA,hypothetical protein,NA,NA
NA,EBHIBJHK_02986,P0AA78,NA,NA,CDS,exuT_1,Hexuronate transporter,NA,NA
NA,EBHIBJHK_04573,NA,NA,NA,CDS,NA,hypothetical protein,NA,NA
NA,EBHIBJHK_04330,NA,NA,NA,CDS,NA,hypothetical protein,NA,NA
NA,EBHIBJHK_04575,NA,NA,NA,CDS,NA,hypothetical protein,NA,NA
NA,EBHIBJHK_03732,NA,NA,NA,CDS,NA,hypothetical protein,NA,NA
NA,EBHIBJHK_03733,NA,NA,NA,CDS,NA,hypothetical protein,NA,NA
NA,EBHIBJHK_04901,P0AA78,NA,NA,CDS,exuT_3,Hexuronate transporter,NA,NA
NA,EBHIBJHK_03341,A0A045JA56,NA,NA,CDS,NA,"Transposase, mutator type",NA,NA
NA,EBHIBJHK_03341,A0A077M1J9,NA,NA,CDS,NA,"Transposase, mutator type",NA,NA
NA,EBHIBJHK_03342,P22340,NA,NA,CDS,scrY,Sucrose porin,NA,NA
NA,EBHIBJHK_01964,A0A069JSN2,NA,NA,CDS,NA,Glycosyltransferase 2 family enzymes,NA,NA
NA,EBHIBJHK_03266,NA,NA,NA,tRNA,NA,tRNA-Thr(ggt),NA,NA
NA,EBHIBJHK_04913,NA,NA,NA,CDS,NA,hypothetical protein,NA,NA
NA,EBHIBJHK_04933,A0A076MNE0,NA,NA,CDS,NA,"HTH-type, TetR-like transcriptional regulator",NA,NA
NA,EBHIBJHK_04660,NA,NA,NA,CDS,NA,hypothetical protein,NA,NA
NA,EBHIBJHK_02088,NA,NA,NA,CDS,NA,hypothetical protein,NA,NA
NA,EBHIBJHK_04912,NA,NA,NA,CDS,NA,hypothetical protein,NA,NA
NA,EBHIBJHK_03149,NA,NA,NA,CDS,NA,hypothetical protein,NA,NA
NA,EBHIBJHK_04068,A0A068UGF6,NA,NA,CDS,NA,Glycosyltransferase 8 domain-containing,NA,NA
NA,EBHIBJHK_04745,A0A085A507,NA,NA,CDS,NA,"Type VI secretion system, lipoprotein SciN",NA,NA
NA,EBHIBJHK_04994,NA,NA,NA,CDS,NA,hypothetical protein,NA,NA
NA,EBHIBJHK_04914,NA,NA,NA,CDS,NA,hypothetical protein,NA,NA
NA,EBHIBJHK_04915,NA,NA,NA,CDS,NA,Tn3 family transposase Tn2,NA,NA
NA,EBHIBJHK_03866,NA,NA,NA,CDS,NA,hypothetical protein,NA,NA
NA,EBHIBJHK_03154,A0A024L0K8,NA,NA,CDS,NA,"Putative inner membrane exporter, YdcZ",NA,NA
NA,EBHIBJHK_03885,P69791,NA,NA,CDS,chbA_2,"PTS system N,N'-diacetylchitobiose-specific EIIA component",NA,NA
NA,EBHIBJHK_03345,NA,NA,NA,CDS,NA,hypothetical protein,NA,NA
NA,EBHIBJHK_04822,C7C422,NA,NA,CDS,blaNDM-1,Metallo-beta-lactamase type 2,NA,NA
NA,EBHIBJHK_04246,NA,NA,NA,CDS,NA,hypothetical protein,NA,NA
NA,EBHIBJHK_04779,P67430,NA,NA,CDS,nemR_2,HTH-type transcriptional repressor NemR,NA,NA
NA,EBHIBJHK_01912,NA,NA,NA,CDS,NA,hypothetical protein,NA,NA
NA,EBHIBJHK_04757,P13976,NA,NA,CDS,pemK,Endoribonuclease PemK,NA,NA
NA,EBHIBJHK_04093,A0A086MVD1,NA,NA,CDS,NA,4-carboxymuconolactone decarboxylase/NDH-1 regulator,NA,NA
NA,EBHIBJHK_04092,A0A011P6S1,NA,NA,CDS,lsrG_2,AI-2 Signaling Cycle Isomerase LsrG,NA,NA
NA,EBHIBJHK_04902,NA,NA,NA,CDS,NA,hypothetical protein,NA,NA
NA,EBHIBJHK_04096,P30130,NA,NA,CDS,fimD_2,Outer membrane usher protein FimD,NA,NA
NA,EBHIBJHK_04297,NA,NA,NA,CDS,NA,hypothetical protein,NA,NA
NA,EBHIBJHK_04956,NA,NA,NA,CDS,NA,hypothetical protein,NA,NA
NA,EBHIBJHK_04343,A0A068PC40,NA,NA,CDS,NA,Transposase 11-like,NA,NA
NA,EBHIBJHK_04993,P11902,NA,NA,CDS,pndA,Protein PndA,NA,NA
NA,EBHIBJHK_02985,P0ACN7,NA,NA,CDS,cytR_2,HTH-type transcriptional repressor CytR,NA,NA